{
"type": "FeatureCollection",
"name": "geojsonwilayah",
"crs": { "type": "name", "properties": { "name": "urn:ogc:def:crs:EPSG::32749" } },
"features": [
{ "type": "Feature", "properties": { "OBJECTID": 9178.0, "NAMOBJ": "Antirogo", "FCODE": "BA03070040", "REMARK": null, "METADATA": "TASWIL1000020221227_DATA_BATAS_DESAKELURAHAN", "SRS_ID": "SRGI 2013", "KDBBPS": null, "KDCBPS": null, "KDCPUM": "35.09.21", "KDEBPS": null, "KDEPUM": "35.09.21.1007", "KDPBPS": null, "KDPKAB": "35.09", "KDPPUM": "35", "LUASWH": 0.0, "TIPADM": 2, "WADMKC": "Sumbersari", "WADMKD": "Antirogo", "WADMKK": "Jember", "WADMPR": "Jawa Timur", "WIADKC": null, "WIADKK": null, "WIADPR": null, "WIADKD": null, "UUPP": "Data RBI Skala 1:25.000", "luas": 5.8712196367798484, "SHAPE_Leng": 0.12497666854931, "SHAPE_Area": 0.00048171986505300002, "area_kecam": null, "area_kec_1": null, "area_kec_2": null, "area_kec_3": null, "area_kec_4": null, "area_kec_5": null, "area_kec_6": null, "area_kec_7": null, "area_kec_8": null, "area_kec_9": null, "area_kec10": null, "area_kec11": null, "area_kec12": null, "area_kec13": null, "area_kec14": null, "area_kec15": null, "area_kec16": null, "area_kec17": null, "area_kec18": null, "area_kec19": null, "area_kec20": null, "area_kec21": null, "area_kec22": null, "area_kec23": null, "area_kec24": null, "area_kec25": null, "area_kec26": null, "area_kec27": null, "jml_pop": null, "luas_ha": 587, "kepadatan": 21, "Data_Penduduk_Jember_3Kecamatan_Kecamatan": "Sumbersari", "Data_Penduduk_Jember_3Kecamatan_Laki_Laki": "6030", "Data_Penduduk_Jember_3Kecamatan_Perempuan": "6234", "Data_Penduduk_Jember_3Kecamatan_Jumlah_Total": "12264" }, "geometry": { "type": "MultiPolygon", "coordinates": [ [ [ [ 803599.257719224318862, 9098886.000666005536914, 0.0 ], [ 803602.360951730282977, 9098880.860404770821333, 0.0 ], [ 803601.648781455587596, 9098872.635236017405987, 0.0 ], [ 803612.111813109833747, 9098867.62599354237318, 0.0 ], [ 803653.320975710870698, 9098849.568036030977964, 0.0 ], [ 803717.725426397519186, 9098817.525466673076153, 0.0 ], [ 803736.388907975051552, 9098812.460266234353185, 0.0 ], [ 803825.478604100877419, 9098782.948776284232736, 0.0 ], [ 803886.226064429618418, 9098763.04545895382762, 0.0 ], [ 803961.147544272476807, 9098743.572147995233536, 0.0 ], [ 803969.009355243761092, 9098741.938070796430111, 0.0 ], [ 804022.980582326184958, 9098728.928414875641465, 0.0 ], [ 804095.172587982146069, 9098586.774175664409995, 0.0 ], [ 804147.347706481581554, 9098589.380663808435202, 0.0 ], [ 804149.488879237440415, 9098566.650975078344345, 0.0 ], [ 804155.938902844209224, 9098550.476076481863856, 0.0 ], [ 804162.445467885583639, 9098542.530737914144993, 0.0 ], [ 804161.090592007152736, 9098536.285156760364771, 0.0 ], [ 804142.748254806152545, 9098492.297213776037097, 0.0 ], [ 804125.111486084293574, 9098455.547011932358146, 0.0 ], [ 804106.203065043315291, 9098424.730944689363241, 0.0 ], [ 804094.609657086199149, 9098388.058117024600506, 0.0 ], [ 804159.545937697170302, 9098358.196674076840281, 0.0 ], [ 804181.129672635812312, 9098348.502469900995493, 0.0 ], [ 804217.816015088697895, 9098340.680048037320375, 0.0 ], [ 804253.531690561561845, 9098334.839561296626925, 0.0 ], [ 804295.067407588707283, 9098309.465447042137384, 0.0 ], [ 804292.79365860694088, 9098299.519416853785515, 0.0 ], [ 804295.771896530641243, 9098296.489512130618095, 0.0 ], [ 804300.984250216628425, 9098291.186759985983372, 0.0 ], [ 804316.181524415151216, 9098292.498707538470626, 0.0 ], [ 804327.279970183968544, 9098284.521928656846285, 0.0 ], [ 804331.144162769895047, 9098273.96082385443151, 0.0 ], [ 804329.433088104007766, 9098259.949037794023752, 0.0 ], [ 804324.417115230578929, 9098249.645659418776631, 0.0 ], [ 804318.449894559103996, 9098240.468994423747063, 0.0 ], [ 804301.963466240675189, 9098228.071908414363861, 0.0 ], [ 804264.686437445459887, 9098207.762198543176055, 0.0 ], [ 804265.167062609340064, 9098219.764332128688693, 0.0 ], [ 804263.963152609532699, 9098235.574251238256693, 0.0 ], [ 804258.184961872640997, 9098254.049218194559216, 0.0 ], [ 804250.393436942948028, 9098265.95382459461689, 0.0 ], [ 804241.24498442420736, 9098271.283583641052246, 0.0 ], [ 804220.934971762588248, 9098275.372623635455966, 0.0 ], [ 804194.716148070525378, 9098278.844031095504761, 0.0 ], [ 804191.409013935248367, 9098274.915962260216475, 0.0 ], [ 804184.376210741465911, 9098250.453914888203144, 0.0 ], [ 804181.244552802992985, 9098227.580163944512606, 0.0 ], [ 804181.132071494823322, 9098211.121029796078801, 0.0 ], [ 804180.363515567732975, 9098194.666047209873796, 0.0 ], [ 804177.649465669644997, 9098181.516363311558962, 0.0 ], [ 804166.469941098825075, 9098177.642428381368518, 0.0 ], [ 804152.697853827499785, 9098178.394988894462585, 0.0 ], [ 804140.215301820309833, 9098175.846620736643672, 0.0 ], [ 804132.270703523186967, 9098165.366459336131811, 0.0 ], [ 804113.834378420142457, 9098155.616322325542569, 0.0 ], [ 804106.559573934413493, 9098147.106584213674068, 0.0 ], [ 804111.097745150211267, 9098139.174905586987734, 0.0 ], [ 804128.442333585117012, 9098126.653411177918315, 0.0 ], [ 804133.254414803930558, 9098117.296048803254962, 0.0 ], [ 804139.733897629426792, 9098105.400540858507156, 0.0 ], [ 804123.722235008142889, 9098089.708176335319877, 0.0 ], [ 804092.292769953142852, 9098075.437720578163862, 0.0 ], [ 804065.318722005700693, 9098064.429250434041023, 0.0 ], [ 804046.249210391193628, 9098057.97565159201622, 0.0 ], [ 804018.758664280641824, 9098067.381126839667559, 0.0 ], [ 804011.394277050625533, 9098068.000006685033441, 0.0 ], [ 804014.290702795609832, 9098053.496001208201051, 0.0 ], [ 803955.92442854505498, 9098066.069758467376232, 0.0 ], [ 803947.041400274029002, 9098057.275917084887624, 0.0 ], [ 803922.567737928708084, 9098026.452276557683945, 0.0 ], [ 803898.230267569888383, 9098015.550349742174149, 0.0 ], [ 803867.321033553453162, 9098011.334059750661254, 0.0 ], [ 803830.927955072838813, 9098011.582556074485183, 0.0 ], [ 803807.791688068537042, 9098015.061067184433341, 0.0 ], [ 803777.962634927826002, 9098007.516905834898353, 0.0 ], [ 803763.505140262190253, 9097989.906708497554064, 0.0 ], [ 803756.563371543772519, 9097942.361157830804586, 0.0 ], [ 803750.867969387909397, 9097915.836538400501013, 0.0 ], [ 803740.904865736374632, 9097910.3702685944736, 0.0 ], [ 803723.29017538507469, 9097914.917760172858834, 0.0 ], [ 803711.242214363999665, 9097927.175153190270066, 0.0 ], [ 803697.049047907348722, 9097948.301456889137626, 0.0 ], [ 803690.084801582968794, 9097954.137836460024118, 0.0 ], [ 803677.646350887953304, 9097976.875180531293154, 0.0 ], [ 803658.65336219407618, 9097981.613669255748391, 0.0 ], [ 803640.953977183904499, 9097983.709331437945366, 0.0 ], [ 803615.373499368317425, 9097984.542318651452661, 0.0 ], [ 803597.615836941171438, 9097978.079721726477146, 0.0 ], [ 803600.738717182888649, 9097955.014274429529905, 0.0 ], [ 803609.79738607944455, 9097936.516864664852619, 0.0 ], [ 803612.662582120858133, 9097894.794324863702059, 0.0 ], [ 803601.663423522026278, 9097869.262083381414413, 0.0 ], [ 803592.742754071252421, 9097854.934298321604729, 0.0 ], [ 803581.684435244649649, 9097850.582509851083159, 0.0 ], [ 803561.871594951837324, 9097856.251749942079186, 0.0 ], [ 803546.027048506774008, 9097871.131791476160288, 0.0 ], [ 803542.619886330561712, 9097879.492530884221196, 0.0 ], [ 803529.519860420026816, 9097901.511028558015823, 0.0 ], [ 803519.153649294516072, 9097920.675442256033421, 0.0 ], [ 803498.879671243019402, 9097930.031472574919462, 0.0 ], [ 803475.896336522419006, 9097926.895915906876326, 0.0 ], [ 803464.007042958517559, 9097915.125724837183952, 0.0 ], [ 803456.624768388690427, 9097890.815185206010938, 0.0 ], [ 803473.744880153797567, 9097871.241249809041619, 0.0 ], [ 803468.110046479734592, 9097853.570943083614111, 0.0 ], [ 803463.253407933982089, 9097788.302273884415627, 0.0 ], [ 803461.989043136476539, 9097783.671371771022677, 0.0 ], [ 803436.158212766284123, 9097775.734423214569688, 0.0 ], [ 803410.407373351394199, 9097751.549062002450228, 0.0 ], [ 803387.931818876881152, 9097726.683027742430568, 0.0 ], [ 803381.89291560347192, 9097706.972422927618027, 0.0 ], [ 803381.061740218428895, 9097681.300222771242261, 0.0 ], [ 803389.383506190730259, 9097650.95706201530993, 0.0 ], [ 803403.047692461055703, 9097634.403721025213599, 0.0 ], [ 803425.249054654501379, 9097619.10912873223424, 0.0 ], [ 803425.190668140770867, 9097610.550123531371355, 0.0 ], [ 803422.454488035757095, 9097594.108865976333618, 0.0 ], [ 803407.26713072322309, 9097579.727648589760065, 0.0 ], [ 803386.198274785885587, 9097568.678531961515546, 0.0 ], [ 803352.678263155277818, 9097559.689434384927154, 0.0 ], [ 803297.487395051401109, 9097547.556230088695884, 0.0 ], [ 803260.728002051124349, 9097544.514907451346517, 0.0 ], [ 803171.015729935606942, 9097487.140527952462435, 0.0 ], [ 803139.406027236022055, 9097469.579008335247636, 0.0 ], [ 803103.301564749330282, 9097456.593656323850155, 0.0 ], [ 803082.796068755094893, 9097451.20280528627336, 0.0 ], [ 803052.030149953905493, 9097441.931453114375472, 0.0 ], [ 803038.679574591806158, 9097446.762772234156728, 0.0 ], [ 803025.404585781972855, 9097462.654996238648891, 0.0 ], [ 803009.007572871749289, 9097482.518676619976759, 0.0 ], [ 802986.981675001326948, 9097485.039076797664165, 0.0 ], [ 802958.490863521350548, 9097463.110884997993708, 0.0 ], [ 802930.868423173087649, 9097453.027892004698515, 0.0 ], [ 802914.347615321865305, 9097454.7203902117908, 0.0 ], [ 802897.972205890342593, 9097477.744349934160709, 0.0 ], [ 802888.552339289919473, 9097481.759137539193034, 0.0 ], [ 802865.23716819146648, 9097333.514486154541373, 0.0 ], [ 802856.887522464734502, 9097263.451813848689198, 0.0 ], [ 802837.748564244247973, 9097188.985503708943725, 0.0 ], [ 802830.993429533671588, 9097121.874457813799381, 0.0 ], [ 802827.317205508938059, 9097044.471621084958315, 0.0 ], [ 802816.242487332900055, 9097036.646582154557109, 0.0 ], [ 802794.093058019643649, 9097020.995614437386394, 0.0 ], [ 802779.454958224203438, 9096952.358656687662005, 0.0 ], [ 802749.790114733623341, 9096873.552705261856318, 0.0 ], [ 802743.298723347950727, 9096845.154151955619454, 0.0 ], [ 802713.493917202809826, 9096745.807215632870793, 0.0 ], [ 802677.321707776980475, 9096636.232534732669592, 0.0 ], [ 802664.823364306474105, 9096650.539110817015171, 0.0 ], [ 802641.245027836994268, 9096656.230306668207049, 0.0 ], [ 802611.266734826844186, 9096646.953389605507255, 0.0 ], [ 802596.207704328000546, 9096632.044597564265132, 0.0 ], [ 802567.879196475958452, 9096633.817703988403082, 0.0 ], [ 802566.962803925620392, 9096614.862082170322537, 0.0 ], [ 802565.275612362893298, 9096598.281928626820445, 0.0 ], [ 802576.242465244606137, 9096590.30643748678267, 0.0 ], [ 802560.256413729861379, 9096554.861690755933523, 0.0 ], [ 802555.409277998725884, 9096536.722875714302063, 0.0 ], [ 802563.982578263850883, 9096524.02324578538537, 0.0 ], [ 802547.214769089594483, 9096489.374086491763592, 0.0 ], [ 802538.469300199300051, 9096476.792296566069126, 0.0 ], [ 802535.128358116839081, 9096467.860902996733785, 0.0 ], [ 802525.769531479105353, 9096442.24703367985785, 0.0 ], [ 802494.039482827764004, 9096349.102319993078709, 0.0 ], [ 802471.291751437354833, 9096284.075753789395094, 0.0 ], [ 802459.403102544602007, 9096272.305520823225379, 0.0 ], [ 802441.822539611486718, 9096195.392689269036055, 0.0 ], [ 802427.27414067229256, 9096178.373410977423191, 0.0 ], [ 802423.22619028261397, 9096161.941058734431863, 0.0 ], [ 802438.278054465423338, 9096156.571277, 0.0 ], [ 802451.995543077471666, 9096147.918614836409688, 0.0 ], [ 802459.276298410492018, 9096145.846122058108449, 0.0 ], [ 802438.457101898733526, 9096131.757541490718722, 0.0 ], [ 802387.556856712792069, 9096106.647519271820784, 0.0 ], [ 802359.965306624770164, 9096103.515221787616611, 0.0 ], [ 802337.917691859416664, 9096104.771924646571279, 0.0 ], [ 802298.44446760462597, 9096138.244927307590842, 0.0 ], [ 802257.762963736429811, 9096156.230665890499949, 0.0 ], [ 802241.266791123896837, 9096162.983749153092504, 0.0 ], [ 802199.505202399101108, 9096184.297170761972666, 0.0 ], [ 802169.866175270173699, 9096204.421256514266133, 0.0 ], [ 802156.685895978240296, 9096212.258535599336028, 0.0 ], [ 802151.194583083037287, 9096215.61629705503583, 0.0 ], [ 802132.462637031683698, 9096217.957339467480779, 0.0 ], [ 802088.329829124966636, 9096214.937167460098863, 0.0 ], [ 802066.259724138537422, 9096212.87369143217802, 0.0 ], [ 802022.390161152463406, 9096248.589623937383294, 0.0 ], [ 801999.330074135446921, 9096263.134821118786931, 0.0 ], [ 801990.545634100213647, 9096268.728546388447285, 0.0 ], [ 801974.071982124820352, 9096278.801744377240539, 0.0 ], [ 801938.926665775245056, 9096300.069855215027928, 0.0 ], [ 801910.360261305002496, 9096315.759218156337738, 0.0 ], [ 801871.906617518514395, 9096337.049632703885436, 0.0 ], [ 801854.465658471919596, 9096367.051583210006356, 0.0 ], [ 801859.177550038555637, 9096411.291675198823214, 0.0 ], [ 801889.771815392188728, 9096531.724686294794083, 0.0 ], [ 801941.198496438097209, 9096634.307283474132419, 0.0 ], [ 801950.178584225708619, 9096657.489122956991196, 0.0 ], [ 801947.04337560350541, 9096682.966780828312039, 0.0 ], [ 801917.539239977719262, 9096723.011872379109263, 0.0 ], [ 801889.092813939088956, 9096756.40917712636292, 0.0 ], [ 801874.937248945236206, 9096783.068477235734463, 0.0 ], [ 801858.89185635256581, 9096856.226080350577831, 0.0 ], [ 801853.753953609848395, 9096911.600827686488628, 0.0 ], [ 801841.916469340678304, 9096954.846300857141614, 0.0 ], [ 801834.384831441799179, 9096982.567257467657328, 0.0 ], [ 801834.437441430287436, 9096990.31458830460906, 0.0 ], [ 801824.56529234116897, 9096998.129202766343951, 0.0 ], [ 801799.261468256590888, 9097007.155390741303563, 0.0 ], [ 801778.361334549728781, 9097015.04464572109282, 0.0 ], [ 801718.788940905593336, 9097012.128891488537192, 0.0 ], [ 801690.12430889357347, 9097013.430029973387718, 0.0 ], [ 801631.955143948434852, 9097054.776440002024174, 0.0 ], [ 801576.209168523550034, 9097128.203117622062564, 0.0 ], [ 801519.120018342975527, 9097166.221361801028252, 0.0 ], [ 801464.461469988338649, 9097237.4266024120152, 0.0 ], [ 801441.498221679474227, 9097266.359146453440189, 0.0 ], [ 801405.429125603288412, 9097314.195770554244518, 0.0 ], [ 801375.90911857271567, 9097352.026817347854376, 0.0 ], [ 801312.547799306106754, 9097440.999584682285786, 0.0 ], [ 801285.750503282994032, 9097555.180705519393086, 0.0 ], [ 801282.532113203429617, 9097568.484008712694049, 0.0 ], [ 801261.076207334292121, 9097657.172671692445874, 0.0 ], [ 801262.298812625114806, 9097674.872835224494338, 0.0 ], [ 801270.220818994799629, 9097704.702777165919542, 0.0 ], [ 801281.368522795615718, 9097722.335833756253123, 0.0 ], [ 801300.258469672175124, 9097743.237049847841263, 0.0 ], [ 801323.589248094242066, 9097768.535242227837443, 0.0 ], [ 801371.384103153366596, 9097823.551109116524458, 0.0 ], [ 801392.577181454747915, 9097858.824905768036842, 0.0 ], [ 801411.497111254138872, 9097884.15296777151525, 0.0 ], [ 801430.327196039957926, 9097896.200012331828475, 0.0 ], [ 801423.920252542826347, 9097927.233726413920522, 0.0 ], [ 801409.756347665330395, 9097952.785906767472625, 0.0 ], [ 801356.05677301727701, 9098002.955275131389499, 0.0 ], [ 801278.200220233295113, 9098068.783169748261571, 0.0 ], [ 801100.6927378422115, 9098239.323182003572583, 0.0 ], [ 801018.446785191306844, 9098308.500628087669611, 0.0 ], [ 800947.221130660967901, 9098376.496215086430311, 0.0 ], [ 800906.626909911632538, 9098407.760802958160639, 0.0 ], [ 800881.389715864672326, 9098426.746771533042192, 0.0 ], [ 800839.640145996818319, 9098450.27122944034636, 0.0 ], [ 800802.451412745052949, 9098495.900785936042666, 0.0 ], [ 800754.399011792847887, 9098565.953197821974754, 0.0 ], [ 800710.712932765716687, 9098629.335079304873943, 0.0 ], [ 800695.400576900225133, 9098648.253847923129797, 0.0 ], [ 800710.825038675800897, 9098645.936118446290493, 0.0 ], [ 800733.939032367081381, 9098639.139196028932929, 0.0 ], [ 800752.567157546640374, 9098621.304910352453589, 0.0 ], [ 800772.238158814841881, 9098594.609161259606481, 0.0 ], [ 800799.688807213911787, 9098576.71513825468719, 0.0 ], [ 800841.505824242485687, 9098563.151177270337939, 0.0 ], [ 800892.227324358886108, 9098561.701663475483656, 0.0 ], [ 800931.980831986526027, 9098569.180525936186314, 0.0 ], [ 800967.427641126792878, 9098592.183397108688951, 0.0 ], [ 800978.575411817990243, 9098609.816777016967535, 0.0 ], [ 800978.680139633244835, 9098625.311110591515899, 0.0 ], [ 800956.818441856186837, 9098654.235369887202978, 0.0 ], [ 800922.937983553158119, 9098699.84264762699604, 0.0 ], [ 800911.083758898312226, 9098740.873905623331666, 0.0 ], [ 800916.792237922316417, 9098769.611714413389564, 0.0 ], [ 800935.771859474712983, 9098803.793797545135021, 0.0 ], [ 800964.617003670544364, 9098829.055245036259294, 0.0 ], [ 801001.062215249752626, 9098836.55648436024785, 0.0 ], [ 801023.028741900809109, 9098823.126563232392073, 0.0 ], [ 801043.682984333019704, 9098778.715401144698262, 0.0 ], [ 801057.62315026530996, 9098719.961341571062803, 0.0 ], [ 801072.890315817319788, 9098694.401974823325872, 0.0 ], [ 801111.181894954177551, 9098648.764702880755067, 0.0 ], [ 801151.866131688817404, 9098630.780942108482122, 0.0 ], [ 801182.692423440981656, 9098622.824702609330416, 0.0 ], [ 801208.116954435361549, 9098631.507168430835009, 0.0 ], [ 801221.462981458986178, 9098648.018863217905164, 0.0 ], [ 801230.480118982726708, 9098676.734316799789667, 0.0 ], [ 801240.734829252120107, 9098725.363856973126531, 0.0 ], [ 801257.860956624150276, 9098811.577703084796667, 0.0 ], [ 801277.170272984541953, 9098894.456311320886016, 0.0 ], [ 801296.35984400101006, 9098959.627304943278432, 0.0 ], [ 801331.176085358019918, 9099052.362287096679211, 0.0 ], [ 801363.876702263834886, 9099158.393096012994647, 0.0 ], [ 801396.420086781028658, 9099241.182252323254943, 0.0 ], [ 801423.239687070250511, 9099293.020181210711598, 0.0 ], [ 801438.761642075609416, 9099305.089902916923165, 0.0 ], [ 801497.211611417587847, 9099304.694497859105468, 0.0 ], [ 801533.634955378714949, 9099308.87523259408772, 0.0 ], [ 801551.362508386257105, 9099320.930003579705954, 0.0 ], [ 801570.275505050900392, 9099345.151474760845304, 0.0 ], [ 801580.448243557475507, 9099381.606816273182631, 0.0 ], [ 801589.637758062919602, 9099435.777507610619068, 0.0 ], [ 801599.862709705135785, 9099479.980056192725897, 0.0 ], [ 801614.43183374335058, 9099514.192072125151753, 0.0 ], [ 801634.425176842138171, 9099535.08564087189734, 0.0 ], [ 801652.108014101744629, 9099540.500171288847923, 0.0 ], [ 801673.009485882241279, 9099532.610942950472236, 0.0 ], [ 801714.677685954608023, 9099496.911726608872414, 0.0 ], [ 801759.541714195976965, 9099444.58866873383522, 0.0 ], [ 801792.244585065403953, 9099387.920698644593358, 0.0 ], [ 801811.983071366325021, 9099371.185106441378593, 0.0 ], [ 801831.82681069499813, 9099369.943813120946288, 0.0 ], [ 801848.436677620047703, 9099379.792590571567416, 0.0 ], [ 801856.291444202652201, 9099399.661491267383099, 0.0 ], [ 801856.553791207727045, 9099438.397561348974705, 0.0 ], [ 801850.304034318774939, 9099492.672980131581426, 0.0 ], [ 801839.657983440440148, 9099549.191751211881638, 0.0 ], [ 801842.185901707038283, 9099596.76683689840138, 0.0 ], [ 801852.358538510976359, 9099633.222207691520452, 0.0 ], [ 801878.091204223688692, 9099687.280953595414758, 0.0 ], [ 801894.776231633033603, 9099708.196983568370342, 0.0 ], [ 801941.327888797502965, 9099742.192313058301806, 0.0 ], [ 801979.004613148630597, 9099768.500482620671391, 0.0 ], [ 802000.026141233392991, 9099778.319273632019758, 0.0 ], [ 802012.179933975799941, 9099781.557342637330294, 0.0 ], [ 802045.205336364451796, 9099772.479259796440601, 0.0 ], [ 802062.708413172164001, 9099751.331540402024984, 0.0 ], [ 802080.061499160015956, 9099708.048877608031034, 0.0 ], [ 802106.087292089592665, 9099642.57147478312254, 0.0 ], [ 802135.436507673584856, 9099579.284988692030311, 0.0 ], [ 802151.851609064848162, 9099560.35827299579978, 0.0 ], [ 802183.849023407557979, 9099562.354972591623664, 0.0 ], [ 802229.200612809043378, 9099581.969890959560871, 0.0 ], [ 802272.128934715408832, 9099569.50392515398562, 0.0 ], [ 802306.061872503836639, 9099531.642751138657331, 0.0 ], [ 802323.475998260779306, 9099493.591639263555408, 0.0 ], [ 802323.846125475363806, 9099492.469158407300711, 0.0 ], [ 802329.401370007311925, 9099480.6446169950068, 0.0 ], [ 802345.186140361474827, 9099446.153708916157484, 0.0 ], [ 802350.162837810814381, 9099444.220681181177497, 0.0 ], [ 802373.922082231147215, 9099427.39341938868165, 0.0 ], [ 802374.882544880965725, 9099414.218971770256758, 0.0 ], [ 802383.768894989625551, 9099408.891421359032393, 0.0 ], [ 802380.919673342839815, 9099375.727668579667807, 0.0 ], [ 802387.710333833703771, 9099370.941059406846762, 0.0 ], [ 802431.782026221975684, 9099368.535107932984829, 0.0 ], [ 802462.654168261447921, 9099354.630932936444879, 0.0 ], [ 802522.20619821595028, 9099313.142706979066133, 0.0 ], [ 802584.285772061091848, 9099257.415682554244995, 0.0 ], [ 802654.169606545008719, 9099191.628134101629257, 0.0 ], [ 802710.482669859891757, 9099136.993663776665926, 0.0 ], [ 802754.817903445800766, 9099096.134947935119271, 0.0 ], [ 802761.579858144745231, 9099087.134847514331341, 0.0 ], [ 802789.728167524561286, 9099097.214584425091743, 0.0 ], [ 802807.845479415962473, 9099098.671638431027532, 0.0 ], [ 802816.558750174473971, 9099106.513116639107466, 0.0 ], [ 802833.257605710299686, 9099130.891974298283458, 0.0 ], [ 802859.077915789559484, 9099154.654434349387884, 0.0 ], [ 802867.050549831939861, 9099150.414419129490852, 0.0 ], [ 802873.645003567682579, 9099147.04906989634037, 0.0 ], [ 802953.903813226381317, 9099109.978978283703327, 0.0 ], [ 803028.501180368708447, 9099072.729716304689646, 0.0 ], [ 803044.664926201570779, 9099057.673025228083134, 0.0 ], [ 803049.423254327150062, 9099047.316926453262568, 0.0 ], [ 803049.99256536946632, 9099038.46447261236608, 0.0 ], [ 803047.210681025171652, 9099030.687608504667878, 0.0 ], [ 803047.180587242357433, 9099026.263577995821834, 0.0 ], [ 803045.175017281901091, 9099009.21160196326673, 0.0 ], [ 803048.076809891150333, 9099003.713726684451103, 0.0 ], [ 803058.104797662235796, 9098996.482261151075363, 0.0 ], [ 803076.721445526578464, 9098986.45334854349494, 0.0 ], [ 803089.911468455800787, 9098981.096098057925701, 0.0 ], [ 803111.268319537397474, 9098972.734188891947269, 0.0 ], [ 803123.402927115326747, 9098966.541716510429978, 0.0 ], [ 803173.017809712095186, 9098945.767223769798875, 0.0 ], [ 803213.214462436968461, 9098929.270717207342386, 0.0 ], [ 803298.438785827369429, 9098896.665700539946556, 0.0 ], [ 803317.94381946651265, 9098895.880423299968243, 0.0 ], [ 803352.68666064448189, 9098881.864285605028272, 0.0 ], [ 803362.101369515061378, 9098877.05970604531467, 0.0 ], [ 803399.560205065878108, 9098886.285500107333064, 0.0 ], [ 803423.527003037859686, 9098877.910941317677498, 0.0 ], [ 803500.643048596102744, 9098933.286876004189253, 0.0 ], [ 803599.257719224318862, 9098886.000666005536914, 0.0 ] ] ] ] } },
{ "type": "Feature", "properties": { "OBJECTID": 9512.0, "NAMOBJ": "Banjarsengon", "FCODE": "BA03070040", "REMARK": null, "METADATA": "TASWIL1000020221227_DATA_BATAS_DESAKELURAHAN", "SRS_ID": "SRGI 2013", "KDBBPS": null, "KDCBPS": null, "KDCPUM": "35.09.20", "KDEBPS": null, "KDEPUM": "35.09.20.1001", "KDPBPS": null, "KDPKAB": "35.09", "KDPPUM": "35", "LUASWH": 0.0, "TIPADM": 2, "WADMKC": "Patrang", "WADMKD": "Banjarsengon", "WADMKK": "Jember", "WADMPR": "Jawa Timur", "WIADKC": null, "WIADKK": null, "WIADPR": null, "WIADKD": null, "UUPP": "Data RBI Skala 1:25.000", "luas": 4.1635060240265407, "SHAPE_Leng": 0.117763580471528, "SHAPE_Area": 0.00034159076749299999, "area_kecam": null, "area_kec_1": null, "area_kec_2": null, "area_kec_3": null, "area_kec_4": null, "area_kec_5": null, "area_kec_6": null, "area_kec_7": null, "area_kec_8": null, "area_kec_9": null, "area_kec10": null, "area_kec11": null, "area_kec12": null, "area_kec13": null, "area_kec14": null, "area_kec15": null, "area_kec16": null, "area_kec17": null, "area_kec18": null, "area_kec19": null, "area_kec20": null, "area_kec21": null, "area_kec22": null, "area_kec23": null, "area_kec24": null, "area_kec25": null, "area_kec26": null, "area_kec27": null, "jml_pop": null, "luas_ha": 416, "kepadatan": 10, "Data_Penduduk_Jember_3Kecamatan_Kecamatan": "Patrang", "Data_Penduduk_Jember_3Kecamatan_Laki_Laki": "2115", "Data_Penduduk_Jember_3Kecamatan_Perempuan": "2212", "Data_Penduduk_Jember_3Kecamatan_Jumlah_Total": "4327" }, "geometry": { "type": "MultiPolygon", "coordinates": [ [ [ [ 795032.604235681705177, 9102021.84069456346333, 0.0 ], [ 795049.891680382890627, 9101967.496560890227556, 0.0 ], [ 795078.295492499601096, 9101926.359756035730243, 0.0 ], [ 795116.566137385438196, 9101876.30385759100318, 0.0 ], [ 795135.080350530333817, 9101840.765751853585243, 0.0 ], [ 795132.772458312800154, 9101825.286657633259892, 0.0 ], [ 795115.696436201804318, 9101744.607763297855854, 0.0 ], [ 795118.822111477609724, 9101716.918554596602917, 0.0 ], [ 795126.154672761447728, 9101658.213107082992792, 0.0 ], [ 795127.155058572418056, 9101642.712162984535098, 0.0 ], [ 795135.568244170863181, 9101580.679129121825099, 0.0 ], [ 795132.011392468470149, 9101543.073520006611943, 0.0 ], [ 795125.817165944725275, 9101440.187880735844374, 0.0 ], [ 795127.854653944727033, 9101414.719324644654989, 0.0 ], [ 795139.781150579219684, 9101383.651955241337419, 0.0 ], [ 795164.714739008923061, 9101318.18938865326345, 0.0 ], [ 795165.502959227887914, 9101270.594410384073853, 0.0 ], [ 795158.608063593739644, 9101228.584125498309731, 0.0 ], [ 795151.727793778176419, 9101188.786781158298254, 0.0 ], [ 795152.633236906025559, 9101158.899071147665381, 0.0 ], [ 795156.781193848000839, 9101119.028946328908205, 0.0 ], [ 795155.517326891422272, 9101094.689156569540501, 0.0 ], [ 795139.807265116949566, 9101053.843665393069386, 0.0 ], [ 795124.089794262545183, 9101011.89126643538475, 0.0 ], [ 795120.517874920973554, 9100972.072507876902819, 0.0 ], [ 795121.386704240459949, 9100936.651017559692264, 0.0 ], [ 795127.813397537567653, 9100907.833327101543546, 0.0 ], [ 795136.4018115545623, 9100872.361018775030971, 0.0 ], [ 795147.210356976138428, 9100839.087170450016856, 0.0 ], [ 795150.372569046681747, 9100816.931594187393785, 0.0 ], [ 795149.152563868905418, 9100799.231948353350163, 0.0 ], [ 795160.842069829581305, 9100565.632701341062784, 0.0 ], [ 795174.578421867918223, 9100474.789221413433552, 0.0 ], [ 795196.253732890821993, 9100417.095265137031674, 0.0 ], [ 795216.833706226665527, 9100360.515486968681216, 0.0 ], [ 795222.157218305859715, 9100331.70491593144834, 0.0 ], [ 795214.108153234934434, 9100281.954888705164194, 0.0 ], [ 795210.696995268692262, 9100266.482994535937905, 0.0 ], [ 795216.086725998204201, 9100247.632861891761422, 0.0 ], [ 795230.305965238949284, 9100229.830811008810997, 0.0 ], [ 795250.053850649739616, 9100214.205860819667578, 0.0 ], [ 795255.494386827223934, 9100203.102449467405677, 0.0 ], [ 795266.383325171424076, 9100182.002199422568083, 0.0 ], [ 795276.90594074735418, 9100105.56768156401813, 0.0 ], [ 795280.126308351638727, 9100092.265477146953344, 0.0 ], [ 795298.771417557261884, 9100076.647668544203043, 0.0 ], [ 795316.328149815555662, 9100063.250314386561513, 0.0 ], [ 795325.062599646858871, 9100049.911589987576008, 0.0 ], [ 795324.981991226435639, 9100037.738196125254035, 0.0 ], [ 795325.857719246298075, 9100003.423431396484375, 0.0 ], [ 795325.740460956702009, 9099985.71624363027513, 0.0 ], [ 795344.253244451479986, 9099950.177933089435101, 0.0 ], [ 795380.213114144164138, 9099884.642134565860033, 0.0 ], [ 795398.696685168659315, 9099844.67677740380168, 0.0 ], [ 795400.85828192171175, 9099838.022007845342159, 0.0 ], [ 795408.394645532825962, 9099810.303649490699172, 0.0 ], [ 795409.940293879713863, 9099710.686548072844744, 0.0 ], [ 795409.602966461796314, 9099659.778885977342725, 0.0 ], [ 795415.985019512940198, 9099624.320636719465256, 0.0 ], [ 795441.011755061801523, 9099573.244869831949472, 0.0 ], [ 795464.95763841283042, 9099525.496238682419062, 0.0 ], [ 795476.882757299346849, 9099494.4281817805022, 0.0 ], [ 795479.993024171562865, 9099464.525628965348005, 0.0 ], [ 795478.824208754813299, 9099454.57280663587153, 0.0 ], [ 795470.701297370367683, 9099393.75582742318511, 0.0 ], [ 795472.65005540382117, 9099355.006923565641046, 0.0 ], [ 795475.848225379828364, 9099338.384471887722611, 0.0 ], [ 795504.322518878616393, 9099308.31350564584136, 0.0 ], [ 795520.746700247749686, 9099290.496816042810678, 0.0 ], [ 795536.053518297849223, 9099270.474040484055877, 0.0 ], [ 795543.677339671994559, 9099256.035706985741854, 0.0 ], [ 795578.526053255423903, 9099189.399848598986864, 0.0 ], [ 795601.236525328364223, 9099121.737939778715372, 0.0 ], [ 795611.985261795576662, 9099079.610473416745663, 0.0 ], [ 795640.158038007095456, 9099004.1649399548769, 0.0 ], [ 795649.833279496524483, 9098966.471209285780787, 0.0 ], [ 795651.745013699866831, 9098922.188977954909205, 0.0 ], [ 795642.460057481424883, 9098852.525617903098464, 0.0 ], [ 795637.519944262225181, 9098772.872946500778198, 0.0 ], [ 795642.769416229217313, 9098732.995199514552951, 0.0 ], [ 795653.561983319465071, 9098697.507845442742109, 0.0 ], [ 795664.471979872789234, 9098679.727391246706247, 0.0 ], [ 795684.196971915429458, 9098660.781877046450973, 0.0 ], [ 795724.859585740254261, 9098639.483593165874481, 0.0 ], [ 795756.795599581440911, 9098632.631019739434123, 0.0 ], [ 795811.765055240481161, 9098606.810735506936908, 0.0 ], [ 795819.45500961842481, 9098602.332665296271443, 0.0 ], [ 795828.218318317085505, 9098593.42047911696136, 0.0 ], [ 795898.405565749621019, 9098534.296668361872435, 0.0 ], [ 795918.122940989444032, 9098514.244188452139497, 0.0 ], [ 795930.11337081878446, 9098493.136307315900922, 0.0 ], [ 795938.457420800812542, 9098421.142195949330926, 0.0 ], [ 795942.603726219502278, 9098381.271747805178165, 0.0 ], [ 795944.640028295107186, 9098355.802922429516912, 0.0 ], [ 795951.991460646037012, 9098300.416923148557544, 0.0 ], [ 795972.561233258806169, 9098242.729193665087223, 0.0 ], [ 795985.639784791273996, 9098219.400531560182571, 0.0 ], [ 796010.841293592820875, 9098194.884597636759281, 0.0 ], [ 796038.277734018862247, 9098174.780654245987535, 0.0 ], [ 796070.184077995363623, 9098163.500823087990284, 0.0 ], [ 796092.20241213357076, 9098157.820601370185614, 0.0 ], [ 796102.075575937400572, 9098150.007565937936306, 0.0 ], [ 796165.621048615314066, 9097921.594694279134274, 0.0 ], [ 796177.375487541081384, 9097865.072250228375196, 0.0 ], [ 796181.292737492010929, 9097790.893761767074466, 0.0 ], [ 796175.558172282180749, 9097757.729689411818981, 0.0 ], [ 796158.803280817344785, 9097725.745406925678253, 0.0 ], [ 796153.333752426900901, 9097732.422314528375864, 0.0 ], [ 796103.093563040252775, 9097805.802271587774158, 0.0 ], [ 796084.943304968299344, 9097895.56957378052175, 0.0 ], [ 796061.940186558756977, 9097918.964246843010187, 0.0 ], [ 796027.924366110586561, 9097944.64588694088161, 0.0 ], [ 795991.629276742925867, 9097959.275175208225846, 0.0 ], [ 795897.064968726714142, 9098000.853761082515121, 0.0 ], [ 795867.408406213158742, 9098018.758902622386813, 0.0 ], [ 795843.213970904238522, 9098028.880368931218982, 0.0 ], [ 795831.076450646622106, 9098027.854315552860498, 0.0 ], [ 795807.896588757401332, 9098024.68806260637939, 0.0 ], [ 795779.232402788009495, 9098025.9854571595788, 0.0 ], [ 795738.533571693580598, 9098041.750395219773054, 0.0 ], [ 795712.155675501213409, 9098055.206522651016712, 0.0 ], [ 795669.236601211130619, 9098068.772644750773907, 0.0 ], [ 795660.436646762304008, 9098072.151456650346518, 0.0 ], [ 795612.018609845545143, 9098087.96753522567451, 0.0 ], [ 795576.884698666399345, 9098111.442639496177435, 0.0 ], [ 795568.055441183969378, 9098110.394315095618367, 0.0 ], [ 795480.879390154499561, 9098102.119269143790007, 0.0 ], [ 795452.082740432117134, 9098083.49605144187808, 0.0 ], [ 795395.607513296883553, 9098048.455093495547771, 0.0 ], [ 795332.486524306470528, 9098009.031454818323255, 0.0 ], [ 795232.974937404273078, 9097969.848900893703103, 0.0 ], [ 795176.529347939649597, 9097939.234867323189974, 0.0 ], [ 795110.320649174274877, 9097933.033608527854085, 0.0 ], [ 795054.014672685880214, 9097923.446260062977672, 0.0 ], [ 794985.395142642781138, 9097886.272230222821236, 0.0 ], [ 794948.122022923547775, 9097919.721396688371897, 0.0 ], [ 794936.189928242587484, 9097949.682440282776952, 0.0 ], [ 794917.743930623284541, 9097995.180989269167185, 0.0 ], [ 794866.567749728215858, 9098094.01995050162077, 0.0 ], [ 794819.611561312456615, 9098164.055418625473976, 0.0 ], [ 794788.969207239104435, 9098199.673880729824305, 0.0 ], [ 794748.475354429800063, 9098246.425247497856617, 0.0 ], [ 794675.191757390042767, 9098337.662757931277156, 0.0 ], [ 794636.881282204994932, 9098381.079056855291128, 0.0 ], [ 794629.257354125147685, 9098395.517194803804159, 0.0 ], [ 794628.227626074571162, 9098406.591369623318315, 0.0 ], [ 794615.456221449421719, 9098476.40013980306685, 0.0 ], [ 794616.661502013797872, 9098491.886354839429259, 0.0 ], [ 794618.962214663857594, 9098506.258917387574911, 0.0 ], [ 794628.989309633034281, 9098521.686755936592817, 0.0 ], [ 794644.515869305003434, 9098534.864729108288884, 0.0 ], [ 794678.862308112671599, 9098558.985731663182378, 0.0 ], [ 794687.801658772979863, 9098576.634460341185331, 0.0 ], [ 794731.578294626902789, 9098692.552063146606088, 0.0 ], [ 794727.291769126080908, 9098711.394734343513846, 0.0 ], [ 794709.830703547690064, 9098739.178814390674233, 0.0 ], [ 794674.90860591083765, 9098794.746820343658328, 0.0 ], [ 794625.965157458675094, 9098897.9968236759305, 0.0 ], [ 794612.02448951639235, 9098957.852863237261772, 0.0 ], [ 794576.504079270642251, 9099089.78926344960928, 0.0 ], [ 794565.67395749501884, 9099119.742718107998371, 0.0 ], [ 794570.275272285798565, 9099148.487297775223851, 0.0 ], [ 794585.167356699006632, 9099232.500711163505912, 0.0 ], [ 794585.481957090785727, 9099280.088242845609784, 0.0 ], [ 794595.52375521720387, 9099297.729731442406774, 0.0 ], [ 794625.642641513608396, 9099349.54728483967483, 0.0 ], [ 794648.085936897201464, 9099408.055889066308737, 0.0 ], [ 794682.586550549371168, 9099455.417424943298101, 0.0 ], [ 794691.643033388187177, 9099490.772873148322105, 0.0 ], [ 794694.082734215422533, 9099526.172513127326965, 0.0 ], [ 794688.883551504695788, 9099573.796528030186892, 0.0 ], [ 794678.060583618469536, 9099604.856566578149796, 0.0 ], [ 794656.421898714266717, 9099668.083417650312185, 0.0 ], [ 794640.304363940143958, 9099732.380705446004868, 0.0 ], [ 794618.49731547688134, 9099770.153811037540436, 0.0 ], [ 794607.600977567024529, 9099790.147153222933412, 0.0 ], [ 794596.653441275004297, 9099802.393350964412093, 0.0 ], [ 794590.197696710121818, 9099826.784393597394228, 0.0 ], [ 794578.48389078094624, 9099889.945665121078491, 0.0 ], [ 794569.851660469314083, 9099918.777680579572916, 0.0 ], [ 794555.639678937382996, 9099937.686156410723925, 0.0 ], [ 794522.8628748630872, 9099984.385371349751949, 0.0 ], [ 794518.561343576642685, 9100001.014792192727327, 0.0 ], [ 794498.068823872716166, 9100070.874361597001553, 0.0 ], [ 794488.53827115893364, 9100130.700920874252915, 0.0 ], [ 794487.676592720090412, 9100167.228827374055982, 0.0 ], [ 794495.710325971012935, 9100214.76534566655755, 0.0 ], [ 794496.856958461343311, 9100221.398179156705737, 0.0 ], [ 794515.290749205043539, 9100340.803863165900111, 0.0 ], [ 794503.430253795348108, 9100381.83119959384203, 0.0 ], [ 794491.438245013472624, 9100402.938185354694724, 0.0 ], [ 794472.770990696502849, 9100415.235682865604758, 0.0 ], [ 794444.25155478483066, 9100438.665408693253994, 0.0 ], [ 794435.567790256347507, 9100459.750312397256494, 0.0 ], [ 794427.015676950104535, 9100500.755871998146176, 0.0 ], [ 794407.82965412735939, 9100601.595273211598396, 0.0 ], [ 794396.838114809361286, 9100607.201558120548725, 0.0 ], [ 794347.321414010366425, 9100624.128943853080273, 0.0 ], [ 794340.814071980072185, 9100640.772958993911743, 0.0 ], [ 794339.842643361771479, 9100660.700437799096107, 0.0 ], [ 794348.840256759198382, 9100687.202896984294057, 0.0 ], [ 794362.241801193915308, 9100712.569137960672379, 0.0 ], [ 794384.465819084900431, 9100737.877524185925722, 0.0 ], [ 794392.30225859885104, 9100755.533451845869422, 0.0 ], [ 794421.624922797549516, 9100853.839388379827142, 0.0 ], [ 794425.115831623552367, 9100881.484798738732934, 0.0 ], [ 794423.11457327590324, 9100912.486408803611994, 0.0 ], [ 794422.12853690830525, 9100930.200527502223849, 0.0 ], [ 794413.47389469249174, 9100955.712568540126085, 0.0 ], [ 794391.891952001256868, 9101027.792505454272032, 0.0 ], [ 794398.778715619933791, 9101068.696204889565706, 0.0 ], [ 794402.422917609801516, 9101119.58187903277576, 0.0 ], [ 794395.9957140320912, 9101148.399189541116357, 0.0 ], [ 794371.302047627745196, 9101250.381576083600521, 0.0 ], [ 794357.767585457651876, 9101372.211211683228612, 0.0 ], [ 794344.774482400389388, 9101408.819103458896279, 0.0 ], [ 794328.55297414935194, 9101457.622084643691778, 0.0 ], [ 794324.251049236976542, 9101474.251406291499734, 0.0 ], [ 794309.117720032576472, 9101520.834063030779362, 0.0 ], [ 794284.28487590700388, 9101601.788826495409012, 0.0 ], [ 794255.149899161886424, 9101699.372952625155449, 0.0 ], [ 794227.066558392718434, 9101789.203305125236511, 0.0 ], [ 794221.7709853106644, 9101822.439984168857336, 0.0 ], [ 794202.5465259605553, 9101917.745268892496824, 0.0 ], [ 794212.930990345426835, 9101987.401161056011915, 0.0 ], [ 794218.561730353161693, 9102005.07189816981554, 0.0 ], [ 794226.514699164312333, 9102040.43470917083323, 0.0 ], [ 794227.799647366860881, 9102068.094518510624766, 0.0 ], [ 794216.112723275786266, 9102135.681895233690739, 0.0 ], [ 794208.633181710261852, 9102172.253336310386658, 0.0 ], [ 794204.33833929640241, 9102189.98917612619698, 0.0 ], [ 794204.72431116970256, 9102248.643569238483906, 0.0 ], [ 794189.772257218952291, 9102322.892770802602172, 0.0 ], [ 794182.751392049016431, 9102429.185056772083044, 0.0 ], [ 794186.205538075650111, 9102451.296825971454382, 0.0 ], [ 794199.949325445108116, 9102528.677528601139784, 0.0 ], [ 794209.041188434464857, 9102614.20626250654459, 0.0 ], [ 794210.53014705539681, 9102628.213760539889336, 0.0 ], [ 794238.974996812874451, 9102760.834306329488754, 0.0 ], [ 794248.653917348012328, 9102796.945126548409462, 0.0 ], [ 794263.849280508235097, 9102853.636064933612943, 0.0 ], [ 794283.622476273216307, 9102876.903515707701445, 0.0 ], [ 794340.543535602395423, 9102943.883531639352441, 0.0 ], [ 794374.841460217023268, 9102960.258985234424472, 0.0 ], [ 794455.554338651942089, 9102990.716310316696763, 0.0 ], [ 794510.74852044810541, 9102998.100319320335984, 0.0 ], [ 794544.929922205395997, 9102996.768387489020824, 0.0 ], [ 794559.041437890613452, 9102962.366779331117868, 0.0 ], [ 794583.056615383015014, 9102924.579979944974184, 0.0 ], [ 794616.924852689029649, 9102875.660498183220625, 0.0 ], [ 794617.896542750531808, 9102855.733008285984397, 0.0 ], [ 794622.096645477460697, 9102823.609968356788158, 0.0 ], [ 794631.869343190221116, 9102800.304316464811563, 0.0 ], [ 794651.698965694755316, 9102796.853519480675459, 0.0 ], [ 794674.793432515813038, 9102786.740693895146251, 0.0 ], [ 794691.23428181395866, 9102771.138232700526714, 0.0 ], [ 794698.815787769155577, 9102750.060231035575271, 0.0 ], [ 794692.11114699835889, 9102736.823587987571955, 0.0 ], [ 794670.938126047607511, 9102703.761262116953731, 0.0 ], [ 794676.313902482157573, 9102682.697792930528522, 0.0 ], [ 794692.638045931584202, 9102649.388339415192604, 0.0 ], [ 794717.726673109922558, 9102607.166916074231267, 0.0 ], [ 794714.671044636052102, 9102579.326007109135389, 0.0 ], [ 794714.206525107263587, 9102575.094812739640474, 0.0 ], [ 794712.979813876794651, 9102556.288632268086076, 0.0 ], [ 794711.825801843544468, 9102548.548984913155437, 0.0 ], [ 794716.076896800543182, 9102524.172925814986229, 0.0 ], [ 794727.010630871169269, 9102509.713215809315443, 0.0 ], [ 794814.662631216458976, 9102421.703529953956604, 0.0 ], [ 794849.851759643177502, 9102405.977009626105428, 0.0 ], [ 794945.464179060421884, 9102354.436836229637265, 0.0 ], [ 794968.485253699705936, 9102333.25687706656754, 0.0 ], [ 794978.265013804892078, 9102311.057738596573472, 0.0 ], [ 794996.58268984220922, 9102245.639415735378861, 0.0 ], [ 795009.56130417319946, 9102206.81798579916358, 0.0 ], [ 795013.62216295581311, 9102153.667699174955487, 0.0 ], [ 795032.604235681705177, 9102021.84069456346333, 0.0 ] ] ] ] } },
{ "type": "Feature", "properties": { "OBJECTID": 9570.0, "NAMOBJ": "Baratan", "FCODE": "BA03070040", "REMARK": null, "METADATA": "TASWIL1000020221227_DATA_BATAS_DESAKELURAHAN", "SRS_ID": "SRGI 2013", "KDBBPS": null, "KDCBPS": null, "KDCPUM": "35.09.20", "KDEBPS": null, "KDEPUM": "35.09.20.1008", "KDPBPS": null, "KDPKAB": "35.09", "KDPPUM": "35", "LUASWH": 0.0, "TIPADM": 2, "WADMKC": "Patrang", "WADMKD": "Baratan", "WADMKK": "Jember", "WADMPR": "Jawa Timur", "WIADKC": null, "WIADKK": null, "WIADPR": null, "WIADKD": null, "UUPP": "Data RBI Skala 1:25.000", "luas": 4.0505941929897702, "SHAPE_Leng": 0.108624580215755, "SHAPE_Area": 0.00033232791170500001, "area_kecam": null, "area_kec_1": null, "area_kec_2": null, "area_kec_3": null, "area_kec_4": null, "area_kec_5": null, "area_kec_6": null, "area_kec_7": null, "area_kec_8": null, "area_kec_9": null, "area_kec10": null, "area_kec11": null, "area_kec12": null, "area_kec13": null, "area_kec14": null, "area_kec15": null, "area_kec16": null, "area_kec17": null, "area_kec18": null, "area_kec19": null, "area_kec20": null, "area_kec21": null, "area_kec22": null, "area_kec23": null, "area_kec24": null, "area_kec25": null, "area_kec26": null, "area_kec27": null, "jml_pop": null, "luas_ha": 405, "kepadatan": 30, "Data_Penduduk_Jember_3Kecamatan_Kecamatan": "Patrang", "Data_Penduduk_Jember_3Kecamatan_Laki_Laki": "5952", "Data_Penduduk_Jember_3Kecamatan_Perempuan": "6169", "Data_Penduduk_Jember_3Kecamatan_Jumlah_Total": "12121" }, "geometry": { "type": "MultiPolygon", "coordinates": [ [ [ [ 801369.985122769605368, 9100551.802012721076608, 0.0 ], [ 801387.548548881197348, 9100539.508698927238584, 0.0 ], [ 801407.355391610879451, 9100532.734178656712174, 0.0 ], [ 801419.531588526908308, 9100539.292685195803642, 0.0 ], [ 801430.687161080539227, 9100558.032899785786867, 0.0 ], [ 801438.182321787113324, 9100584.893243815749884, 0.0 ], [ 801440.859706963412464, 9100594.488196931779385, 0.0 ], [ 801441.331103347009048, 9100607.242776961997151, 0.0 ], [ 801442.209252363536507, 9100631.00320041552186, 0.0 ], [ 801442.310783893335611, 9100646.035731136798859, 0.0 ], [ 801442.517103128368035, 9100676.583663428202271, 0.0 ], [ 801442.666501335101202, 9100698.704427061602473, 0.0 ], [ 801442.881977299228311, 9100730.609997924417257, 0.0 ], [ 801446.987155967159197, 9100759.861998768523335, 0.0 ], [ 801460.262058407417499, 9100854.453160624951124, 0.0 ], [ 801469.159740453818813, 9100865.460990495979786, 0.0 ], [ 801480.278110206127167, 9100878.667185379192233, 0.0 ], [ 801485.926987749058753, 9100898.551509281620383, 0.0 ], [ 801485.657869878457859, 9100914.409224377945065, 0.0 ], [ 801485.31963925762102, 9100934.34006729722023, 0.0 ], [ 801485.138015457894653, 9100945.042087627574801, 0.0 ], [ 801483.418031515087932, 9101016.995047323405743, 0.0 ], [ 801489.081852435600013, 9101039.092858286574483, 0.0 ], [ 801497.957143260049634, 9101046.780140349641442, 0.0 ], [ 801515.610586620634422, 9101047.767949445173144, 0.0 ], [ 801547.586435247212648, 9101046.445002879947424, 0.0 ], [ 801592.826677828095853, 9101049.460054649040103, 0.0 ], [ 801615.867413896368816, 9101031.59573988802731, 0.0 ], [ 801647.70868874352891, 9101010.351573524996638, 0.0 ], [ 801700.541919089620933, 9100994.4994987398386, 0.0 ], [ 801721.459118895698339, 9100988.824184248223901, 0.0 ], [ 801729.164274177514017, 9100986.558527072891593, 0.0 ], [ 801755.528518033912405, 9100970.885237762704492, 0.0 ], [ 801761.005482425913215, 9100965.314140278846025, 0.0 ], [ 801768.680711781606078, 9100958.621500322595239, 0.0 ], [ 801813.8087334765587, 9100945.035035416483879, 0.0 ], [ 801921.673282392323017, 9100912.208554273471236, 0.0 ], [ 801961.286892817122862, 9100898.659201640635729, 0.0 ], [ 801968.992032892070711, 9100896.393493810668588, 0.0 ], [ 802084.561600813874975, 9100861.30093926563859, 0.0 ], [ 802099.971868405002169, 9100856.7694709636271, 0.0 ], [ 802153.900301616988145, 9100839.802424458786845, 0.0 ], [ 802246.35435000481084, 9100811.506709838286042, 0.0 ], [ 802260.661727985367179, 9100806.982642186805606, 0.0 ], [ 802274.954115772852674, 9100800.245073672384024, 0.0 ], [ 802276.111978407017887, 9100799.693241748958826, 0.0 ], [ 802291.444752062903717, 9100792.385814221575856, 0.0 ], [ 802281.466430504340678, 9100784.705685840919614, 0.0 ], [ 802257.060840357095003, 9100763.841892153024673, 0.0 ], [ 802245.934696544660255, 9100749.528853945434093, 0.0 ], [ 802243.639024960109964, 9100736.262931142002344, 0.0 ], [ 802246.880190294818021, 9100726.279689623042941, 0.0 ], [ 802282.067140053957701, 9100710.546229908242822, 0.0 ], [ 802289.772246986627579, 9100708.280450332909822, 0.0 ], [ 802296.366875715088099, 9100704.915280817076564, 0.0 ], [ 802312.865076405927539, 9100698.162747383117676, 0.0 ], [ 802328.200320165255107, 9100682.563802886754274, 0.0 ], [ 802331.448958224849775, 9100673.687406225129962, 0.0 ], [ 802328.072874608915299, 9100663.748973868787289, 0.0 ], [ 802318.124553008703515, 9100660.496074328199029, 0.0 ], [ 802293.829696174710989, 9100655.163603996858001, 0.0 ], [ 802283.883110976777971, 9100652.980296704918146, 0.0 ], [ 802268.412954305764288, 9100648.657877208665013, 0.0 ], [ 802260.632906473940238, 9100639.856290875002742, 0.0 ], [ 802272.16832722723484, 9100615.605909435078502, 0.0 ], [ 802279.119324252242222, 9100600.993140595033765, 0.0 ], [ 802292.128846918814816, 9100567.701063621789217, 0.0 ], [ 802299.683985735755414, 9100543.300314588472247, 0.0 ], [ 802297.403169148601592, 9100532.247666839510202, 0.0 ], [ 802285.204273434588686, 9100522.369224227964878, 0.0 ], [ 802285.112749174935743, 9100522.33929656073451, 0.0 ], [ 802265.307699373923242, 9100515.863205689936876, 0.0 ], [ 802236.700643677148037, 9100526.018038948997855, 0.0 ], [ 802214.703283306211233, 9100535.021400526165962, 0.0 ], [ 802198.167786669451743, 9100536.240287600085139, 0.0 ], [ 802188.219508033478633, 9100532.987150250002742, 0.0 ], [ 802177.078436720650643, 9100516.460847400128841, 0.0 ], [ 802170.221424830844626, 9100481.089531930163503, 0.0 ], [ 802162.321509281289764, 9100454.579993903636932, 0.0 ], [ 802148.074434827198274, 9100428.786259887740016, 0.0 ], [ 802142.222655932535417, 9100418.191774653270841, 0.0 ], [ 802081.115635646041483, 9100352.197586480528116, 0.0 ], [ 802063.372459820588119, 9100337.929466310888529, 0.0 ], [ 802062.490292121074162, 9100337.545957032591105, 0.0 ], [ 802025.762839930132031, 9100321.582130879163742, 0.0 ], [ 802003.668195131001994, 9100316.197604587301612, 0.0 ], [ 801989.301062687998638, 9100311.867670359089971, 0.0 ], [ 801983.177885361248627, 9100308.292549526318908, 0.0 ], [ 801964.940790332155302, 9100297.64431669563055, 0.0 ], [ 801944.946912987157702, 9100276.750517014414072, 0.0 ], [ 801923.753043731092475, 9100241.4764912892133, 0.0 ], [ 801911.531740149366669, 9100228.27754401601851, 0.0 ], [ 801870.606242956477217, 9100210.845884401351213, 0.0 ], [ 801842.989930137759075, 9100204.391983948647976, 0.0 ], [ 801823.071148296818137, 9100194.565603584051132, 0.0 ], [ 801808.449492986546829, 9100152.606328966096044, 0.0 ], [ 801799.446950760670006, 9100126.104165393859148, 0.0 ], [ 801789.401467919931747, 9100108.463417319580913, 0.0 ], [ 801771.680846118018962, 9100097.51525416597724, 0.0 ], [ 801793.663109603337944, 9100086.298688674345613, 0.0 ], [ 801802.351125603308901, 9100066.31759649515152, 0.0 ], [ 801892.29801564081572, 9099993.767163243144751, 0.0 ], [ 801945.992995633743703, 9099942.49104436673224, 0.0 ], [ 801968.89053747523576, 9099903.598135773092508, 0.0 ], [ 801978.703754356363788, 9099886.929627830162644, 0.0 ], [ 801983.661447171820328, 9099872.573001988232136, 0.0 ], [ 801997.092396791093051, 9099833.678974207490683, 0.0 ], [ 802011.1295619844459, 9099789.311923643574119, 0.0 ], [ 802012.179933975799941, 9099781.557342637330294, 0.0 ], [ 802000.026141233392991, 9099778.319273632019758, 0.0 ], [ 801979.004613148630597, 9099768.500482620671391, 0.0 ], [ 801941.327888797502965, 9099742.192313058301806, 0.0 ], [ 801894.776231633033603, 9099708.196983568370342, 0.0 ], [ 801878.091204223688692, 9099687.280953595414758, 0.0 ], [ 801852.358538510976359, 9099633.222207691520452, 0.0 ], [ 801842.185901707038283, 9099596.76683689840138, 0.0 ], [ 801839.657983440440148, 9099549.191751211881638, 0.0 ], [ 801850.304034318774939, 9099492.672980131581426, 0.0 ], [ 801856.553791207727045, 9099438.397561348974705, 0.0 ], [ 801856.291444202652201, 9099399.661491267383099, 0.0 ], [ 801848.436677620047703, 9099379.792590571567416, 0.0 ], [ 801831.82681069499813, 9099369.943813120946288, 0.0 ], [ 801811.983071366325021, 9099371.185106441378593, 0.0 ], [ 801792.244585065403953, 9099387.920698644593358, 0.0 ], [ 801759.541714195976965, 9099444.58866873383522, 0.0 ], [ 801714.677685954608023, 9099496.911726608872414, 0.0 ], [ 801673.009485882241279, 9099532.610942950472236, 0.0 ], [ 801652.108014101744629, 9099540.500171288847923, 0.0 ], [ 801634.425176842138171, 9099535.08564087189734, 0.0 ], [ 801614.43183374335058, 9099514.192072125151753, 0.0 ], [ 801599.862709705135785, 9099479.980056192725897, 0.0 ], [ 801589.637758062919602, 9099435.777507610619068, 0.0 ], [ 801580.448243557475507, 9099381.606816273182631, 0.0 ], [ 801570.275505050900392, 9099345.151474760845304, 0.0 ], [ 801551.362508386257105, 9099320.930003579705954, 0.0 ], [ 801533.634955378714949, 9099308.87523259408772, 0.0 ], [ 801497.211611417587847, 9099304.694497859105468, 0.0 ], [ 801438.761642075609416, 9099305.089902916923165, 0.0 ], [ 801423.239687070250511, 9099293.020181210711598, 0.0 ], [ 801396.420086781028658, 9099241.182252323254943, 0.0 ], [ 801363.876702263834886, 9099158.393096012994647, 0.0 ], [ 801331.176085358019918, 9099052.362287096679211, 0.0 ], [ 801296.35984400101006, 9098959.627304943278432, 0.0 ], [ 801277.170272984541953, 9098894.456311320886016, 0.0 ], [ 801257.860956624150276, 9098811.577703084796667, 0.0 ], [ 801240.734829252120107, 9098725.363856973126531, 0.0 ], [ 801230.480118982726708, 9098676.734316799789667, 0.0 ], [ 801221.462981458986178, 9098648.018863217905164, 0.0 ], [ 801208.116954435361549, 9098631.507168430835009, 0.0 ], [ 801182.692423440981656, 9098622.824702609330416, 0.0 ], [ 801151.866131688817404, 9098630.780942108482122, 0.0 ], [ 801111.181894954177551, 9098648.764702880755067, 0.0 ], [ 801072.890315817319788, 9098694.401974823325872, 0.0 ], [ 801057.62315026530996, 9098719.961341571062803, 0.0 ], [ 801043.682984333019704, 9098778.715401144698262, 0.0 ], [ 801023.028741900809109, 9098823.126563232392073, 0.0 ], [ 801001.062215249752626, 9098836.55648436024785, 0.0 ], [ 800964.617003670544364, 9098829.055245036259294, 0.0 ], [ 800935.771859474712983, 9098803.793797545135021, 0.0 ], [ 800916.792237922316417, 9098769.611714413389564, 0.0 ], [ 800911.083758898312226, 9098740.873905623331666, 0.0 ], [ 800922.937983553158119, 9098699.84264762699604, 0.0 ], [ 800956.818441856186837, 9098654.235369887202978, 0.0 ], [ 800978.680139633244835, 9098625.311110591515899, 0.0 ], [ 800978.575411817990243, 9098609.816777016967535, 0.0 ], [ 800967.427641126792878, 9098592.183397108688951, 0.0 ], [ 800931.980831986526027, 9098569.180525936186314, 0.0 ], [ 800892.227324358886108, 9098561.701663475483656, 0.0 ], [ 800841.505824242485687, 9098563.151177270337939, 0.0 ], [ 800799.688807213911787, 9098576.71513825468719, 0.0 ], [ 800772.238158814841881, 9098594.609161259606481, 0.0 ], [ 800752.567157546640374, 9098621.304910352453589, 0.0 ], [ 800733.939032367081381, 9098639.139196028932929, 0.0 ], [ 800710.825038675800897, 9098645.936118446290493, 0.0 ], [ 800695.400576900225133, 9098648.253847923129797, 0.0 ], [ 800684.424707761616446, 9098656.075464626774192, 0.0 ], [ 800665.774350000196137, 9098670.589610200375319, 0.0 ], [ 800635.052539432421327, 9098694.039524406194687, 0.0 ], [ 800576.954823109088466, 9098746.450600100681186, 0.0 ], [ 800519.982185228727758, 9098802.174094151705503, 0.0 ], [ 800501.361478937324136, 9098821.115290815010667, 0.0 ], [ 800409.330104796448722, 9098911.385602502152324, 0.0 ], [ 800319.444296918110922, 9098992.786867223680019, 0.0 ], [ 800267.962608155794442, 9099045.152676992118359, 0.0 ], [ 800249.341581662534736, 9099064.093476746231318, 0.0 ], [ 800202.323294471367262, 9099124.176547702401876, 0.0 ], [ 800172.800807075109333, 9099162.006031315773726, 0.0 ], [ 800179.760671421536244, 9099212.871098943054676, 0.0 ], [ 800169.954496672493406, 9099230.645663779228926, 0.0 ], [ 800162.406352455262095, 9099256.152483904734254, 0.0 ], [ 800168.061974030570127, 9099277.143125584349036, 0.0 ], [ 800183.695374849252403, 9099305.814250441268086, 0.0 ], [ 800189.239290938479826, 9099310.204032607376575, 0.0 ], [ 800196.988847024273127, 9099314.578956659883261, 0.0 ], [ 800228.031824797159061, 9099338.719034861773252, 0.0 ], [ 800231.474490736844018, 9099358.617918165400624, 0.0 ], [ 800223.896399490302429, 9099379.697825685143471, 0.0 ], [ 800205.342263722559437, 9099408.599024958908558, 0.0 ], [ 800184.522825114894658, 9099428.66143392585218, 0.0 ], [ 800166.929846716346219, 9099436.527391694486141, 0.0 ], [ 800113.055514422478154, 9099461.239256657660007, 0.0 ], [ 800068.14528127387166, 9099506.919631035998464, 0.0 ], [ 800036.155965467565693, 9099506.028300415724516, 0.0 ], [ 800029.606073730275966, 9099516.033410804346204, 0.0 ], [ 800030.775941421743482, 9099525.986558405682445, 0.0 ], [ 800032.020301532465965, 9099547.00700693577528, 0.0 ], [ 800032.079894999740645, 9099555.860847564414144, 0.0 ], [ 800022.214069895329885, 9099564.781492132693529, 0.0 ], [ 799993.62257286242675, 9099577.148496272042394, 0.0 ], [ 799964.971486382884905, 9099580.661529909819365, 0.0 ], [ 799951.752491612103768, 9099582.964038683101535, 0.0 ], [ 799925.299609361332841, 9099585.355584712699056, 0.0 ], [ 799903.362263915594667, 9099603.21175373159349, 0.0 ], [ 799885.873423112439923, 9099626.571654442697763, 0.0 ], [ 799878.287655560765415, 9099646.544813534244895, 0.0 ], [ 799875.157845499226823, 9099673.128558795899153, 0.0 ], [ 799872.385215894551948, 9099752.83528146892786, 0.0 ], [ 799884.769515399239026, 9099790.382467998191714, 0.0 ], [ 799890.387868300196715, 9099805.839474180713296, 0.0 ], [ 799899.41147984995041, 9099835.66192570514977, 0.0 ], [ 799897.33980000205338, 9099855.597769152373075, 0.0 ], [ 799896.32628884119913, 9099868.886043107137084, 0.0 ], [ 799892.197795183979906, 9099910.971405254676938, 0.0 ], [ 799900.096243130625226, 9099937.480871021747589, 0.0 ], [ 799905.647619938245043, 9099942.977543488144875, 0.0 ], [ 799912.316715895896778, 9099950.68014626018703, 0.0 ], [ 799929.000629210844636, 9099971.596634969115257, 0.0 ], [ 799957.867729465709999, 9100000.178859304636717, 0.0 ], [ 799967.860344049986452, 9100010.072665303945541, 0.0 ], [ 799975.684401031117886, 9100025.514843046665192, 0.0 ], [ 799975.773726818151772, 9100038.79570672288537, 0.0 ], [ 799963.850948036648333, 9100069.865718385204673, 0.0 ], [ 799925.64610912813805, 9100128.781931372359395, 0.0 ], [ 799912.464150925399736, 9100136.61801784299314, 0.0 ], [ 799895.995998875005171, 9100147.796529181301594, 0.0 ], [ 799874.028531492571346, 9100161.225559124723077, 0.0 ], [ 799821.397314941277727, 9100206.957251593470573, 0.0 ], [ 799809.355349919293076, 9100220.319521388038993, 0.0 ], [ 799775.375593488570303, 9100251.537653414532542, 0.0 ], [ 799738.109578327508643, 9100286.098043967038393, 0.0 ], [ 799699.785163751454093, 9100327.30626605078578, 0.0 ], [ 799635.11906420707237, 9100387.506652243435383, 0.0 ], [ 799618.754696732619777, 9100414.179065946489573, 0.0 ], [ 799579.557771809864789, 9100489.70313124358654, 0.0 ], [ 799565.361970920115709, 9100510.827173555269837, 0.0 ], [ 799535.897192271659151, 9100557.509535785764456, 0.0 ], [ 799525.121297190431505, 9100595.212227240204811, 0.0 ], [ 799507.787711037322879, 9100641.813008842989802, 0.0 ], [ 799494.694658607710153, 9100662.929709890857339, 0.0 ], [ 799478.159380134893581, 9100664.147439522668719, 0.0 ], [ 799451.676205354044214, 9100662.111583832651377, 0.0 ], [ 799438.434620837448165, 9100661.09365039691329, 0.0 ], [ 799358.970307621522807, 9100652.772523235529661, 0.0 ], [ 799331.421436056727543, 9100656.277617366984487, 0.0 ], [ 799311.651858895784244, 9100668.584601525217295, 0.0 ], [ 799296.33076390333008, 9100686.395720727741718, 0.0 ], [ 799264.61537064332515, 9100726.452329471707344, 0.0 ], [ 799228.466268050484359, 9100763.21818876080215, 0.0 ], [ 799223.167177069117315, 9100795.350122261792421, 0.0 ], [ 799209.356830903794616, 9100874.023551760241389, 0.0 ], [ 799206.092786596505903, 9100880.686064016073942, 0.0 ], [ 799191.911385181359947, 9100904.023330779746175, 0.0 ], [ 799131.988818987156264, 9101013.995297566056252, 0.0 ], [ 799116.719405678333715, 9101039.553344206884503, 0.0 ], [ 799106.823271325905807, 9101044.046724585816264, 0.0 ], [ 799092.567835961352102, 9101056.316703656688333, 0.0 ], [ 799090.50297829892952, 9101077.359193587675691, 0.0 ], [ 799098.386044447659515, 9101101.655254395678639, 0.0 ], [ 799112.88624860253185, 9101125.907214518636465, 0.0 ], [ 799139.688394361175597, 9101175.532522179186344, 0.0 ], [ 799214.934792079729959, 9101212.658570766448975, 0.0 ], [ 799301.143195809796453, 9101239.750335693359375, 0.0 ], [ 799336.479217772837728, 9101246.154152024537325, 0.0 ], [ 799370.704979105154052, 9101251.458501704037189, 0.0 ], [ 799413.634932849206962, 9101238.996310908347368, 0.0 ], [ 799428.904317369684577, 9101213.438020838424563, 0.0 ], [ 799447.474730252288282, 9101186.751031877472997, 0.0 ], [ 799452.796185251092538, 9101157.938991440460086, 0.0 ], [ 799455.904380972264335, 9101128.035347245633602, 0.0 ], [ 799459.161003165645525, 9101120.266086347401142, 0.0 ], [ 799464.601074277423322, 9101109.161968832835555, 0.0 ], [ 799476.658286942285486, 9101098.013360518962145, 0.0 ], [ 799484.326331316609867, 9101090.214398611336946, 0.0 ], [ 799500.809809934231453, 9101081.249643051996827, 0.0 ], [ 799536.027011973783374, 9101069.945773866027594, 0.0 ], [ 799675.50316550815478, 9100981.574361441656947, 0.0 ], [ 799702.93342639808543, 9100960.361705482006073, 0.0 ], [ 799739.127066082321107, 9100930.235752077773213, 0.0 ], [ 799797.251417925930582, 9100881.147046554833651, 0.0 ], [ 799848.788262733374722, 9100836.530024720355868, 0.0 ], [ 799890.510854328516871, 9100808.580297324806452, 0.0 ], [ 799909.162706520408392, 9100794.066646194085479, 0.0 ], [ 799924.47613425727468, 9100775.148631855845451, 0.0 ], [ 799942.084715351928025, 9100769.496420072391629, 0.0 ], [ 799976.332673327997327, 9100778.120508193969727, 0.0 ], [ 800024.925199120189063, 9100787.755053054541349, 0.0 ], [ 800067.01966352108866, 9100815.141489515081048, 0.0 ], [ 800076.982561627402902, 9100820.608417166396976, 0.0 ], [ 800088.055758502334356, 9100827.174659546464682, 0.0 ], [ 800155.582995516248047, 9100864.351202309131622, 0.0 ], [ 800227.469704421469942, 9100893.750785123556852, 0.0 ], [ 800297.158266721991822, 9100924.272183472290635, 0.0 ], [ 800304.89317626459524, 9100926.433718718588352, 0.0 ], [ 800370.110860766610131, 9100948.130520049482584, 0.0 ], [ 800437.318274641875178, 9100937.717155950143933, 0.0 ], [ 800497.878946397337131, 9100922.921728007495403, 0.0 ], [ 800513.289211466675624, 9100918.390756698325276, 0.0 ], [ 800531.19574163237121, 9100910.655438167974353, 0.0 ], [ 800591.368860289920121, 9100884.661371055990458, 0.0 ], [ 800622.167008332908154, 9100872.279693007469177, 0.0 ], [ 800633.135998031008057, 9100863.351439490914345, 0.0 ], [ 800661.683679199777544, 9100844.343839969485998, 0.0 ], [ 800683.223959279246628, 9100825.936696114018559, 0.0 ], [ 800689.098658616188914, 9100820.916592763736844, 0.0 ], [ 800700.067625114461407, 9100811.98842466250062, 0.0 ], [ 800706.647511226357892, 9100806.4100641310215, 0.0 ], [ 800756.370317720691673, 9100783.108729362487793, 0.0 ], [ 800800.099828387377784, 9100762.61578157171607, 0.0 ], [ 800816.850794272497296, 9100753.363831598311663, 0.0 ], [ 800826.471512703574263, 9100748.050060383975506, 0.0 ], [ 800867.046080182073638, 9100713.466205159202218, 0.0 ], [ 800894.378818772733212, 9100677.864666275680065, 0.0 ], [ 800933.723552303621545, 9100624.473729724064469, 0.0 ], [ 800952.315411157556809, 9100601.105718467384577, 0.0 ], [ 800992.904676302103326, 9100568.735144764184952, 0.0 ], [ 801052.39507962053176, 9100538.083683604374528, 0.0 ], [ 801103.912434352794662, 9100511.540081473067403, 0.0 ], [ 801131.371710783336312, 9100494.752846527844667, 0.0 ], [ 801155.44046110776253, 9100465.814010892063379, 0.0 ], [ 801167.444777894648723, 9100446.917463917285204, 0.0 ], [ 801182.817634443752468, 9100436.852930760011077, 0.0 ], [ 801210.344192312564701, 9100430.026273686438799, 0.0 ], [ 801231.313388515729457, 9100432.098295433446765, 0.0 ], [ 801239.0707348609576, 9100437.57965312898159, 0.0 ], [ 801253.490054222522303, 9100449.657215697690845, 0.0 ], [ 801252.596407315926626, 9100480.653146710246801, 0.0 ], [ 801259.385399978142232, 9100506.063594046980143, 0.0 ], [ 801268.275508361286484, 9100515.964797053486109, 0.0 ], [ 801287.13617577822879, 9100532.439093692228198, 0.0 ], [ 801307.062355832429603, 9100543.372462347149849, 0.0 ], [ 801325.818432775209658, 9100544.352721970528364, 0.0 ], [ 801369.923620238900185, 9100551.791581502184272, 0.0 ], [ 801369.985122769605368, 9100551.802012721076608, 0.0 ] ] ] ] } },
{ "type": "Feature", "properties": { "OBJECTID": 9786.0, "NAMOBJ": "Bintoro", "FCODE": "BA03070040", "REMARK": null, "METADATA": "TASWIL1000020221227_DATA_BATAS_DESAKELURAHAN", "SRS_ID": "SRGI 2013", "KDBBPS": null, "KDCBPS": null, "KDCPUM": "35.09.20", "KDEBPS": null, "KDEPUM": "35.09.20.1005", "KDPBPS": null, "KDPKAB": "35.09", "KDPPUM": "35", "LUASWH": 0.0, "TIPADM": 2, "WADMKC": "Patrang", "WADMKD": "Bintoro", "WADMKK": "Jember", "WADMPR": "Jawa Timur", "WIADKC": null, "WIADKK": null, "WIADPR": null, "WIADKD": null, "UUPP": "Data RBI Skala 1:25.000", "luas": 10.332941196492701, "SHAPE_Leng": 0.19330615875437701, "SHAPE_Area": 0.00084772468788199995, "area_kecam": null, "area_kec_1": null, "area_kec_2": null, "area_kec_3": null, "area_kec_4": null, "area_kec_5": null, "area_kec_6": null, "area_kec_7": null, "area_kec_8": null, "area_kec_9": null, "area_kec10": null, "area_kec11": null, "area_kec12": null, "area_kec13": null, "area_kec14": null, "area_kec15": null, "area_kec16": null, "area_kec17": null, "area_kec18": null, "area_kec19": null, "area_kec20": null, "area_kec21": null, "area_kec22": null, "area_kec23": null, "area_kec24": null, "area_kec25": null, "area_kec26": null, "area_kec27": null, "jml_pop": null, "luas_ha": 1033, "kepadatan": 11, "Data_Penduduk_Jember_3Kecamatan_Kecamatan": "Patrang", "Data_Penduduk_Jember_3Kecamatan_Laki_Laki": "5923", "Data_Penduduk_Jember_3Kecamatan_Perempuan": "5903", "Data_Penduduk_Jember_3Kecamatan_Jumlah_Total": "11826" }, "geometry": { "type": "MultiPolygon", "coordinates": [ [ [ [ 799092.567835961352102, 9101056.316703656688333, 0.0 ], [ 799106.823271325905807, 9101044.046724585816264, 0.0 ], [ 799116.719405678333715, 9101039.553344206884503, 0.0 ], [ 799131.988818987156264, 9101013.995297566056252, 0.0 ], [ 799191.911385181359947, 9100904.023330779746175, 0.0 ], [ 799206.092786596505903, 9100880.686064016073942, 0.0 ], [ 799209.356830903794616, 9100874.023551760241389, 0.0 ], [ 799223.167177069117315, 9100795.350122261792421, 0.0 ], [ 799228.466268050484359, 9100763.21818876080215, 0.0 ], [ 799264.61537064332515, 9100726.452329471707344, 0.0 ], [ 799296.33076390333008, 9100686.395720727741718, 0.0 ], [ 799311.651858895784244, 9100668.584601525217295, 0.0 ], [ 799331.421436056727543, 9100656.277617366984487, 0.0 ], [ 799358.970307621522807, 9100652.772523235529661, 0.0 ], [ 799438.434620837448165, 9100661.09365039691329, 0.0 ], [ 799451.676205354044214, 9100662.111583832651377, 0.0 ], [ 799478.159380134893581, 9100664.147439522668719, 0.0 ], [ 799494.694658607710153, 9100662.929709890857339, 0.0 ], [ 799507.787711037322879, 9100641.813008842989802, 0.0 ], [ 799525.121297190431505, 9100595.212227240204811, 0.0 ], [ 799535.897192271659151, 9100557.509535785764456, 0.0 ], [ 799565.361970920115709, 9100510.827173555269837, 0.0 ], [ 799579.557771809864789, 9100489.70313124358654, 0.0 ], [ 799618.754696732619777, 9100414.179065946489573, 0.0 ], [ 799635.11906420707237, 9100387.506652243435383, 0.0 ], [ 799699.785163751454093, 9100327.30626605078578, 0.0 ], [ 799738.109578327508643, 9100286.098043967038393, 0.0 ], [ 799775.375593488570303, 9100251.537653414532542, 0.0 ], [ 799809.355349919293076, 9100220.319521388038993, 0.0 ], [ 799821.397314941277727, 9100206.957251593470573, 0.0 ], [ 799874.028531492571346, 9100161.225559124723077, 0.0 ], [ 799895.995998875005171, 9100147.796529181301594, 0.0 ], [ 799912.464150925399736, 9100136.61801784299314, 0.0 ], [ 799925.64610912813805, 9100128.781931372359395, 0.0 ], [ 799963.850948036648333, 9100069.865718385204673, 0.0 ], [ 799975.773726818151772, 9100038.79570672288537, 0.0 ], [ 799975.684401031117886, 9100025.514843046665192, 0.0 ], [ 799967.860344049986452, 9100010.072665303945541, 0.0 ], [ 799957.867729465709999, 9100000.178859304636717, 0.0 ], [ 799929.000629210844636, 9099971.596634969115257, 0.0 ], [ 799912.316715895896778, 9099950.68014626018703, 0.0 ], [ 799905.647619938245043, 9099942.977543488144875, 0.0 ], [ 799900.096243130625226, 9099937.480871021747589, 0.0 ], [ 799892.197795183979906, 9099910.971405254676938, 0.0 ], [ 799896.32628884119913, 9099868.886043107137084, 0.0 ], [ 799897.33980000205338, 9099855.597769152373075, 0.0 ], [ 799899.41147984995041, 9099835.66192570514977, 0.0 ], [ 799890.387868300196715, 9099805.839474180713296, 0.0 ], [ 799884.769515399239026, 9099790.382467998191714, 0.0 ], [ 799872.385215894551948, 9099752.83528146892786, 0.0 ], [ 799875.157845499226823, 9099673.128558795899153, 0.0 ], [ 799878.287655560765415, 9099646.544813534244895, 0.0 ], [ 799885.873423112439923, 9099626.571654442697763, 0.0 ], [ 799903.362263915594667, 9099603.21175373159349, 0.0 ], [ 799925.299609361332841, 9099585.355584712699056, 0.0 ], [ 799951.752491612103768, 9099582.964038683101535, 0.0 ], [ 799964.971486382884905, 9099580.661529909819365, 0.0 ], [ 799993.62257286242675, 9099577.148496272042394, 0.0 ], [ 800022.214069895329885, 9099564.781492132693529, 0.0 ], [ 800032.079894999740645, 9099555.860847564414144, 0.0 ], [ 800032.020301532465965, 9099547.00700693577528, 0.0 ], [ 800030.775941421743482, 9099525.986558405682445, 0.0 ], [ 800029.606073730275966, 9099516.033410804346204, 0.0 ], [ 800036.155965467565693, 9099506.028300415724516, 0.0 ], [ 800068.14528127387166, 9099506.919631035998464, 0.0 ], [ 800113.055514422478154, 9099461.239256657660007, 0.0 ], [ 800166.929846716346219, 9099436.527391694486141, 0.0 ], [ 800184.522825114894658, 9099428.66143392585218, 0.0 ], [ 800205.342263722559437, 9099408.599024958908558, 0.0 ], [ 800223.896399490302429, 9099379.697825685143471, 0.0 ], [ 800231.474490736844018, 9099358.617918165400624, 0.0 ], [ 800228.031824797159061, 9099338.719034861773252, 0.0 ], [ 800196.988847024273127, 9099314.578956659883261, 0.0 ], [ 800189.239290938479826, 9099310.204032607376575, 0.0 ], [ 800183.695374849252403, 9099305.814250441268086, 0.0 ], [ 800168.061974030570127, 9099277.143125584349036, 0.0 ], [ 800162.406352455262095, 9099256.152483904734254, 0.0 ], [ 800169.954496672493406, 9099230.645663779228926, 0.0 ], [ 800179.760671421536244, 9099212.871098943054676, 0.0 ], [ 800172.800807075109333, 9099162.006031315773726, 0.0 ], [ 800202.323294471367262, 9099124.176547702401876, 0.0 ], [ 800170.401319928932935, 9099133.245874810963869, 0.0 ], [ 800096.654383455403149, 9099154.771380163729191, 0.0 ], [ 800032.795484546455555, 9099170.696477230638266, 0.0 ], [ 799964.592364753363654, 9099196.611510626971722, 0.0 ], [ 799822.634672732208855, 9099242.944865113124251, 0.0 ], [ 799762.180898203980178, 9099273.23470402136445, 0.0 ], [ 799672.159437658614479, 9099334.712818140164018, 0.0 ], [ 799607.308989989105612, 9099367.245376450940967, 0.0 ], [ 799509.418836193392053, 9099406.640621611848474, 0.0 ], [ 799421.409196113236248, 9099439.328456405550241, 0.0 ], [ 799319.085163287585601, 9099475.43252657353878, 0.0 ], [ 799271.745813614455983, 9099487.924917258322239, 0.0 ], [ 799227.707471042172983, 9099499.288204543292522, 0.0 ], [ 799180.301135060144588, 9099501.819972822442651, 0.0 ], [ 799107.50799983763136, 9099501.201846230775118, 0.0 ], [ 799025.877430506399833, 9099498.429235661402345, 0.0 ], [ 798982.79343976767268, 9099487.6505361571908, 0.0 ], [ 798919.821625526528805, 9099471.471217803657055, 0.0 ], [ 798906.573138302657753, 9099469.346525015309453, 0.0 ], [ 798812.685697953798808, 9099447.840764373540878, 0.0 ], [ 798714.439091369858943, 9099434.111216779798269, 0.0 ], [ 798628.301271944772452, 9099416.980147240683436, 0.0 ], [ 798513.483155024470761, 9099398.934384794905782, 0.0 ], [ 798501.359682669164613, 9099400.12235289812088, 0.0 ], [ 798459.438174229115248, 9099398.189574670046568, 0.0 ], [ 798397.695799129432999, 9099400.816537216305733, 0.0 ], [ 798238.040690839989111, 9099439.515214513987303, 0.0 ], [ 798148.854053230956197, 9099461.140440244227648, 0.0 ], [ 798075.114073393284343, 9099483.768926231190562, 0.0 ], [ 798010.19650605134666, 9099506.338280849158764, 0.0 ], [ 797967.34982572379522, 9099530.973512653261423, 0.0 ], [ 797960.755180038278922, 9099534.337884228676558, 0.0 ], [ 797938.780419522663578, 9099546.659160016104579, 0.0 ], [ 797861.894563852576539, 9099593.65700245834887, 0.0 ], [ 797798.205193108180538, 9099635.032697958871722, 0.0 ], [ 797725.619567378424108, 9099665.400065194815397, 0.0 ], [ 797671.640994813991711, 9099674.614600174129009, 0.0 ], [ 797612.089500318048522, 9099675.012185851112008, 0.0 ], [ 797542.523913880228065, 9099662.195415582507849, 0.0 ], [ 797491.654620701912791, 9099641.506478229537606, 0.0 ], [ 797456.239203704986721, 9099622.927901418879628, 0.0 ], [ 797447.232264523161575, 9099595.319034412503242, 0.0 ], [ 797440.283132386743091, 9099545.561266211792827, 0.0 ], [ 797433.363537391996942, 9099500.230338061228395, 0.0 ], [ 797451.520294159417972, 9099411.568475654348731, 0.0 ], [ 797460.025064147775993, 9099363.921083180233836, 0.0 ], [ 797434.74195280042477, 9099376.264175666496158, 0.0 ], [ 797409.392252063844353, 9099378.646867616102099, 0.0 ], [ 797400.584746873821132, 9099380.919159032404423, 0.0 ], [ 797389.571534584742039, 9099383.206166869029403, 0.0 ], [ 797353.20873386412859, 9099387.875828202813864, 0.0 ], [ 797254.141480043763295, 9099416.205625206232071, 0.0 ], [ 797248.671777167823166, 9099422.882647996768355, 0.0 ], [ 797239.93785250862129, 9099436.221981285139918, 0.0 ], [ 797168.979187248274684, 9099545.157281378284097, 0.0 ], [ 797160.223184507107362, 9099555.176460711285472, 0.0 ], [ 797148.173419069498777, 9099567.430995278060436, 0.0 ], [ 797128.455899374559522, 9099587.484148010611534, 0.0 ], [ 797106.399877776391804, 9099587.631156733259559, 0.0 ], [ 796989.91591074434109, 9099650.385528547689319, 0.0 ], [ 796949.318664032034576, 9099681.645200874656439, 0.0 ], [ 796877.909223184455186, 9099723.070677775889635, 0.0 ], [ 796836.150099926278926, 9099745.483796000480652, 0.0 ], [ 796782.193812145385891, 9099758.017274472862482, 0.0 ], [ 796741.397488246439025, 9099759.395567379891872, 0.0 ], [ 796662.995454479241744, 9099744.422777090221643, 0.0 ], [ 796656.386009921086952, 9099745.573396408930421, 0.0 ], [ 796643.152395461453125, 9099745.661447351798415, 0.0 ], [ 796624.390051316120662, 9099743.572773976251483, 0.0 ], [ 796605.635074724559672, 9099742.590906547382474, 0.0 ], [ 796582.46164690493606, 9099740.531561700627208, 0.0 ], [ 796578.396439485251904, 9099792.575916083529592, 0.0 ], [ 796594.36568891024217, 9099872.155794102698565, 0.0 ], [ 796628.038625420886092, 9099960.471941906958818, 0.0 ], [ 796630.310489230672829, 9099970.417595410719514, 0.0 ], [ 796644.845843997085467, 9100000.203098444268107, 0.0 ], [ 796654.903618775773793, 9100020.057840937748551, 0.0 ], [ 796672.725229838630185, 9100046.501341495662928, 0.0 ], [ 796693.78892006422393, 9100062.962506042793393, 0.0 ], [ 796739.210387711878866, 9100093.649400297552347, 0.0 ], [ 796774.713874582899734, 9100125.509012449532747, 0.0 ], [ 796798.057019361993298, 9100153.022515505552292, 0.0 ], [ 796810.371836760081351, 9100180.609287932515144, 0.0 ], [ 796818.216939768521115, 9100199.371999641880393, 0.0 ], [ 796840.435123453848064, 9100223.572616260498762, 0.0 ], [ 796880.342789693153463, 9100254.296252641826868, 0.0 ], [ 796933.624050254235044, 9100305.959075093269348, 0.0 ], [ 796956.960010732291266, 9100332.365850828588009, 0.0 ], [ 796968.113423743168823, 9100351.106433734297752, 0.0 ], [ 796972.649928599363193, 9100369.891060343012214, 0.0 ], [ 796965.269139250740409, 9100420.850879997014999, 0.0 ], [ 796957.873362690093927, 9100469.597283087670803, 0.0 ], [ 796974.019919129903428, 9100575.738226501271129, 0.0 ], [ 796977.512619388056919, 9100603.383838420733809, 0.0 ], [ 796976.549608521396294, 9100624.418575882911682, 0.0 ], [ 796958.059415816911496, 9100663.278001394122839, 0.0 ], [ 796945.009356756461784, 9100691.033565487712622, 0.0 ], [ 796939.745776272378862, 9100728.698324462398887, 0.0 ], [ 796923.939421042567119, 9100839.478840265423059, 0.0 ], [ 796921.873621579259634, 9100860.520899001508951, 0.0 ], [ 796916.595121498918161, 9100895.972120422869921, 0.0 ], [ 796904.64797715190798, 9100923.720413684844971, 0.0 ], [ 796897.031077945488505, 9100939.265615569427609, 0.0 ], [ 796892.685983711737208, 9100949.25529059022665, 0.0 ], [ 796889.576298509258777, 9100979.158307706937194, 0.0 ], [ 796898.803725818521343, 9101039.9683787971735, 0.0 ], [ 796904.479580047074705, 9101064.279210293665528, 0.0 ], [ 796903.161368961445987, 9101075.468508182093501, 0.0 ], [ 796901.347791585838422, 9101090.862002953886986, 0.0 ], [ 796889.415261887945235, 9101120.823678040876985, 0.0 ], [ 796879.578021160094067, 9101134.17011821642518, 0.0 ], [ 796875.372682052082382, 9101165.18727208673954, 0.0 ], [ 796875.527184718986973, 9101188.428058374673128, 0.0 ], [ 796884.761894001858309, 9101250.344728128984571, 0.0 ], [ 796889.31303748395294, 9101271.342893220484257, 0.0 ], [ 796916.001940930145793, 9101304.367958622053266, 0.0 ], [ 796938.191220705164596, 9101324.142225572839379, 0.0 ], [ 796950.491717563010752, 9101349.515558009967208, 0.0 ], [ 796954.23434233549051, 9101414.789357224479318, 0.0 ], [ 796960.145851419074461, 9101474.514529533684254, 0.0 ], [ 796964.682305974303745, 9101493.299294635653496, 0.0 ], [ 796999.113365763099864, 9101529.593277212232351, 0.0 ], [ 797017.979510413599201, 9101547.175914589315653, 0.0 ], [ 797040.271947927889414, 9101582.443946035578847, 0.0 ], [ 797054.895964577561244, 9101625.510131794959307, 0.0 ], [ 797061.748526312178001, 9101660.880598876625299, 0.0 ], [ 797048.999882325530052, 9101734.011131290346384, 0.0 ], [ 797039.265471441904083, 9101762.851446561515331, 0.0 ], [ 797028.332559252390638, 9101777.311919784173369, 0.0 ], [ 796994.283822210039943, 9101798.566653283312917, 0.0 ], [ 796963.50685094576329, 9101814.265620557591319, 0.0 ], [ 796947.05227291979827, 9101827.655999006703496, 0.0 ], [ 796938.376499175908975, 9101849.848709110170603, 0.0 ], [ 796943.00851884111762, 9101883.020639264956117, 0.0 ], [ 796952.029904969036579, 9101912.842815836891532, 0.0 ], [ 796949.941838923376054, 9101930.564962171018124, 0.0 ], [ 796942.31741803791374, 9101945.003187332302332, 0.0 ], [ 796917.120780096272938, 9101970.626006085425615, 0.0 ], [ 796894.012214577756822, 9101978.526887664571404, 0.0 ], [ 796867.617008571047336, 9101989.769619662314653, 0.0 ], [ 796840.133855439140461, 9102003.233171856030822, 0.0 ], [ 796808.18035579379648, 9102007.872369360178709, 0.0 ], [ 796766.293785275076516, 9102011.470739042386413, 0.0 ], [ 796738.773652071366087, 9102019.400702700018883, 0.0 ], [ 796717.907614386407658, 9102032.820122241973877, 0.0 ], [ 796704.834925296599977, 9102057.255642790347338, 0.0 ], [ 796696.173543406650424, 9102081.661544254049659, 0.0 ], [ 796733.295249237446114, 9102190.983638685196638, 0.0 ], [ 796756.837333733681589, 9102248.378235509619117, 0.0 ], [ 796779.188337026396766, 9102292.500056875869632, 0.0 ], [ 796809.590219146339223, 9102386.372052874416113, 0.0 ], [ 796818.721678924630396, 9102432.795132577419281, 0.0 ], [ 796808.920726163778454, 9102451.675073610618711, 0.0 ], [ 796780.488372394931503, 9102488.386456184089184, 0.0 ], [ 796741.05685318086762, 9102529.597898472100496, 0.0 ], [ 796701.544393848860636, 9102558.63555883616209, 0.0 ], [ 796668.55369143479038, 9102573.242153286933899, 0.0 ], [ 796622.343197206617333, 9102590.149887930601835, 0.0 ], [ 796590.477347509819083, 9102608.069087767973542, 0.0 ], [ 796578.448495017830282, 9102623.643565529957414, 0.0 ], [ 796574.609329329105094, 9102709.995498530566692, 0.0 ], [ 796565.940409855684265, 9102733.294490613043308, 0.0 ], [ 796561.609615105902776, 9102745.497556628659368, 0.0 ], [ 796566.189852979383431, 9102770.922434026375413, 0.0 ], [ 796586.291057611815631, 9102808.418558072298765, 0.0 ], [ 796595.224120538914576, 9102824.960695611312985, 0.0 ], [ 796585.444955631275661, 9102847.160517869517207, 0.0 ], [ 796550.534312107833102, 9102904.942893024533987, 0.0 ], [ 796533.298972943332046, 9102967.035077221691608, 0.0 ], [ 796501.946079513756558, 9103062.423355624079704, 0.0 ], [ 796485.666685239062645, 9103102.374055335298181, 0.0 ], [ 796428.764027401804924, 9103170.262519631534815, 0.0 ], [ 796411.235152242006734, 9103188.086800733581185, 0.0 ], [ 796392.603376200655475, 9103205.918041480705142, 0.0 ], [ 796361.008081280975603, 9103264.78487703204155, 0.0 ], [ 796346.875714401481673, 9103295.867261417210102, 0.0 ], [ 796322.788037465768866, 9103322.588877215981483, 0.0 ], [ 796274.487968162633479, 9103357.217615677043796, 0.0 ], [ 796219.541435427730903, 9103387.463269101455808, 0.0 ], [ 796181.064840726554394, 9103406.532634869217873, 0.0 ], [ 796163.513811240321957, 9103421.036551462486386, 0.0 ], [ 796164.887572621461004, 9103461.977062158286572, 0.0 ], [ 796164.97542005428113, 9103475.257321052253246, 0.0 ], [ 796151.872511639492586, 9103495.265416676178575, 0.0 ], [ 796082.785652772057801, 9103555.486570993438363, 0.0 ], [ 796059.771294730366208, 9103577.773644711822271, 0.0 ], [ 796053.234435666468926, 9103589.991168774664402, 0.0 ], [ 796063.350700453156605, 9103618.699542734771967, 0.0 ], [ 796076.848821948631667, 9103658.45312032289803, 0.0 ], [ 796079.237529512727633, 9103686.10584338568151, 0.0 ], [ 796078.193169172736816, 9103694.966708421707153, 0.0 ], [ 796072.854294130811468, 9103721.564106103032827, 0.0 ], [ 796049.708137964829803, 9103723.930607670918107, 0.0 ], [ 796040.892295377561823, 9103725.095406517386436, 0.0 ], [ 795951.696815251838416, 9103746.713164392858744, 0.0 ], [ 795923.080063149682246, 9103755.756206216290593, 0.0 ], [ 795908.815555534092709, 9103766.917779987677932, 0.0 ], [ 795886.977004001149908, 9103800.264584807679057, 0.0 ], [ 795876.123508286429569, 9103826.898012861609459, 0.0 ], [ 795862.531459251185879, 9103939.875488867983222, 0.0 ], [ 795858.258739446522668, 9103960.931937815621495, 0.0 ], [ 795817.495333825936541, 9103967.841592445969582, 0.0 ], [ 795710.652885367861018, 9103989.575084932148457, 0.0 ], [ 795687.557870743912645, 9103999.68809037655592, 0.0 ], [ 795659.043195460457355, 9104024.224818529561162, 0.0 ], [ 795638.285297288210131, 9104054.243707098066807, 0.0 ], [ 795624.093652865849435, 9104076.47217421233654, 0.0 ], [ 795579.071894626598805, 9104106.65132806263864, 0.0 ], [ 795558.160593827953562, 9104113.429719489067793, 0.0 ], [ 795541.675379379768856, 9104122.392274338752031, 0.0 ], [ 795533.998985453275964, 9104129.083349948748946, 0.0 ], [ 795490.430338728474453, 9104212.376087281852961, 0.0 ], [ 795480.635576862259768, 9104232.362214025110006, 0.0 ], [ 795489.65582977142185, 9104262.184489840641618, 0.0 ], [ 795497.507400260190479, 9104282.054256875067949, 0.0 ], [ 795500.012398422695696, 9104327.414076659828424, 0.0 ], [ 795493.519124485785142, 9104346.271247060969472, 0.0 ], [ 795473.798161730519496, 9104366.322806192561984, 0.0 ], [ 795455.092428364092484, 9104373.086562268435955, 0.0 ], [ 795423.144746711477637, 9104378.830634934827685, 0.0 ], [ 795406.652223711134866, 9104386.686627889052033, 0.0 ], [ 795396.828188833314925, 9104402.245724907144904, 0.0 ], [ 795396.923010470578447, 9104416.632818091660738, 0.0 ], [ 795409.354034459916875, 9104461.927191326394677, 0.0 ], [ 795413.144023184664547, 9104534.946994738653302, 0.0 ], [ 795368.581111573032103, 9104634.847133308649063, 0.0 ], [ 795384.298953046556562, 9104676.799538260325789, 0.0 ], [ 795389.864557254593819, 9104684.51004091091454, 0.0 ], [ 795422.95924114738591, 9104685.398611592128873, 0.0 ], [ 795451.56205859198235, 9104674.142848148941994, 0.0 ], [ 795463.66493059892673, 9104669.636130960658193, 0.0 ], [ 795476.950946075259708, 9104677.295857831835747, 0.0 ], [ 795480.376384896924719, 9104694.981004754081368, 0.0 ], [ 795481.916902368888259, 9104761.375336483120918, 0.0 ], [ 795461.107357223751023, 9104783.647143514826894, 0.0 ], [ 795396.31966511963401, 9104827.236821435391903, 0.0 ], [ 795378.753192394273356, 9104839.526775056496263, 0.0 ], [ 795362.326073538511992, 9104857.342685172334313, 0.0 ], [ 795349.317027006065473, 9104891.73736990056932, 0.0 ], [ 795343.984650580445305, 9104919.440836656838655, 0.0 ], [ 795298.990905803395435, 9104954.045897731557488, 0.0 ], [ 795274.835988987470046, 9104970.806115951389074, 0.0 ], [ 795247.554432039149106, 9105015.255335230380297, 0.0 ], [ 795251.125456543872133, 9105055.07426649518311, 0.0 ], [ 795243.783808180014603, 9105112.673049485310912, 0.0 ], [ 795240.64985997392796, 9105139.255263235419989, 0.0 ], [ 795252.898560288595036, 9105156.882331259548664, 0.0 ], [ 795316.999279387528077, 9105176.38177078217268, 0.0 ], [ 795330.285374973900616, 9105184.041469648480415, 0.0 ], [ 795339.188920594169758, 9105196.157082572579384, 0.0 ], [ 795316.493742890423164, 9105267.137609263882041, 0.0 ], [ 795329.903705583885312, 9105293.611047638580203, 0.0 ], [ 795290.216908368980512, 9105464.309869784861803, 0.0 ], [ 795291.917093416675925, 9105555.051162676885724, 0.0 ], [ 795337.472384714055806, 9105605.661225039511919, 0.0 ], [ 795413.844452421413735, 9105646.107918508350849, 0.0 ], [ 795641.84414733434096, 9105765.241366328671575, 0.0 ], [ 795742.532673295354471, 9105813.2748310752213, 0.0 ], [ 795835.427924411254935, 9105850.291857590898871, 0.0 ], [ 795879.567622789880261, 9105853.321303457021713, 0.0 ], [ 795871.335779486224055, 9105833.559005772694945, 0.0 ], [ 795870.167976473225281, 9105815.658949935808778, 0.0 ], [ 795880.464136944385245, 9105785.04323142208159, 0.0 ], [ 795891.852047473425046, 9105760.740361316129565, 0.0 ], [ 795905.318341911071911, 9105733.263590343296528, 0.0 ], [ 795921.975734934327193, 9105712.086268104612827, 0.0 ], [ 795958.641004840610549, 9105700.257373329252005, 0.0 ], [ 795975.291416590102017, 9105678.026777105405927, 0.0 ], [ 795979.344559889636002, 9105655.878910237923265, 0.0 ], [ 796018.603320610476658, 9105559.762292360886931, 0.0 ], [ 796024.76291698939167, 9105538.654024064540863, 0.0 ], [ 796061.31000541895628, 9105508.918208384886384, 0.0 ], [ 796066.44759108684957, 9105492.030373822897673, 0.0 ], [ 796071.557370820548385, 9105470.929014155641198, 0.0 ], [ 796078.815343745751306, 9105457.187049899250269, 0.0 ], [ 796113.221070405561477, 9105421.145222125574946, 0.0 ], [ 796199.780940952477977, 9105334.196443688124418, 0.0 ], [ 796207.704830443486571, 9105325.300019869580865, 0.0 ], [ 796214.285066042677499, 9105288.388013441115618, 0.0 ], [ 796211.99774579028599, 9105259.96175310947001, 0.0 ], [ 796211.726507515413687, 9105218.881821911782026, 0.0 ], [ 796221.069900522008538, 9105203.019455783069134, 0.0 ], [ 796223.106841862900183, 9105193.525292068719864, 0.0 ], [ 796229.168862514896318, 9105157.670535489916801, 0.0 ], [ 796232.178830710472539, 9105136.582982510328293, 0.0 ], [ 796247.584496606374159, 9105084.865501068532467, 0.0 ], [ 796254.682193244341761, 9105046.896532464772463, 0.0 ], [ 796258.085206145886332, 9105022.382877111434937, 0.0 ], [ 796261.839135016547516, 9104994.706921154633164, 0.0 ], [ 796286.082969825947657, 9104989.762526718899608, 0.0 ], [ 796329.25463846931234, 9104969.726529205217957, 0.0 ], [ 796361.911435384885408, 9104947.12645897269249, 0.0 ], [ 796401.007240406470373, 9104906.049264771863818, 0.0 ], [ 796428.415133235044777, 9104883.483478575944901, 0.0 ], [ 796467.667623087298125, 9104866.106815198436379, 0.0 ], [ 796509.474520234391093, 9104838.178857514634728, 0.0 ], [ 796534.249431685777381, 9104814.313907396048307, 0.0 ], [ 796556.382268428336829, 9104787.832679342478514, 0.0 ], [ 796574.613688116427511, 9104766.644474618136883, 0.0 ], [ 796613.683018573094159, 9104721.617383467033505, 0.0 ], [ 796613.508804902085103, 9104695.28366656601429, 0.0 ], [ 796621.181556361727417, 9104664.948157390579581, 0.0 ], [ 796626.186219259863719, 9104628.046578088775277, 0.0 ], [ 796632.633909898693673, 9104610.886048981919885, 0.0 ], [ 796656.035365858115256, 9104577.813044501468539, 0.0 ], [ 796672.884557224693708, 9104546.100080022588372, 0.0 ], [ 796685.77103506308049, 9104510.463007358834147, 0.0 ], [ 796683.328735541785136, 9104438.058788476511836, 0.0 ], [ 796687.811978454468772, 9104401.687215579673648, 0.0 ], [ 796701.690589979756624, 9104357.353018322959542, 0.0 ], [ 796709.354432425461709, 9104325.700586898252368, 0.0 ], [ 796728.02987804368604, 9104292.395244194194674, 0.0 ], [ 796745.183193813427351, 9104267.000278703868389, 0.0 ], [ 796749.708286930574104, 9104236.948715895414352, 0.0 ], [ 796743.221548512112349, 9104208.550403382629156, 0.0 ], [ 796739.925808290485293, 9104186.45116844587028, 0.0 ], [ 796756.932336067548022, 9104138.936090050265193, 0.0 ], [ 796780.300322474446148, 9104100.859059147536755, 0.0 ], [ 796817.79756441176869, 9104056.368628596886992, 0.0 ], [ 796844.366813852917403, 9104026.171086406335235, 0.0 ], [ 796899.075732448603958, 9104004.740766303613782, 0.0 ], [ 796959.400363163324073, 9103999.073795288801193, 0.0 ], [ 797015.7972332945792, 9103994.749704135581851, 0.0 ], [ 797060.410795997013338, 9103994.453897505998611, 0.0 ], [ 797090.52073877141811, 9103983.720263844355941, 0.0 ], [ 797110.081009244313464, 9103965.156456964090466, 0.0 ], [ 797129.483949338784441, 9103922.891997234895825, 0.0 ], [ 797148.843280668719672, 9103874.044280154630542, 0.0 ], [ 797193.232445630128495, 9103824.795505786314607, 0.0 ], [ 797204.829430477460846, 9103807.835683504119515, 0.0 ], [ 797235.242158200358972, 9103763.654872141778469, 0.0 ], [ 797246.670289501198567, 9103745.671404341235757, 0.0 ], [ 797250.71546196215786, 9103722.469776382669806, 0.0 ], [ 797251.611176494974643, 9103699.289382714778185, 0.0 ], [ 797261.968779313378036, 9103678.152891222387552, 0.0 ], [ 797278.694420346990228, 9103667.50799410790205, 0.0 ], [ 797302.754049104871228, 9103654.707469470798969, 0.0 ], [ 797310.046415421995334, 9103646.231889089569449, 0.0 ], [ 797323.552980086999014, 9103625.074241248890758, 0.0 ], [ 797345.394298147642985, 9103594.380883375182748, 0.0 ], [ 797356.808449973352253, 9103574.290850725024939, 0.0 ], [ 797365.017400738317519, 9103545.794594790786505, 0.0 ], [ 797368.01960692810826, 9103523.653264114633203, 0.0 ], [ 797368.894455157336779, 9103497.312752043828368, 0.0 ], [ 797367.690804539597593, 9103474.145942710340023, 0.0 ], [ 797377.803173549007624, 9103416.142207205295563, 0.0 ], [ 797378.580144232371822, 9103375.054706772789359, 0.0 ], [ 797382.576062984648161, 9103344.479814890772104, 0.0 ], [ 797385.522234219592065, 9103313.912004813551903, 0.0 ], [ 797390.581859312485904, 9103285.436751455068588, 0.0 ], [ 797400.966907361289486, 9103268.513518791645765, 0.0 ], [ 797442.441391651285812, 9103230.315483417361975, 0.0 ], [ 797460.328527944511734, 9103197.015052888542414, 0.0 ], [ 797468.81539614778012, 9103170.886778747662902, 0.0 ], [ 797468.600120830116794, 9103138.496645653620362, 0.0 ], [ 797464.548163213767111, 9103121.142513701692224, 0.0 ], [ 797459.67220639041625, 9103098.263395179063082, 0.0 ], [ 797457.929582763463259, 9103072.993774361908436, 0.0 ], [ 797458.490917329443619, 9103039.017810255289078, 0.0 ], [ 797468.594555800547823, 9103019.199798380956054, 0.0 ], [ 797481.112314347410575, 9103007.265985770151019, 0.0 ], [ 797492.82181461143773, 9102992.177084984257817, 0.0 ], [ 797503.665170983062126, 9102965.243554927408695, 0.0 ], [ 797509.023865300463513, 9102942.296501394361258, 0.0 ], [ 797512.828861928544939, 9102922.520232118666172, 0.0 ], [ 797518.187540038954467, 9102899.57328449562192, 0.0 ], [ 797541.669366540620103, 9102878.875718219205737, 0.0 ], [ 797552.633596647763625, 9102870.112432228401303, 0.0 ], [ 797582.476695616962388, 9102858.853237900882959, 0.0 ], [ 797610.782090117805637, 9102853.134496595710516, 0.0 ], [ 797643.018649663077667, 9102846.599800163879991, 0.0 ], [ 797693.389004000695422, 9102843.894668096676469, 0.0 ], [ 797742.924591824295931, 9102834.084325423464179, 0.0 ], [ 797788.534382275305688, 9102825.880503674969077, 0.0 ], [ 797822.371931147994474, 9102823.284811932593584, 0.0 ], [ 797838.209052323363721, 9102823.294931830838323, 0.0 ], [ 797841.355310899903998, 9102797.867422215640545, 0.0 ], [ 797853.354434646083973, 9102777.865853853523731, 0.0 ], [ 797865.464073820738122, 9102774.464837606996298, 0.0 ], [ 797918.321540559874848, 9102761.938731905072927, 0.0 ], [ 797938.033450121292844, 9102740.778890425339341, 0.0 ], [ 797952.208692607237026, 9102716.335959132760763, 0.0 ], [ 797965.281249490566552, 9102691.899920020252466, 0.0 ], [ 797979.581890893401578, 9102686.270855989307165, 0.0 ], [ 798005.962653372669592, 9102672.814201725646853, 0.0 ], [ 798011.960449221893214, 9102667.324328694492579, 0.0 ], [ 798027.887622064677998, 9102652.746200172230601, 0.0 ], [ 798043.136276687029749, 9102623.868792237713933, 0.0 ], [ 798045.098688746569678, 9102587.332461098209023, 0.0 ], [ 798044.86270070145838, 9102551.917871739715338, 0.0 ], [ 798051.221861531492323, 9102513.138713287189603, 0.0 ], [ 798064.198281444143504, 9102474.315558411180973, 0.0 ], [ 798063.895860216580331, 9102428.94032384827733, 0.0 ], [ 798066.887303933501244, 9102381.329608913511038, 0.0 ], [ 798077.842312596039847, 9102370.189074208959937, 0.0 ], [ 798139.323077766690403, 9102327.722001511603594, 0.0 ], [ 798175.55566757672932, 9102303.131725922226906, 0.0 ], [ 798180.981488639605232, 9102289.814495075494051, 0.0 ], [ 798179.767905206186697, 9102273.221028605476022, 0.0 ], [ 798170.745625599403866, 9102243.398478798568249, 0.0 ], [ 798153.973709941841662, 9102209.200669782236218, 0.0 ], [ 798084.791190854972228, 9102089.024969855323434, 0.0 ], [ 798082.430476299021393, 9102065.798808243125677, 0.0 ], [ 798077.871399322990328, 9102043.693847607821226, 0.0 ], [ 798091.024653253494762, 9102031.431857697665691, 0.0 ], [ 798105.229103123536333, 9102011.415400810539722, 0.0 ], [ 798152.113569312496111, 9101930.308873813599348, 0.0 ], [ 798181.743322938214988, 9101907.97594084776938, 0.0 ], [ 798222.409102878300473, 9101886.676103280857205, 0.0 ], [ 798394.909043098799884, 9101788.129386834800243, 0.0 ], [ 798422.332880871719681, 9101765.811061382293701, 0.0 ], [ 798534.100604583392851, 9101656.60141084343195, 0.0 ], [ 798549.370505354367197, 9101631.0437504760921, 0.0 ], [ 798574.470223007025197, 9101591.032199097797275, 0.0 ], [ 798606.223934903740883, 9101556.510201716795564, 0.0 ], [ 798630.42760669067502, 9101547.494284616783261, 0.0 ], [ 798710.729461031965911, 9101515.968050200492144, 0.0 ], [ 798725.014861073577777, 9101508.12504193931818, 0.0 ], [ 798736.983523451257497, 9101483.696216121315956, 0.0 ], [ 798746.761250610463321, 9101461.49557146243751, 0.0 ], [ 798757.656627952586859, 9101441.500872690230608, 0.0 ], [ 798764.103543555480428, 9101416.002077661454678, 0.0 ], [ 798799.091528026154265, 9101370.390527501702309, 0.0 ], [ 798815.471525868633762, 9101345.931921143084764, 0.0 ], [ 798833.879505935357884, 9101294.897383023053408, 0.0 ], [ 798838.142834748374298, 9101272.733582615852356, 0.0 ], [ 798842.132146219024435, 9101209.620815698057413, 0.0 ], [ 798851.865284875733778, 9101180.779788948595524, 0.0 ], [ 798870.450864994549192, 9101156.306588036939502, 0.0 ], [ 798901.160404478898272, 9101130.645230367779732, 0.0 ], [ 798935.215406770585105, 9101110.49551566876471, 0.0 ], [ 798961.632135809049942, 9101102.571047633886337, 0.0 ], [ 799054.168098387075588, 9101086.456726368516684, 0.0 ], [ 799070.644194733002223, 9101076.385325077921152, 0.0 ], [ 799092.567835961352102, 9101056.316703656688333, 0.0 ] ] ] ] } },
{ "type": "Feature", "properties": { "OBJECTID": 10546.0, "NAMOBJ": "Gebang", "FCODE": "BA03070040", "REMARK": null, "METADATA": "TASWIL1000020221227_DATA_BATAS_DESAKELURAHAN", "SRS_ID": "SRGI 2013", "KDBBPS": null, "KDCBPS": null, "KDCPUM": "35.09.20", "KDEBPS": null, "KDEPUM": "35.09.20.1003", "KDPBPS": null, "KDPKAB": "35.09", "KDPPUM": "35", "LUASWH": 0.0, "TIPADM": 2, "WADMKC": "Patrang", "WADMKD": "Gebang", "WADMKK": "Jember", "WADMPR": "Jawa Timur", "WIADKC": null, "WIADKK": null, "WIADPR": null, "WIADKD": null, "UUPP": "Data RBI Skala 1:25.000", "luas": 3.6727625640567778, "SHAPE_Leng": 0.090379888095586003, "SHAPE_Area": 0.00030135080223499998, "area_kecam": null, "area_kec_1": null, "area_kec_2": null, "area_kec_3": null, "area_kec_4": null, "area_kec_5": null, "area_kec_6": null, "area_kec_7": null, "area_kec_8": null, "area_kec_9": null, "area_kec10": null, "area_kec11": null, "area_kec12": null, "area_kec13": null, "area_kec14": null, "area_kec15": null, "area_kec16": null, "area_kec17": null, "area_kec18": null, "area_kec19": null, "area_kec20": null, "area_kec21": null, "area_kec22": null, "area_kec23": null, "area_kec24": null, "area_kec25": null, "area_kec26": null, "area_kec27": null, "jml_pop": null, "luas_ha": 367, "kepadatan": 74, "Data_Penduduk_Jember_3Kecamatan_Kecamatan": "Patrang", "Data_Penduduk_Jember_3Kecamatan_Laki_Laki": "13473", "Data_Penduduk_Jember_3Kecamatan_Perempuan": "13637", "Data_Penduduk_Jember_3Kecamatan_Jumlah_Total": "27110" }, "geometry": { "type": "MultiPolygon", "coordinates": [ [ [ [ 796158.803280817344785, 9097725.745406925678253, 0.0 ], [ 796125.426282892120071, 9097681.697659930214286, 0.0 ], [ 796110.906293923966587, 9097654.125605961307883, 0.0 ], [ 796105.164067235891707, 9097619.854626702144742, 0.0 ], [ 796105.994313076254912, 9097578.899401318281889, 0.0 ], [ 796112.456039194250479, 9097555.614659164100885, 0.0 ], [ 796156.270965585135855, 9097511.05295917391777, 0.0 ], [ 796173.804392011486925, 9097494.334958259016275, 0.0 ], [ 796181.412913672626019, 9097477.683047417551279, 0.0 ], [ 796182.427205736981705, 9097464.395300542935729, 0.0 ], [ 796183.375155457295477, 9097441.1470299474895, 0.0 ], [ 796179.882658735383302, 9097413.50166917219758, 0.0 ], [ 796183.072937070392072, 9097395.772541388869286, 0.0 ], [ 796197.305341765284538, 9097380.183248717337847, 0.0 ], [ 796210.486602941062301, 9097372.348086787387729, 0.0 ], [ 796252.346554899355397, 9097365.428717691451311, 0.0 ], [ 796337.294251248473302, 9097370.39653766900301, 0.0 ], [ 796347.226395079283975, 9097371.436985280364752, 0.0 ], [ 796416.765313747921027, 9097380.934356186538935, 0.0 ], [ 796475.313884495641105, 9097396.038332747295499, 0.0 ], [ 796510.68290515220724, 9097407.97699810937047, 0.0 ], [ 796537.170748336357065, 9097411.120516285300255, 0.0 ], [ 796571.318863845663145, 9097405.359133036807179, 0.0 ], [ 796646.231659740675241, 9097393.791918534785509, 0.0 ], [ 796676.005610551219434, 9097393.593283040449023, 0.0 ], [ 796706.926728000631556, 9097400.027495270594954, 0.0 ], [ 796734.59881980670616, 9097415.337401188910007, 0.0 ], [ 796750.118366688722745, 9097427.408131804317236, 0.0 ], [ 796773.298272137064487, 9097430.573704311624169, 0.0 ], [ 796823.884076304384507, 9097409.207632388919592, 0.0 ], [ 796898.767287237104028, 9097393.213040005415678, 0.0 ], [ 796992.441615455434658, 9097383.733670081943274, 0.0 ], [ 797001.944861249066889, 9097320.585096269845963, 0.0 ], [ 796991.473231027601287, 9097238.755089815706015, 0.0 ], [ 796995.322308427770622, 9097154.61590750515461, 0.0 ], [ 797018.124802193953656, 9097101.339145364239812, 0.0 ], [ 797031.143319494090974, 9097069.156328998506069, 0.0 ], [ 797040.897752622258849, 9097043.635744143277407, 0.0 ], [ 797050.615298997843638, 9097012.581505216658115, 0.0 ], [ 797080.914939718553796, 9096926.051952978596091, 0.0 ], [ 797090.499240581062622, 9096875.077169075608253, 0.0 ], [ 797099.010361423017457, 9096828.536246294155717, 0.0 ], [ 797109.837906162021682, 9096798.581519467756152, 0.0 ], [ 797127.237416834686883, 9096761.942295916378498, 0.0 ], [ 797153.910125234164298, 9096627.84613486006856, 0.0 ], [ 797166.809749515494332, 9096577.955749820917845, 0.0 ], [ 797186.273856847081333, 9096520.274239663034678, 0.0 ], [ 797191.669022918911651, 9096502.53001569211483, 0.0 ], [ 797213.353292325860821, 9096447.047021904960275, 0.0 ], [ 797225.275906143244356, 9096415.978008212521672, 0.0 ], [ 797229.397973853629082, 9096372.786841198801994, 0.0 ], [ 797226.866660870844498, 9096324.106403164565563, 0.0 ], [ 797207.431621873285621, 9096221.30770430341363, 0.0 ], [ 797187.145715180551633, 9096156.144943330436945, 0.0 ], [ 797174.667612746125087, 9096104.210813749581575, 0.0 ], [ 797168.976384334964678, 9096077.686705252155662, 0.0 ], [ 797169.990103933378123, 9096064.398710979148746, 0.0 ], [ 797164.447016076883301, 9096060.008776869624853, 0.0 ], [ 797143.436200124677271, 9096051.295217288658023, 0.0 ], [ 797099.164855436887592, 9096027.243027100339532, 0.0 ], [ 797047.189174464670941, 9096005.455648735165596, 0.0 ], [ 797007.373103964840993, 9095988.013910548761487, 0.0 ], [ 796955.360640698578209, 9095960.692918343469501, 0.0 ], [ 796918.845393118448555, 9095942.122290695086122, 0.0 ], [ 796907.79609786439687, 9095938.875809235498309, 0.0 ], [ 796904.59899290848989, 9095955.498643483966589, 0.0 ], [ 796900.350979740731418, 9095979.875575631856918, 0.0 ], [ 796897.079965872922912, 9095985.431341022253036, 0.0 ], [ 796782.656884376890957, 9096024.932803507894278, 0.0 ], [ 796736.439337050542235, 9096039.629528593271971, 0.0 ], [ 796601.12396766198799, 9096088.124076124280691, 0.0 ], [ 796487.810901902383193, 9096128.72394211217761, 0.0 ], [ 796449.312100837239996, 9096143.368762213736773, 0.0 ], [ 796369.028588748769835, 9096176.00046207383275, 0.0 ], [ 796348.143451139214449, 9096186.100385744124651, 0.0 ], [ 796332.742542616324499, 9096191.737138004973531, 0.0 ], [ 796314.040662784827873, 9096198.502439586445689, 0.0 ], [ 796316.194389689713717, 9096190.740589475259185, 0.0 ], [ 796321.493778256000951, 9096158.609554855152965, 0.0 ], [ 796309.9053010775242, 9096074.573911227285862, 0.0 ], [ 796287.356453192420304, 9096000.5720697902143, 0.0 ], [ 796285.106729294988327, 9095993.946577470749617, 0.0 ], [ 796278.387101989006624, 9095978.496907541528344, 0.0 ], [ 796276.13737959205173, 9095971.871415501460433, 0.0 ], [ 796249.414107335382141, 9095933.313469642773271, 0.0 ], [ 796160.651499728905037, 9095852.006206406280398, 0.0 ], [ 796129.613349441671744, 9095827.86477941647172, 0.0 ], [ 796083.167088849237189, 9095808.253008926287293, 0.0 ], [ 796044.469295633141883, 9095793.016742581501603, 0.0 ], [ 796016.783752421732061, 9095775.493402916938066, 0.0 ], [ 795983.452018956188112, 9095738.086230102926493, 0.0 ], [ 795971.211550212115981, 9095721.56662767753005, 0.0 ], [ 795957.838985301321372, 9095700.62758026458323, 0.0 ], [ 795948.751862551318482, 9095660.845234517008066, 0.0 ], [ 795945.310830511152744, 9095640.946599829941988, 0.0 ], [ 795938.613490676507354, 9095628.817139845341444, 0.0 ], [ 795920.874464578810148, 9095614.54770153015852, 0.0 ], [ 795908.70056808902882, 9095607.988388556987047, 0.0 ], [ 795863.409018689999357, 9095596.116029625758529, 0.0 ], [ 795840.208223352208734, 9095589.630106829106808, 0.0 ], [ 795814.728395965648815, 9095572.092225229367614, 0.0 ], [ 795780.397340865340084, 9095550.186124052852392, 0.0 ], [ 795766.143508918350562, 9095562.45534585416317, 0.0 ], [ 795771.107466205954552, 9095645.428279910236597, 0.0 ], [ 795713.678983409423381, 9095632.530018970370293, 0.0 ], [ 795602.041906291036867, 9095593.430803278461099, 0.0 ], [ 795585.449851802550256, 9095585.794214503839612, 0.0 ], [ 795512.650259878719226, 9095582.958601787686348, 0.0 ], [ 795434.344647113699466, 9095581.266716312617064, 0.0 ], [ 795397.948578722658567, 9095580.402261568233371, 0.0 ], [ 795346.122263876954094, 9095580.747218899428844, 0.0 ], [ 795293.2006455269875, 9095582.206147080287337, 0.0 ], [ 795224.826598245301284, 9095581.554329296573997, 0.0 ], [ 795196.149503570748493, 9095580.638358131051064, 0.0 ], [ 795128.900496019981802, 9095583.299135398119688, 0.0 ], [ 795100.23781066108495, 9095584.596489727497101, 0.0 ], [ 794967.930440365336835, 9095587.68960116058588, 0.0 ], [ 794836.718400946818292, 9095589.668075621128082, 0.0 ], [ 794760.736174257122912, 9095605.667280806228518, 0.0 ], [ 794776.453187475097366, 9095647.619065832346678, 0.0 ], [ 794797.639207985484973, 9095682.893762743100524, 0.0 ], [ 794895.646250594174489, 9095828.332509322091937, 0.0 ], [ 794908.187569120898843, 9095890.226610992103815, 0.0 ], [ 794927.080374900484458, 9095912.235892653465271, 0.0 ], [ 794959.352681830292568, 9095956.29108022339642, 0.0 ], [ 794994.999089466058649, 9096010.284508528187871, 0.0 ], [ 795036.085626857122406, 9096053.174380851909518, 0.0 ], [ 795106.011561452411115, 9096121.327513553202152, 0.0 ], [ 795139.33527046861127, 9096157.628387361764908, 0.0 ], [ 795163.859492864576168, 9096197.308299446478486, 0.0 ], [ 795171.732987858122215, 9096220.49754018522799, 0.0 ], [ 795185.215407347423024, 9096258.037143019959331, 0.0 ], [ 795207.460730957565829, 9096286.664346009492874, 0.0 ], [ 795238.52772120886948, 9096315.233348125591874, 0.0 ], [ 795328.347226384095848, 9096389.894692352041602, 0.0 ], [ 795340.60221311962232, 9096408.627615679055452, 0.0 ], [ 795347.284690249478444, 9096418.544090604409575, 0.0 ], [ 795370.699021261418238, 9096457.124408017843962, 0.0 ], [ 795385.188786053564399, 9096480.269665097817779, 0.0 ], [ 795389.665858603315428, 9096490.200583700090647, 0.0 ], [ 795406.419936723541468, 9096522.184731107205153, 0.0 ], [ 795425.379567841417156, 9096554.154212903231382, 0.0 ], [ 795457.704037562711164, 9096605.95620321854949, 0.0 ], [ 795464.511787165654823, 9096634.686158137395978, 0.0 ], [ 795463.467840959783643, 9096643.547161821275949, 0.0 ], [ 795461.380164601723664, 9096661.268945813179016, 0.0 ], [ 795453.756827584700659, 9096675.707087172195315, 0.0 ], [ 795432.952519239042886, 9096697.980516729876399, 0.0 ], [ 795414.382831171853468, 9096724.665824776515365, 0.0 ], [ 795407.928399136057124, 9096749.057088950648904, 0.0 ], [ 795406.002539376029745, 9096791.126136530190706, 0.0 ], [ 795411.692698698025197, 9096817.650148518383503, 0.0 ], [ 795426.226685771602206, 9096847.435600569471717, 0.0 ], [ 795472.070964031619951, 9096942.310775803402066, 0.0 ], [ 795473.335658579715528, 9096966.650729909539223, 0.0 ], [ 795466.035826880251989, 9097029.783535210415721, 0.0 ], [ 795459.537183129694313, 9097047.534741085022688, 0.0 ], [ 795464.021645235363394, 9097058.572368359193206, 0.0 ], [ 795465.212645260966383, 9097071.845374854281545, 0.0 ], [ 795458.890526671661064, 9097116.15702803619206, 0.0 ], [ 795450.31133053463418, 9097152.736582467332482, 0.0 ], [ 795433.99863548297435, 9097187.153925713151693, 0.0 ], [ 795418.648583620088175, 9097200.536959249526262, 0.0 ], [ 795381.317596181877889, 9097225.13346048258245, 0.0 ], [ 795307.7142490579281, 9097267.678621480241418, 0.0 ], [ 795251.724953568191268, 9097305.679685389623046, 0.0 ], [ 795208.806685961550102, 9097319.245557799935341, 0.0 ], [ 795173.526583838509396, 9097320.586301974952221, 0.0 ], [ 795100.761167147546075, 9097323.282783137634397, 0.0 ], [ 794948.753542750375345, 9097349.746610827744007, 0.0 ], [ 794943.291288489243016, 9097357.530017366632819, 0.0 ], [ 794923.669838163652457, 9097391.969072824344039, 0.0 ], [ 794912.870078432606533, 9097426.34960488602519, 0.0 ], [ 794892.439151141559705, 9097505.063541680574417, 0.0 ], [ 794889.424479738576338, 9097549.352964822202921, 0.0 ], [ 794885.453802510397509, 9097615.783715032041073, 0.0 ], [ 794880.263067107065581, 9097664.514621190726757, 0.0 ], [ 794884.783949297387153, 9097681.085616553202271, 0.0 ], [ 794898.134171814424917, 9097698.705038255080581, 0.0 ], [ 794916.968848972115666, 9097711.861032800748944, 0.0 ], [ 794996.696179527556524, 9097761.135647365823388, 0.0 ], [ 795010.068486997624859, 9097782.075018769130111, 0.0 ], [ 795016.824253832921386, 9097803.058046709746122, 0.0 ], [ 795018.08845153870061, 9097827.398153556510806, 0.0 ], [ 795013.824262142181396, 9097849.561219638213515, 0.0 ], [ 795000.738132924539968, 9097871.782779334113002, 0.0 ], [ 794985.395142642781138, 9097886.272230222821236, 0.0 ], [ 795054.014672685880214, 9097923.446260062977672, 0.0 ], [ 795110.320649174274877, 9097933.033608527854085, 0.0 ], [ 795176.529347939649597, 9097939.234867323189974, 0.0 ], [ 795232.974937404273078, 9097969.848900893703103, 0.0 ], [ 795332.486524306470528, 9098009.031454818323255, 0.0 ], [ 795395.607513296883553, 9098048.455093495547771, 0.0 ], [ 795452.082740432117134, 9098083.49605144187808, 0.0 ], [ 795480.879390154499561, 9098102.119269143790007, 0.0 ], [ 795568.055441183969378, 9098110.394315095618367, 0.0 ], [ 795576.884698666399345, 9098111.442639496177435, 0.0 ], [ 795612.018609845545143, 9098087.96753522567451, 0.0 ], [ 795660.436646762304008, 9098072.151456650346518, 0.0 ], [ 795669.236601211130619, 9098068.772644750773907, 0.0 ], [ 795712.155675501213409, 9098055.206522651016712, 0.0 ], [ 795738.533571693580598, 9098041.750395219773054, 0.0 ], [ 795779.232402788009495, 9098025.9854571595788, 0.0 ], [ 795807.896588757401332, 9098024.68806260637939, 0.0 ], [ 795831.076450646622106, 9098027.854315552860498, 0.0 ], [ 795843.213970904238522, 9098028.880368931218982, 0.0 ], [ 795867.408406213158742, 9098018.758902622386813, 0.0 ], [ 795897.064968726714142, 9098000.853761082515121, 0.0 ], [ 795991.629276742925867, 9097959.275175208225846, 0.0 ], [ 796027.924366110586561, 9097944.64588694088161, 0.0 ], [ 796061.940186558756977, 9097918.964246843010187, 0.0 ], [ 796084.943304968299344, 9097895.56957378052175, 0.0 ], [ 796103.093563040252775, 9097805.802271587774158, 0.0 ], [ 796153.333752426900901, 9097732.422314528375864, 0.0 ], [ 796158.803280817344785, 9097725.745406925678253, 0.0 ] ] ] ] } },
{ "type": "Feature", "properties": { "OBJECTID": 11074.0, "NAMOBJ": "Jember Kidul", "FCODE": "BA03070040", "REMARK": null, "METADATA": "TASWIL1000020221227_DATA_BATAS_DESAKELURAHAN", "SRS_ID": "SRGI 2013", "KDBBPS": null, "KDCBPS": null, "KDCPUM": "35.09.19", "KDEBPS": null, "KDEPUM": "35.09.19.1005", "KDPBPS": null, "KDPKAB": "35.09", "KDPPUM": "35", "LUASWH": 0.0, "TIPADM": 2, "WADMKC": "Kaliwates", "WADMKD": "Jemberkidul", "WADMKK": "Jember", "WADMPR": "Jawa Timur", "WIADKC": null, "WIADKK": null, "WIADPR": null, "WIADKD": null, "UUPP": "Data RBI Skala 1:25.000", "luas": 2.119394432385254, "SHAPE_Leng": 0.063289561014143, "SHAPE_Area": 0.000173903047915, "area_kecam": null, "area_kec_1": null, "area_kec_2": null, "area_kec_3": null, "area_kec_4": null, "area_kec_5": null, "area_kec_6": null, "area_kec_7": null, "area_kec_8": null, "area_kec_9": null, "area_kec10": null, "area_kec11": null, "area_kec12": null, "area_kec13": null, "area_kec14": null, "area_kec15": null, "area_kec16": null, "area_kec17": null, "area_kec18": null, "area_kec19": null, "area_kec20": null, "area_kec21": null, "area_kec22": null, "area_kec23": null, "area_kec24": null, "area_kec25": null, "area_kec26": null, "area_kec27": null, "jml_pop": null, "luas_ha": 212, "kepadatan": 89, "Data_Penduduk_Jember_3Kecamatan_Kecamatan": "Kaliwates", "Data_Penduduk_Jember_3Kecamatan_Laki_Laki": "9193", "Data_Penduduk_Jember_3Kecamatan_Perempuan": "9622", "Data_Penduduk_Jember_3Kecamatan_Jumlah_Total": "18815" }, "geometry": { "type": "MultiPolygon", "coordinates": [ [ [ [ 797164.447016076883301, 9096060.008776869624853, 0.0 ], [ 797163.292454275069758, 9096052.269307302311063, 0.0 ], [ 797161.005550141911954, 9096040.110272914171219, 0.0 ], [ 797153.160748521098867, 9096021.347777208313346, 0.0 ], [ 797144.176095479982905, 9095997.059341857209802, 0.0 ], [ 797141.778088591294363, 9095968.299681391566992, 0.0 ], [ 797153.507790532428771, 9095908.456231473013759, 0.0 ], [ 797158.89551234152168, 9095889.605166597291827, 0.0 ], [ 797143.368682388681918, 9095876.427890887483954, 0.0 ], [ 797123.127091708942316, 9095817.905424790456891, 0.0 ], [ 797119.678327234345488, 9095796.899886522442102, 0.0 ], [ 797124.969505444634706, 9095763.661948699504137, 0.0 ], [ 797124.843559614382684, 9095744.847683569416404, 0.0 ], [ 797139.201074272510596, 9095748.072064524516463, 0.0 ], [ 797164.607771596754901, 9095754.542521527037024, 0.0 ], [ 797160.145078916917555, 9095746.824869515374303, 0.0 ], [ 797130.053435985930264, 9095699.435945872217417, 0.0 ], [ 797066.532679959665984, 9095600.25296619720757, 0.0 ], [ 797039.712041935650632, 9095547.308027695864439, 0.0 ], [ 796992.769131074775942, 9095453.547987071797252, 0.0 ], [ 797005.749622871167958, 9095415.831244135275483, 0.0 ], [ 797016.621007948881015, 9095392.516675908118486, 0.0 ], [ 797015.103517078794539, 9095330.548422712832689, 0.0 ], [ 797009.07868236512877, 9095254.222501087933779, 0.0 ], [ 796999.775501255877316, 9095182.345341481268406, 0.0 ], [ 796989.658515999093652, 9095153.637612853199244, 0.0 ], [ 796905.986371051287279, 9095009.212656302377582, 0.0 ], [ 796896.764786791754887, 9094949.509536731988192, 0.0 ], [ 796869.677996951970272, 9094856.723338657990098, 0.0 ], [ 796843.70886868913658, 9094766.143186993896961, 0.0 ], [ 796826.605441940715536, 9094682.14422857016325, 0.0 ], [ 796820.75119521189481, 9094631.272421890869737, 0.0 ], [ 796818.382709372323006, 9094606.939867056906223, 0.0 ], [ 796816.014330412726849, 9094582.607090596109629, 0.0 ], [ 796792.858390792971477, 9094582.762136694043875, 0.0 ], [ 796757.468983068596572, 9094567.50449239090085, 0.0 ], [ 796741.898194162757136, 9094547.687022628262639, 0.0 ], [ 796749.253955804044381, 9094493.406642522662878, 0.0 ], [ 796744.524655443732627, 9094445.848036210983992, 0.0 ], [ 796726.733519555069506, 9094423.832042193040252, 0.0 ], [ 796690.197358757257462, 9094401.941539565101266, 0.0 ], [ 796634.819474518066272, 9094365.789326818659902, 0.0 ], [ 796614.823313178378157, 9094343.788075659424067, 0.0 ], [ 796601.36157651967369, 9094309.568787172436714, 0.0 ], [ 796583.511635033646598, 9094278.699024112895131, 0.0 ], [ 796560.222353116841987, 9094258.933429390192032, 0.0 ], [ 796509.351694246288389, 9094237.138784749433398, 0.0 ], [ 796439.75805485015735, 9094218.789623709395528, 0.0 ], [ 796350.301800563465804, 9094198.359609965234995, 0.0 ], [ 796279.598305430728942, 9094178.911021996289492, 0.0 ], [ 796206.571096189552918, 9094141.769745286554098, 0.0 ], [ 796168.96985238045454, 9094125.419849691912532, 0.0 ], [ 796123.716509140096605, 9094119.081834116950631, 0.0 ], [ 796090.658983644098043, 9094122.622914426028728, 0.0 ], [ 796048.920713157509454, 9094147.250446934252977, 0.0 ], [ 795998.39071718044579, 9094176.363547585904598, 0.0 ], [ 795974.154429273214191, 9094179.845702452585101, 0.0 ], [ 795943.24306105542928, 9094174.518435340374708, 0.0 ], [ 795921.049478153465316, 9094153.638328561559319, 0.0 ], [ 795883.226570954662748, 9094104.087354293093085, 0.0 ], [ 795856.651996747939847, 9094087.663599392399192, 0.0 ], [ 795825.718559751519933, 9094079.016068365424871, 0.0 ], [ 795762.874694172292948, 9094080.542519047856331, 0.0 ], [ 795705.677080356050283, 9094101.952531790360808, 0.0 ], [ 795674.847103031701408, 9094108.798779763281345, 0.0 ], [ 795624.125057523371652, 9094109.137260982766747, 0.0 ], [ 795530.340528505970724, 9094100.908990075811744, 0.0 ], [ 795434.306405977113172, 9094086.054953871294856, 0.0 ], [ 795412.43798563349992, 9094113.869288699701428, 0.0 ], [ 795406.96173636149615, 9094119.43974832072854, 0.0 ], [ 795401.544294962892309, 9094133.86355078779161, 0.0 ], [ 795403.911932787392288, 9094158.196147730574012, 0.0 ], [ 795418.43099955865182, 9094185.767961489036679, 0.0 ], [ 795439.528887947555631, 9094207.76218593493104, 0.0 ], [ 795459.457946632988751, 9094219.803494958207011, 0.0 ], [ 795511.452359422808513, 9094244.911683922633529, 0.0 ], [ 795522.560105912736617, 9094257.012026602402329, 0.0 ], [ 795531.440401329193264, 9094265.806765872985125, 0.0 ], [ 795555.920282358885743, 9094298.845757804811001, 0.0 ], [ 795561.507383505813777, 9094309.876062715426087, 0.0 ], [ 795566.006591086857952, 9094323.127005005255342, 0.0 ], [ 795575.189543585525826, 9094377.296309435740113, 0.0 ], [ 795575.484783000312746, 9094421.563957674428821, 0.0 ], [ 795577.859863481135108, 9094447.003496205434203, 0.0 ], [ 795587.961062387796119, 9094473.497923182323575, 0.0 ], [ 795599.238519622012973, 9094511.052189219743013, 0.0 ], [ 795604.987903977045789, 9094546.429500643163919, 0.0 ], [ 795609.605215250048786, 9094577.387821450829506, 0.0 ], [ 795614.067647017072886, 9094585.105285193771124, 0.0 ], [ 795631.82110659382306, 9094601.588080417364836, 0.0 ], [ 795673.928969273227267, 9094632.295920629054308, 0.0 ], [ 795681.677271442255005, 9094636.671226413920522, 0.0 ], [ 795692.748119781957939, 9094643.237973511219025, 0.0 ], [ 795732.621319372439757, 9094669.534033333882689, 0.0 ], [ 795745.91977912094444, 9094679.405821723863482, 0.0 ], [ 795785.807819488458335, 9094707.915361359715462, 0.0 ], [ 795807.986735525308177, 9094726.581981753930449, 0.0 ], [ 795831.342188314069062, 9094756.308446787297726, 0.0 ], [ 795841.532179650617763, 9094796.083379220217466, 0.0 ], [ 795855.074392650509253, 9094842.476435370743275, 0.0 ], [ 795868.564818314509466, 9094881.12260439619422, 0.0 ], [ 795911.869399028364569, 9095091.115837451070547, 0.0 ], [ 795909.826588091207668, 9095115.477930258959532, 0.0 ], [ 795900.057621247367933, 9095138.784817114472389, 0.0 ], [ 795889.075109787867405, 9095145.49857128970325, 0.0 ], [ 795880.275698499754071, 9095148.877293391153216, 0.0 ], [ 795846.166520854458213, 9095160.17240054346621, 0.0 ], [ 795784.467953067738563, 9095168.331218538805842, 0.0 ], [ 795740.471305658109486, 9095185.225786909461021, 0.0 ], [ 795725.137181994039565, 9095200.82247575558722, 0.0 ], [ 795721.866138877114281, 9095206.377906056120992, 0.0 ], [ 795719.719800882972777, 9095215.246299369260669, 0.0 ], [ 795718.794075357494876, 9095241.814391501247883, 0.0 ], [ 795718.148898637853563, 9095310.436985736712813, 0.0 ], [ 795716.164837516145781, 9095343.652609743177891, 0.0 ], [ 795719.723586477804929, 9095381.258163403719664, 0.0 ], [ 795716.496781536843628, 9095393.453994208946824, 0.0 ], [ 795711.152893103193492, 9095418.944782180711627, 0.0 ], [ 795712.314587207278237, 9095427.791011920198798, 0.0 ], [ 795713.461529370397329, 9095434.423846989870071, 0.0 ], [ 795716.858211046899669, 9095447.682167423889041, 0.0 ], [ 795732.53186659514904, 9095482.993596993386745, 0.0 ], [ 795759.29133055114653, 9095527.085115842521191, 0.0 ], [ 795780.397340865340084, 9095550.186124052852392, 0.0 ], [ 795814.728395965648815, 9095572.092225229367614, 0.0 ], [ 795840.208223352208734, 9095589.630106829106808, 0.0 ], [ 795863.409018689999357, 9095596.116029625758529, 0.0 ], [ 795908.70056808902882, 9095607.988388556987047, 0.0 ], [ 795920.874464578810148, 9095614.54770153015852, 0.0 ], [ 795938.613490676507354, 9095628.817139845341444, 0.0 ], [ 795945.310830511152744, 9095640.946599829941988, 0.0 ], [ 795948.751862551318482, 9095660.845234517008066, 0.0 ], [ 795957.838985301321372, 9095700.62758026458323, 0.0 ], [ 795971.211550212115981, 9095721.56662767753005, 0.0 ], [ 795983.452018956188112, 9095738.086230102926493, 0.0 ], [ 796016.783752421732061, 9095775.493402916938066, 0.0 ], [ 796044.469295633141883, 9095793.016742581501603, 0.0 ], [ 796083.167088849237189, 9095808.253008926287293, 0.0 ], [ 796129.613349441671744, 9095827.86477941647172, 0.0 ], [ 796160.651499728905037, 9095852.006206406280398, 0.0 ], [ 796249.414107335382141, 9095933.313469642773271, 0.0 ], [ 796276.13737959205173, 9095971.871415501460433, 0.0 ], [ 796278.387101989006624, 9095978.496907541528344, 0.0 ], [ 796285.106729294988327, 9095993.946577470749617, 0.0 ], [ 796287.356453192420304, 9096000.5720697902143, 0.0 ], [ 796309.9053010775242, 9096074.573911227285862, 0.0 ], [ 796321.493778256000951, 9096158.609554855152965, 0.0 ], [ 796316.194389689713717, 9096190.740589475259185, 0.0 ], [ 796314.040662784827873, 9096198.502439586445689, 0.0 ], [ 796332.742542616324499, 9096191.737138004973531, 0.0 ], [ 796348.143451139214449, 9096186.100385744124651, 0.0 ], [ 796369.028588748769835, 9096176.00046207383275, 0.0 ], [ 796449.312100837239996, 9096143.368762213736773, 0.0 ], [ 796487.810901902383193, 9096128.72394211217761, 0.0 ], [ 796601.12396766198799, 9096088.124076124280691, 0.0 ], [ 796736.439337050542235, 9096039.629528593271971, 0.0 ], [ 796782.656884376890957, 9096024.932803507894278, 0.0 ], [ 796897.079965872922912, 9095985.431341022253036, 0.0 ], [ 796900.350979740731418, 9095979.875575631856918, 0.0 ], [ 796904.59899290848989, 9095955.498643483966589, 0.0 ], [ 796907.79609786439687, 9095938.875809235498309, 0.0 ], [ 796918.845393118448555, 9095942.122290695086122, 0.0 ], [ 796955.360640698578209, 9095960.692918343469501, 0.0 ], [ 797007.373103964840993, 9095988.013910548761487, 0.0 ], [ 797047.189174464670941, 9096005.455648735165596, 0.0 ], [ 797099.164855436887592, 9096027.243027100339532, 0.0 ], [ 797143.436200124677271, 9096051.295217288658023, 0.0 ], [ 797164.447016076883301, 9096060.008776869624853, 0.0 ] ] ] ] } },
{ "type": "Feature", "properties": { "OBJECTID": 11075.0, "NAMOBJ": "Jemberlor", "FCODE": "BA03070040", "REMARK": null, "METADATA": "TASWIL1000020221227_DATA_BATAS_DESAKELURAHAN", "SRS_ID": "SRGI 2013", "KDBBPS": null, "KDCBPS": null, "KDCPUM": "35.09.20", "KDEBPS": null, "KDEPUM": "35.09.20.1006", "KDPBPS": null, "KDPKAB": "35.09", "KDPPUM": "35", "LUASWH": 0.0, "TIPADM": 2, "WADMKC": "Patrang", "WADMKD": "Jemberlor", "WADMKK": "Jember", "WADMPR": "Jawa Timur", "WIADKC": null, "WIADKK": null, "WIADPR": null, "WIADKD": null, "UUPP": "Data RBI Skala 1:25.000", "luas": 3.5656367076015192, "SHAPE_Leng": 0.088607170757076997, "SHAPE_Area": 0.00029255774667000001, "area_kecam": null, "area_kec_1": null, "area_kec_2": null, "area_kec_3": null, "area_kec_4": null, "area_kec_5": null, "area_kec_6": null, "area_kec_7": null, "area_kec_8": null, "area_kec_9": null, "area_kec10": null, "area_kec11": null, "area_kec12": null, "area_kec13": null, "area_kec14": null, "area_kec15": null, "area_kec16": null, "area_kec17": null, "area_kec18": null, "area_kec19": null, "area_kec20": null, "area_kec21": null, "area_kec22": null, "area_kec23": null, "area_kec24": null, "area_kec25": null, "area_kec26": null, "area_kec27": null, "jml_pop": null, "luas_ha": 357, "kepadatan": 51, "Data_Penduduk_Jember_3Kecamatan_Kecamatan": "Patrang", "Data_Penduduk_Jember_3Kecamatan_Laki_Laki": "8890", "Data_Penduduk_Jember_3Kecamatan_Perempuan": "9237", "Data_Penduduk_Jember_3Kecamatan_Jumlah_Total": "18127" }, "geometry": { "type": "MultiPolygon", "coordinates": [ [ [ [ 798841.6854081035126, 9097196.474250769242644, 0.0 ], [ 798840.247987055452541, 9097146.679193072021008, 0.0 ], [ 798844.227482050773688, 9097082.459466563537717, 0.0 ], [ 798855.784704047720879, 9096997.160564109683037, 0.0 ], [ 798862.975591927184723, 9096918.53130123205483, 0.0 ], [ 798862.685341899632476, 9096875.369149267673492, 0.0 ], [ 798859.161154871573672, 9096843.29657468944788, 0.0 ], [ 798851.248527630697936, 9096814.573718473315239, 0.0 ], [ 798819.134929349180311, 9096794.867782523855567, 0.0 ], [ 798764.929263174417429, 9096769.776515515521169, 0.0 ], [ 798732.778547207824886, 9096744.536825066432357, 0.0 ], [ 798680.547881454927847, 9096685.122439585626125, 0.0 ], [ 798648.322889372706413, 9096648.815631408244371, 0.0 ], [ 798614.00404479901772, 9096629.124439679086208, 0.0 ], [ 798550.939652758417651, 9096598.558710684999824, 0.0 ], [ 798479.060906501021236, 9096569.158799374476075, 0.0 ], [ 798410.535211195005104, 9096546.377111956477165, 0.0 ], [ 798380.679461675696075, 9096534.403197888284922, 0.0 ], [ 798359.586261635296978, 9096513.516276136040688, 0.0 ], [ 798347.344686921802349, 9096496.996974496170878, 0.0 ], [ 798344.945963714970276, 9096468.237121649086475, 0.0 ], [ 798351.250166012207046, 9096421.71053003706038, 0.0 ], [ 798345.461461724014953, 9096380.799000427126884, 0.0 ], [ 798316.374292950611562, 9096319.015379166230559, 0.0 ], [ 798298.410767152556218, 9096271.54502834379673, 0.0 ], [ 798290.253200270235538, 9096206.300538122653961, 0.0 ], [ 798285.515202334150672, 9096157.634594269096851, 0.0 ], [ 798273.095298050902784, 9096114.554091764613986, 0.0 ], [ 798253.060416430002078, 9096087.019264802336693, 0.0 ], [ 798216.492154584964737, 9096060.702694732695818, 0.0 ], [ 798168.948747780872509, 9096042.206737568601966, 0.0 ], [ 798147.85583669738844, 9096021.320041390135884, 0.0 ], [ 798144.414010385517031, 9096001.421137379482388, 0.0 ], [ 798156.365452441619709, 9095974.778704307973385, 0.0 ], [ 798186.951823053881526, 9095931.409380353987217, 0.0 ], [ 798217.582513705128804, 9095894.680319147184491, 0.0 ], [ 798243.906485085259192, 9095873.474675226956606, 0.0 ], [ 798264.828386520966887, 9095868.907037816941738, 0.0 ], [ 798312.275023499969393, 9095873.015292376279831, 0.0 ], [ 798345.371462358627468, 9095875.006408736109734, 0.0 ], [ 798373.960333861177787, 9095862.640031086280942, 0.0 ], [ 798388.102259326609783, 9095833.768882717937231, 0.0 ], [ 798392.297495462931693, 9095801.644504671916366, 0.0 ], [ 798377.768631855375133, 9095772.966190194711089, 0.0 ], [ 798346.684277659514919, 9095742.185624990612268, 0.0 ], [ 798310.12369565886911, 9095716.975698601454496, 0.0 ], [ 798273.696925930096768, 9095711.686563223600388, 0.0 ], [ 798236.226844656979665, 9095715.258771404623985, 0.0 ], [ 798197.713647615513764, 9095727.691979544237256, 0.0 ], [ 798163.581446971511468, 9095735.668650571256876, 0.0 ], [ 798157.017313906457275, 9095743.460112281143665, 0.0 ], [ 798124.173760943347588, 9095779.097249016165733, 0.0 ], [ 798081.28680401307065, 9095797.093421898782253, 0.0 ], [ 798039.420800783205777, 9095802.908486263826489, 0.0 ], [ 798025.100371871143579, 9095805.218167694285512, 0.0 ], [ 797963.378083219518885, 9095810.059590339660645, 0.0 ], [ 797897.215245164465159, 9095810.503666343167424, 0.0 ], [ 797773.70394115219824, 9095810.225629968568683, 0.0 ], [ 797720.773741981945932, 9095810.580672277137637, 0.0 ], [ 797687.788863810710609, 9095825.189809512346983, 0.0 ], [ 797680.270261488505639, 9095855.122821556404233, 0.0 ], [ 797676.02267645439133, 9095879.49986039288342, 0.0 ], [ 797657.499165505520068, 9095912.827161535620689, 0.0 ], [ 797610.416316943475977, 9095962.947114303708076, 0.0 ], [ 797515.15499162231572, 9096064.300752373412251, 0.0 ], [ 797496.53486294276081, 9096083.240561870858073, 0.0 ], [ 797444.93698423076421, 9096117.895816665142775, 0.0 ], [ 797379.018524156301282, 9096154.860409859567881, 0.0 ], [ 797348.046080318978056, 9096140.679720345884562, 0.0 ], [ 797304.810399868292734, 9096106.659788792952895, 0.0 ], [ 797290.386171584017575, 9096093.475143346935511, 0.0 ], [ 797226.302730040857568, 9096075.089480947703123, 0.0 ], [ 797197.595109009183943, 9096069.74784922413528, 0.0 ], [ 797185.450545883271843, 9096067.615619635209441, 0.0 ], [ 797169.990103933378123, 9096064.398710979148746, 0.0 ], [ 797168.976384334964678, 9096077.686705252155662, 0.0 ], [ 797174.667612746125087, 9096104.210813749581575, 0.0 ], [ 797187.145715180551633, 9096156.144943330436945, 0.0 ], [ 797207.431621873285621, 9096221.30770430341363, 0.0 ], [ 797226.866660870844498, 9096324.106403164565563, 0.0 ], [ 797229.397973853629082, 9096372.786841198801994, 0.0 ], [ 797225.275906143244356, 9096415.978008212521672, 0.0 ], [ 797213.353292325860821, 9096447.047021904960275, 0.0 ], [ 797191.669022918911651, 9096502.53001569211483, 0.0 ], [ 797186.273856847081333, 9096520.274239663034678, 0.0 ], [ 797166.809749515494332, 9096577.955749820917845, 0.0 ], [ 797153.910125234164298, 9096627.84613486006856, 0.0 ], [ 797127.237416834686883, 9096761.942295916378498, 0.0 ], [ 797109.837906162021682, 9096798.581519467756152, 0.0 ], [ 797099.010361423017457, 9096828.536246294155717, 0.0 ], [ 797090.499240581062622, 9096875.077169075608253, 0.0 ], [ 797080.914939718553796, 9096926.051952978596091, 0.0 ], [ 797050.615298997843638, 9097012.581505216658115, 0.0 ], [ 797040.897752622258849, 9097043.635744143277407, 0.0 ], [ 797031.143319494090974, 9097069.156328998506069, 0.0 ], [ 797018.124802193953656, 9097101.339145364239812, 0.0 ], [ 796995.322308427770622, 9097154.61590750515461, 0.0 ], [ 796991.473231027601287, 9097238.755089815706015, 0.0 ], [ 797001.944861249066889, 9097320.585096269845963, 0.0 ], [ 796992.441615455434658, 9097383.733670081943274, 0.0 ], [ 797018.892613587900996, 9097381.343484295532107, 0.0 ], [ 797046.357752960640937, 9097365.665429040789604, 0.0 ], [ 797135.066202732268721, 9097273.211775373667479, 0.0 ], [ 797156.99555797141511, 9097254.250449417158961, 0.0 ], [ 797236.156348815071397, 9097218.304814530536532, 0.0 ], [ 797252.645593824097887, 9097210.447482794523239, 0.0 ], [ 797267.810085051576607, 9097169.396026007831097, 0.0 ], [ 797272.124958746484481, 9097154.979312734678388, 0.0 ], [ 797280.88039771374315, 9097144.959826642647386, 0.0 ], [ 797312.778387143043801, 9097132.572269074618816, 0.0 ], [ 797351.315023538889363, 9097123.460444111377001, 0.0 ], [ 797376.63377905334346, 9097116.650523871183395, 0.0 ], [ 797361.476702775806189, 9097158.808767881244421, 0.0 ], [ 797307.989990365691483, 9097241.066654980182648, 0.0 ], [ 797268.875634404481389, 9097328.762114606797695, 0.0 ], [ 797217.47572778200265, 9097393.297462640330195, 0.0 ], [ 797198.951030692318454, 9097426.624231049790978, 0.0 ], [ 797198.092249100096524, 9097463.152975730597973, 0.0 ], [ 797174.253301203949377, 9097526.397462747991085, 0.0 ], [ 797166.659758690511808, 9097545.263078186661005, 0.0 ], [ 797162.485376146738417, 9097580.707205774262547, 0.0 ], [ 797162.62586539844051, 9097601.734656943008304, 0.0 ], [ 797180.558171551907435, 9097644.77838696911931, 0.0 ], [ 797185.043127785203978, 9097655.815996831282973, 0.0 ], [ 797165.437659109476954, 9097692.469973687082529, 0.0 ], [ 797153.447936911834404, 9097713.578346371650696, 0.0 ], [ 797149.15509166487027, 9097731.315248318016529, 0.0 ], [ 797154.942396298982203, 9097772.226606130599976, 0.0 ], [ 797179.476466776919551, 9097813.012742470949888, 0.0 ], [ 797191.71780456113629, 9097829.532110080122948, 0.0 ], [ 797192.924064503982663, 9097845.018878143280745, 0.0 ], [ 797173.547501539578661, 9097915.980554820969701, 0.0 ], [ 797164.917599053122103, 9097944.814101813361049, 0.0 ], [ 797176.603019454982132, 9098043.237231999635696, 0.0 ], [ 797174.55269731557928, 9098066.493046969175339, 0.0 ], [ 797161.504283679416403, 9098094.24910855665803, 0.0 ], [ 797149.506887910189107, 9098114.25084419734776, 0.0 ], [ 797152.000603462336585, 9098157.3977155033499, 0.0 ], [ 797142.504254909232259, 9098221.653017362579703, 0.0 ], [ 797145.086591122439131, 9098278.080377005040646, 0.0 ], [ 797140.948862665332854, 9098319.058000301942229, 0.0 ], [ 797134.472603160655126, 9098340.129608424380422, 0.0 ], [ 797116.98350986931473, 9098363.488121541216969, 0.0 ], [ 797101.60359001532197, 9098372.444932939484715, 0.0 ], [ 797081.790754680521786, 9098378.110940726473927, 0.0 ], [ 797046.605587019352242, 9098393.840097673237324, 0.0 ], [ 797114.679574280045927, 9098514.022493273019791, 0.0 ], [ 797153.498270155047067, 9098546.96613322198391, 0.0 ], [ 797193.368095064302906, 9098572.155332133173943, 0.0 ], [ 797245.457289125071838, 9098610.544030910357833, 0.0 ], [ 797256.544173520058393, 9098619.324190985411406, 0.0 ], [ 797311.934218615293503, 9098656.584276925772429, 0.0 ], [ 797403.679299798444845, 9098688.067642629146576, 0.0 ], [ 797420.258083637570962, 9098693.490492790937424, 0.0 ], [ 797492.108825219795108, 9098718.466251946985722, 0.0 ], [ 797556.225625186692923, 9098741.279855225235224, 0.0 ], [ 797582.729300202568993, 9098746.63645532540977, 0.0 ], [ 797612.519263626425527, 9098748.650910252705216, 0.0 ], [ 797643.419418224366382, 9098751.764797875657678, 0.0 ], [ 797684.215058633359149, 9098750.385368404909968, 0.0 ], [ 797734.943285607267171, 9098750.046260338276625, 0.0 ], [ 797822.063245143741369, 9098749.46374586969614, 0.0 ], [ 797913.520482512656599, 9098737.784196292981505, 0.0 ], [ 797989.509099068702199, 9098721.781338926404715, 0.0 ], [ 798066.615302815102041, 9098707.984160987660289, 0.0 ], [ 798132.693629701156169, 9098694.260663717985153, 0.0 ], [ 798166.724535613087937, 9098670.790756393224001, 0.0 ], [ 798194.019892225973308, 9098629.657669765874743, 0.0 ], [ 798201.672692228108644, 9098619.645532697439194, 0.0 ], [ 798217.762340037617832, 9098552.025079468265176, 0.0 ], [ 798229.596451788907871, 9098507.675188012421131, 0.0 ], [ 798246.292089683702216, 9098365.897316543385386, 0.0 ], [ 798261.973356200498529, 9098237.407384548336267, 0.0 ], [ 798269.418493961915374, 9098196.407143538817763, 0.0 ], [ 798280.075394709245302, 9098140.997408010065556, 0.0 ], [ 798298.325547233689576, 9098066.721731407567859, 0.0 ], [ 798314.199405440711416, 9097967.006320465356112, 0.0 ], [ 798330.058274726150557, 9097865.077220452949405, 0.0 ], [ 798344.925451966118999, 9097779.756685208529234, 0.0 ], [ 798357.62432376970537, 9097699.984280653297901, 0.0 ], [ 798364.816603613668121, 9097621.355560006573796, 0.0 ], [ 798366.465309798717499, 9097538.336947124451399, 0.0 ], [ 798368.336712521035224, 9097488.519858146086335, 0.0 ], [ 798372.569542960380204, 9097461.929039908573031, 0.0 ], [ 798373.605582801392302, 9097451.961181180551648, 0.0 ], [ 798393.254619414103217, 9097421.946614891290665, 0.0 ], [ 798437.194105388829485, 9097396.195977145805955, 0.0 ], [ 798509.797812182223424, 9097369.146313678473234, 0.0 ], [ 798586.894241067115217, 9097354.240574769675732, 0.0 ], [ 798619.873029376147315, 9097338.524224795401096, 0.0 ], [ 798634.17160462657921, 9097332.894567992538214, 0.0 ], [ 798645.124737052246928, 9097321.753304624930024, 0.0 ], [ 798654.871253533056006, 9097295.12514091283083, 0.0 ], [ 798658.962615496711805, 9097247.506771150976419, 0.0 ], [ 798658.918009525164962, 9097240.866450792178512, 0.0 ], [ 798662.04795702220872, 9097214.282944513484836, 0.0 ], [ 798678.559429401648231, 9097209.744940970093012, 0.0 ], [ 798691.762635814840905, 9097205.229156801477075, 0.0 ], [ 798698.371839525410905, 9097204.077982200309634, 0.0 ], [ 798747.943868267582729, 9097195.997503012418747, 0.0 ], [ 798788.745700765401125, 9097195.723303910344839, 0.0 ], [ 798826.239388543064706, 9097195.471303371712565, 0.0 ], [ 798841.6854081035126, 9097196.474250769242644, 0.0 ] ] ] ] } },
{ "type": "Feature", "properties": { "OBJECTID": 11195.0, "NAMOBJ": "Jumerto", "FCODE": "BA03070040", "REMARK": null, "METADATA": "TASWIL1000020221227_DATA_BATAS_DESAKELURAHAN", "SRS_ID": "SRGI 2013", "KDBBPS": null, "KDCBPS": null, "KDCPUM": "35.09.20", "KDEBPS": null, "KDEPUM": "35.09.20.1002", "KDPBPS": null, "KDPKAB": "35.09", "KDPPUM": "35", "LUASWH": 0.0, "TIPADM": 2, "WADMKC": "Patrang", "WADMKD": "Jumerto", "WADMKK": "Jember", "WADMPR": "Jawa Timur", "WIADKC": null, "WIADKK": null, "WIADPR": null, "WIADKD": null, "UUPP": "Data RBI Skala 1:25.000", "luas": 3.4827253618930891, "SHAPE_Leng": 0.074092193941494994, "SHAPE_Area": 0.00028573397045700001, "area_kecam": null, "area_kec_1": null, "area_kec_2": null, "area_kec_3": null, "area_kec_4": null, "area_kec_5": null, "area_kec_6": null, "area_kec_7": null, "area_kec_8": null, "area_kec_9": null, "area_kec10": null, "area_kec11": null, "area_kec12": null, "area_kec13": null, "area_kec14": null, "area_kec15": null, "area_kec16": null, "area_kec17": null, "area_kec18": null, "area_kec19": null, "area_kec20": null, "area_kec21": null, "area_kec22": null, "area_kec23": null, "area_kec24": null, "area_kec25": null, "area_kec26": null, "area_kec27": null, "jml_pop": null, "luas_ha": 348, "kepadatan": 9, "Data_Penduduk_Jember_3Kecamatan_Kecamatan": "Patrang", "Data_Penduduk_Jember_3Kecamatan_Laki_Laki": "1612", "Data_Penduduk_Jember_3Kecamatan_Perempuan": "1584", "Data_Penduduk_Jember_3Kecamatan_Jumlah_Total": "3196" }, "geometry": { "type": "MultiPolygon", "coordinates": [ [ [ [ 796903.161368961445987, 9101075.468508182093501, 0.0 ], [ 796904.479580047074705, 9101064.279210293665528, 0.0 ], [ 796898.803725818521343, 9101039.9683787971735, 0.0 ], [ 796889.576298509258777, 9100979.158307706937194, 0.0 ], [ 796892.685983711737208, 9100949.25529059022665, 0.0 ], [ 796897.031077945488505, 9100939.265615569427609, 0.0 ], [ 796904.64797715190798, 9100923.720413684844971, 0.0 ], [ 796916.595121498918161, 9100895.972120422869921, 0.0 ], [ 796921.873621579259634, 9100860.520899001508951, 0.0 ], [ 796923.939421042567119, 9100839.478840265423059, 0.0 ], [ 796939.745776272378862, 9100728.698324462398887, 0.0 ], [ 796945.009356756461784, 9100691.033565487712622, 0.0 ], [ 796958.059415816911496, 9100663.278001394122839, 0.0 ], [ 796976.549608521396294, 9100624.418575882911682, 0.0 ], [ 796977.512619388056919, 9100603.383838420733809, 0.0 ], [ 796974.019919129903428, 9100575.738226501271129, 0.0 ], [ 796957.873362690093927, 9100469.597283087670803, 0.0 ], [ 796965.269139250740409, 9100420.850879997014999, 0.0 ], [ 796972.649928599363193, 9100369.891060343012214, 0.0 ], [ 796968.113423743168823, 9100351.106433734297752, 0.0 ], [ 796956.960010732291266, 9100332.365850828588009, 0.0 ], [ 796933.624050254235044, 9100305.959075093269348, 0.0 ], [ 796880.342789693153463, 9100254.296252641826868, 0.0 ], [ 796840.435123453848064, 9100223.572616260498762, 0.0 ], [ 796818.216939768521115, 9100199.371999641880393, 0.0 ], [ 796810.371836760081351, 9100180.609287932515144, 0.0 ], [ 796798.057019361993298, 9100153.022515505552292, 0.0 ], [ 796774.713874582899734, 9100125.509012449532747, 0.0 ], [ 796739.210387711878866, 9100093.649400297552347, 0.0 ], [ 796693.78892006422393, 9100062.962506042793393, 0.0 ], [ 796672.725229838630185, 9100046.501341495662928, 0.0 ], [ 796654.903618775773793, 9100020.057840937748551, 0.0 ], [ 796644.845843997085467, 9100000.203098444268107, 0.0 ], [ 796630.310489230672829, 9099970.417595410719514, 0.0 ], [ 796628.038625420886092, 9099960.471941906958818, 0.0 ], [ 796594.36568891024217, 9099872.155794102698565, 0.0 ], [ 796578.396439485251904, 9099792.575916083529592, 0.0 ], [ 796582.46164690493606, 9099740.531561700627208, 0.0 ], [ 796569.228041135473177, 9099740.619591176509857, 0.0 ], [ 796538.312717356719077, 9099735.291357766836882, 0.0 ], [ 796513.940714379772544, 9099718.852301731705666, 0.0 ], [ 796489.4658015568275, 9099686.919303186237812, 0.0 ], [ 796472.828039465472102, 9099672.642191883176565, 0.0 ], [ 796481.385458795819432, 9099632.742261737585068, 0.0 ], [ 796484.502586757997051, 9099603.945903630927205, 0.0 ], [ 796468.209482638048939, 9099475.671313432976604, 0.0 ], [ 796464.702458558720537, 9099445.812375493347645, 0.0 ], [ 796462.437982753152028, 9099436.973433656617999, 0.0 ], [ 796452.350795911741443, 9099412.692019099369645, 0.0 ], [ 796444.557753644883633, 9099401.676240213215351, 0.0 ], [ 796427.875921324361116, 9099380.759052561596036, 0.0 ], [ 796407.900675503537059, 9099362.077158084139228, 0.0 ], [ 796382.448081679176539, 9099348.965437773615122, 0.0 ], [ 796348.195385655504651, 9099339.232477460056543, 0.0 ], [ 796336.042633065488189, 9099335.993041340261698, 0.0 ], [ 796259.913459330797195, 9099330.965461740270257, 0.0 ], [ 796212.500948760658503, 9099332.387381130829453, 0.0 ], [ 796171.705174662638456, 9099333.765275221318007, 0.0 ], [ 796126.476201307028532, 9099331.852346312254667, 0.0 ], [ 796108.846432090736926, 9099334.18298720754683, 0.0 ], [ 796101.119462197180837, 9099333.127581104636192, 0.0 ], [ 795978.651405870215967, 9099325.087163912132382, 0.0 ], [ 795932.319839311996475, 9099323.181256761774421, 0.0 ], [ 795873.835511308745481, 9099318.035975430160761, 0.0 ], [ 795834.164557421347126, 9099322.726330649107695, 0.0 ], [ 795827.555198605521582, 9099323.876840893179178, 0.0 ], [ 795783.510061103384942, 9099334.130020273849368, 0.0 ], [ 795744.964036929886788, 9099342.133055984973907, 0.0 ], [ 795722.9154839287512, 9099343.386116484180093, 0.0 ], [ 795597.205753723043017, 9099345.326870445162058, 0.0 ], [ 795561.887239295523614, 9099341.134151367470622, 0.0 ], [ 795547.54383959597908, 9099340.122534826397896, 0.0 ], [ 795504.322518878616393, 9099308.31350564584136, 0.0 ], [ 795475.848225379828364, 9099338.384471887722611, 0.0 ], [ 795472.65005540382117, 9099355.006923565641046, 0.0 ], [ 795470.701297370367683, 9099393.75582742318511, 0.0 ], [ 795478.824208754813299, 9099454.57280663587153, 0.0 ], [ 795479.993024171562865, 9099464.525628965348005, 0.0 ], [ 795476.882757299346849, 9099494.4281817805022, 0.0 ], [ 795464.95763841283042, 9099525.496238682419062, 0.0 ], [ 795441.011755061801523, 9099573.244869831949472, 0.0 ], [ 795415.985019512940198, 9099624.320636719465256, 0.0 ], [ 795409.602966461796314, 9099659.778885977342725, 0.0 ], [ 795409.940293879713863, 9099710.686548072844744, 0.0 ], [ 795408.394645532825962, 9099810.303649490699172, 0.0 ], [ 795400.85828192171175, 9099838.022007845342159, 0.0 ], [ 795398.696685168659315, 9099844.67677740380168, 0.0 ], [ 795380.213114144164138, 9099884.642134565860033, 0.0 ], [ 795344.253244451479986, 9099950.177933089435101, 0.0 ], [ 795325.740460956702009, 9099985.71624363027513, 0.0 ], [ 795325.857719246298075, 9100003.423431396484375, 0.0 ], [ 795324.981991226435639, 9100037.738196125254035, 0.0 ], [ 795325.062599646858871, 9100049.911589987576008, 0.0 ], [ 795316.328149815555662, 9100063.250314386561513, 0.0 ], [ 795298.771417557261884, 9100076.647668544203043, 0.0 ], [ 795280.126308351638727, 9100092.265477146953344, 0.0 ], [ 795276.90594074735418, 9100105.56768156401813, 0.0 ], [ 795266.383325171424076, 9100182.002199422568083, 0.0 ], [ 795255.494386827223934, 9100203.102449467405677, 0.0 ], [ 795250.053850649739616, 9100214.205860819667578, 0.0 ], [ 795230.305965238949284, 9100229.830811008810997, 0.0 ], [ 795216.086725998204201, 9100247.632861891761422, 0.0 ], [ 795210.696995268692262, 9100266.482994535937905, 0.0 ], [ 795214.108153234934434, 9100281.954888705164194, 0.0 ], [ 795222.157218305859715, 9100331.70491593144834, 0.0 ], [ 795216.833706226665527, 9100360.515486968681216, 0.0 ], [ 795196.253732890821993, 9100417.095265137031674, 0.0 ], [ 795174.578421867918223, 9100474.789221413433552, 0.0 ], [ 795160.842069829581305, 9100565.632701341062784, 0.0 ], [ 795149.152563868905418, 9100799.231948353350163, 0.0 ], [ 795150.372569046681747, 9100816.931594187393785, 0.0 ], [ 795147.210356976138428, 9100839.087170450016856, 0.0 ], [ 795136.4018115545623, 9100872.361018775030971, 0.0 ], [ 795127.813397537567653, 9100907.833327101543546, 0.0 ], [ 795121.386704240459949, 9100936.651017559692264, 0.0 ], [ 795120.517874920973554, 9100972.072507876902819, 0.0 ], [ 795124.089794262545183, 9101011.89126643538475, 0.0 ], [ 795139.807265116949566, 9101053.843665393069386, 0.0 ], [ 795155.517326891422272, 9101094.689156569540501, 0.0 ], [ 795156.781193848000839, 9101119.028946328908205, 0.0 ], [ 795152.633236906025559, 9101158.899071147665381, 0.0 ], [ 795151.727793778176419, 9101188.786781158298254, 0.0 ], [ 795158.608063593739644, 9101228.584125498309731, 0.0 ], [ 795165.502959227887914, 9101270.594410384073853, 0.0 ], [ 795164.714739008923061, 9101318.18938865326345, 0.0 ], [ 795139.781150579219684, 9101383.651955241337419, 0.0 ], [ 795127.854653944727033, 9101414.719324644654989, 0.0 ], [ 795125.817165944725275, 9101440.187880735844374, 0.0 ], [ 795132.011392468470149, 9101543.073520006611943, 0.0 ], [ 795135.568244170863181, 9101580.679129121825099, 0.0 ], [ 795127.155058572418056, 9101642.712162984535098, 0.0 ], [ 795126.154672761447728, 9101658.213107082992792, 0.0 ], [ 795118.822111477609724, 9101716.918554596602917, 0.0 ], [ 795115.696436201804318, 9101744.607763297855854, 0.0 ], [ 795132.772458312800154, 9101825.286657633259892, 0.0 ], [ 795135.080350530333817, 9101840.765751853585243, 0.0 ], [ 795116.566137385438196, 9101876.30385759100318, 0.0 ], [ 795078.295492499601096, 9101926.359756035730243, 0.0 ], [ 795049.891680382890627, 9101967.496560890227556, 0.0 ], [ 795032.604235681705177, 9102021.84069456346333, 0.0 ], [ 795168.232241531834006, 9102017.625073025003076, 0.0 ], [ 795223.381942601874471, 9102018.367598485201597, 0.0 ], [ 795298.390104530379176, 9102020.085608394816518, 0.0 ], [ 795418.622370191384107, 9102022.61148121021688, 0.0 ], [ 795428.540573083097115, 9102021.439079178497195, 0.0 ], [ 795447.7250544980634, 9102020.145000416785479, 0.0 ], [ 795501.299268869217485, 9102016.531174223870039, 0.0 ], [ 795655.31021667981986, 9101956.85540315322578, 0.0 ], [ 795764.243197905132547, 9101918.505313269793987, 0.0 ], [ 795781.837495686602779, 9101910.64178479835391, 0.0 ], [ 795819.428359245066531, 9101893.691232217475772, 0.0 ], [ 795903.894606176065281, 9101855.603361792862415, 0.0 ], [ 795973.149781455751508, 9101817.023698225617409, 0.0 ], [ 795998.394993867725134, 9101802.960529891774058, 0.0 ], [ 796048.825242762221023, 9101757.249890876933932, 0.0 ], [ 796060.890559440478683, 9101747.209241798147559, 0.0 ], [ 796120.026320052333176, 9101683.732853759080172, 0.0 ], [ 796155.980073816608638, 9101617.089757286012173, 0.0 ], [ 796158.112401977181435, 9101606.008154608309269, 0.0 ], [ 796173.141360577661544, 9101543.930698938667774, 0.0 ], [ 796181.428357772296295, 9101463.083221955224872, 0.0 ], [ 796170.805591331678443, 9101358.012681888416409, 0.0 ], [ 796161.232355781598017, 9101191.833455234766006, 0.0 ], [ 796241.076684863888659, 9101168.472216982394457, 0.0 ], [ 796903.161368961445987, 9101075.468508182093501, 0.0 ] ] ] ] } },
{ "type": "Feature", "properties": { "OBJECTID": 11359.0, "NAMOBJ": "Kaliwates", "FCODE": "BA03070040", "REMARK": null, "METADATA": "TASWIL1000020221227_DATA_BATAS_DESAKELURAHAN", "SRS_ID": "SRGI 2013", "KDBBPS": null, "KDCBPS": null, "KDCPUM": "35.09.19", "KDEBPS": null, "KDEPUM": "35.09.19.1004", "KDPBPS": null, "KDPKAB": "35.09", "KDPPUM": "35", "LUASWH": 0.0, "TIPADM": 2, "WADMKC": "Kaliwates", "WADMKD": "Kaliwates", "WADMKK": "Jember", "WADMPR": "Jawa Timur", "WIADKC": null, "WIADKK": null, "WIADPR": null, "WIADKD": null, "UUPP": "Data RBI Skala 1:25.000", "luas": 3.1086521834480898, "SHAPE_Leng": 0.074459069217155005, "SHAPE_Area": 0.00025507749741, "area_kecam": 3498.0, "area_kec_1": "BA03070040", "area_kec_2": null, "area_kec_3": "TASWIL1000020221227_DATA_BATAS_DESAKELURAHAN", "area_kec_4": "SRGI 2013", "area_kec_5": null, "area_kec_6": null, "area_kec_7": "35.09.19", "area_kec_8": null, "area_kec_9": null, "area_kec10": null, "area_kec11": "35.09", "area_kec12": "35", "area_kec13": null, "area_kec14": 3, "area_kec15": "Kaliwates", "area_kec16": null, "area_kec17": "Jember", "area_kec18": "Jawa Timur", "area_kec19": null, "area_kec20": null, "area_kec21": null, "area_kec22": null, "area_kec23": null, "area_kec24": null, "area_kec25": 0.388196172262332, "area_kec26": 0.0020299207436709999, "area_kec27": "1", "jml_pop": null, "luas_ha": 311, "kepadatan": 46, "Data_Penduduk_Jember_3Kecamatan_Kecamatan": "Kaliwates", "Data_Penduduk_Jember_3Kecamatan_Laki_Laki": "7054", "Data_Penduduk_Jember_3Kecamatan_Perempuan": "7273", "Data_Penduduk_Jember_3Kecamatan_Jumlah_Total": "14327" }, "geometry": { "type": "MultiPolygon", "coordinates": [ [ [ [ 795780.397340865340084, 9095550.186124052852392, 0.0 ], [ 795759.29133055114653, 9095527.085115842521191, 0.0 ], [ 795732.53186659514904, 9095482.993596993386745, 0.0 ], [ 795716.858211046899669, 9095447.682167423889041, 0.0 ], [ 795713.461529370397329, 9095434.423846989870071, 0.0 ], [ 795712.314587207278237, 9095427.791011920198798, 0.0 ], [ 795711.152893103193492, 9095418.944782180711627, 0.0 ], [ 795716.496781536843628, 9095393.453994208946824, 0.0 ], [ 795719.723586477804929, 9095381.258163403719664, 0.0 ], [ 795716.164837516145781, 9095343.652609743177891, 0.0 ], [ 795718.148898637853563, 9095310.436985736712813, 0.0 ], [ 795718.794075357494876, 9095241.814391501247883, 0.0 ], [ 795719.719800882972777, 9095215.246299369260669, 0.0 ], [ 795721.866138877114281, 9095206.377906056120992, 0.0 ], [ 795725.137181994039565, 9095200.82247575558722, 0.0 ], [ 795740.471305658109486, 9095185.225786909461021, 0.0 ], [ 795784.467953067738563, 9095168.331218538805842, 0.0 ], [ 795846.166520854458213, 9095160.17240054346621, 0.0 ], [ 795880.275698499754071, 9095148.877293391153216, 0.0 ], [ 795889.075109787867405, 9095145.49857128970325, 0.0 ], [ 795900.057621247367933, 9095138.784817114472389, 0.0 ], [ 795909.826588091207668, 9095115.477930258959532, 0.0 ], [ 795911.869399028364569, 9095091.115837451070547, 0.0 ], [ 795868.564818314509466, 9094881.12260439619422, 0.0 ], [ 795855.074392650509253, 9094842.476435370743275, 0.0 ], [ 795841.532179650617763, 9094796.083379220217466, 0.0 ], [ 795831.342188314069062, 9094756.308446787297726, 0.0 ], [ 795807.986735525308177, 9094726.581981753930449, 0.0 ], [ 795785.807819488458335, 9094707.915361359715462, 0.0 ], [ 795745.91977912094444, 9094679.405821723863482, 0.0 ], [ 795732.621319372439757, 9094669.534033333882689, 0.0 ], [ 795692.748119781957939, 9094643.237973511219025, 0.0 ], [ 795681.677271442255005, 9094636.671226413920522, 0.0 ], [ 795673.928969273227267, 9094632.295920629054308, 0.0 ], [ 795631.82110659382306, 9094601.588080417364836, 0.0 ], [ 795614.067647017072886, 9094585.105285193771124, 0.0 ], [ 795609.605215250048786, 9094577.387821450829506, 0.0 ], [ 795604.987903977045789, 9094546.429500643163919, 0.0 ], [ 795599.238519622012973, 9094511.052189219743013, 0.0 ], [ 795587.961062387796119, 9094473.497923182323575, 0.0 ], [ 795577.859863481135108, 9094447.003496205434203, 0.0 ], [ 795575.484783000312746, 9094421.563957674428821, 0.0 ], [ 795575.189543585525826, 9094377.296309435740113, 0.0 ], [ 795566.006591086857952, 9094323.127005005255342, 0.0 ], [ 795561.507383505813777, 9094309.876062715426087, 0.0 ], [ 795555.920282358885743, 9094298.845757804811001, 0.0 ], [ 795531.440401329193264, 9094265.806765872985125, 0.0 ], [ 795522.560105912736617, 9094257.012026602402329, 0.0 ], [ 795511.452359422808513, 9094244.911683922633529, 0.0 ], [ 795459.457946632988751, 9094219.803494958207011, 0.0 ], [ 795439.528887947555631, 9094207.76218593493104, 0.0 ], [ 795418.43099955865182, 9094185.767961489036679, 0.0 ], [ 795403.911932787392288, 9094158.196147730574012, 0.0 ], [ 795401.544294962892309, 9094133.86355078779161, 0.0 ], [ 795406.96173636149615, 9094119.43974832072854, 0.0 ], [ 795412.43798563349992, 9094113.869288699701428, 0.0 ], [ 795434.306405977113172, 9094086.054953871294856, 0.0 ], [ 795395.580916692269966, 9094066.391887651756406, 0.0 ], [ 795370.065013451036066, 9094043.320272186771035, 0.0 ], [ 795351.157651594607159, 9094019.098067685961723, 0.0 ], [ 795343.143860046751797, 9093974.881725704297423, 0.0 ], [ 795347.126461988547817, 9093910.664000784978271, 0.0 ], [ 795346.897697673644871, 9093876.356451060622931, 0.0 ], [ 795335.782806158065796, 9093863.14963430352509, 0.0 ], [ 795302.600172976031899, 9093847.876468107104301, 0.0 ], [ 795248.526369545375928, 9093841.596504488959908, 0.0 ], [ 795185.815856692614034, 9093863.04250898770988, 0.0 ], [ 795146.349315554602072, 9093897.614545682445168, 0.0 ], [ 795100.384816192323342, 9093949.937694363296032, 0.0 ], [ 795065.387688105925918, 9093993.33377144113183, 0.0 ], [ 795046.731058318167925, 9094006.739051006734371, 0.0 ], [ 795019.16502729174681, 9094006.922644108533859, 0.0 ], [ 794991.539933059364557, 9093998.252571733668447, 0.0 ], [ 794973.757594914641231, 9093977.343012530356646, 0.0 ], [ 794958.114124761428684, 9093946.458317831158638, 0.0 ], [ 794956.628376216860488, 9093888.917783299461007, 0.0 ], [ 794962.735681301914155, 9093812.51185816898942, 0.0 ], [ 794969.871847035596147, 9093725.031877381727099, 0.0 ], [ 794973.884322078432888, 9093665.241115773096681, 0.0 ], [ 794962.622054619714618, 9093629.900413675233722, 0.0 ], [ 794945.876109960488975, 9093599.023096580058336, 0.0 ], [ 794928.116010813508183, 9093581.433650035411119, 0.0 ], [ 794899.359073191648349, 9093568.344298409298062, 0.0 ], [ 794872.836905220989138, 9093559.667012996971607, 0.0 ], [ 794824.365156503627077, 9093566.630242003127933, 0.0 ], [ 794789.25785014173016, 9093593.425755374133587, 0.0 ], [ 794747.586159394588321, 9093628.012100363150239, 0.0 ], [ 794710.155536971287802, 9093637.115155797451735, 0.0 ], [ 794681.48705999343656, 9093637.305952312424779, 0.0 ], [ 794631.772826871252619, 9093623.249168103560805, 0.0 ], [ 794560.968750364612788, 9093588.304619651287794, 0.0 ], [ 794523.317223314777948, 9093564.206853555515409, 0.0 ], [ 794506.601205414743163, 9093537.756341140717268, 0.0 ], [ 794493.148812887375243, 9093504.643695119768381, 0.0 ], [ 794490.656458157580346, 9093461.497509786859155, 0.0 ], [ 794496.97774518514052, 9093417.185956235975027, 0.0 ], [ 794502.130115092149936, 9093362.921534137800336, 0.0 ], [ 794501.894502905430272, 9093327.50749534741044, 0.0 ], [ 794489.574200717848726, 9093298.814285144209862, 0.0 ], [ 794472.924408064223826, 9093282.323993043974042, 0.0 ], [ 794454.135643357993104, 9093275.808564491569996, 0.0 ], [ 794427.672699137357995, 9093275.984601551666856, 0.0 ], [ 794409.009088453836739, 9093288.282852929085493, 0.0 ], [ 794371.755438774125651, 9093323.946198834106326, 0.0 ], [ 794324.475096858805045, 9093344.181743390858173, 0.0 ], [ 794272.688590975245461, 9093350.059835195541382, 0.0 ], [ 794237.404653848148882, 9093350.294383926317096, 0.0 ], [ 794192.086795079056174, 9093333.99456424638629, 0.0 ], [ 794132.31713208660949, 9093300.082877334207296, 0.0 ], [ 794125.767702605109662, 9093310.087120566517115, 0.0 ], [ 794053.693128898739815, 9093415.705716533586383, 0.0 ], [ 794017.718167115468532, 9093477.921526957303286, 0.0 ], [ 793993.739693811396137, 9093520.136857287958264, 0.0 ], [ 793991.637324014562182, 9093535.645085252821445, 0.0 ], [ 793976.898602223955095, 9093640.882608639076352, 0.0 ], [ 794032.000197467161343, 9093802.099862756207585, 0.0 ], [ 794034.256892755394801, 9093809.831794179975986, 0.0 ], [ 794039.887616004096344, 9093827.502259951084852, 0.0 ], [ 794054.508402446168475, 9093870.567805133759975, 0.0 ], [ 794079.420296323252842, 9093968.901834700256586, 0.0 ], [ 794090.637696584453806, 9093997.602223761379719, 0.0 ], [ 794099.583706416538917, 9094016.357530564069748, 0.0 ], [ 794102.002052595373243, 9094048.436762016266584, 0.0 ], [ 794099.877591060940176, 9094060.624939929693937, 0.0 ], [ 794051.758006047457457, 9094120.707757072523236, 0.0 ], [ 794035.446193587034941, 9094155.124754393473268, 0.0 ], [ 794048.02326897974126, 9094222.552138796076179, 0.0 ], [ 794053.720092326868325, 9094250.182559935376048, 0.0 ], [ 794058.490530271432362, 9094304.380956083536148, 0.0 ], [ 794058.674124233657494, 9094332.0479650888592, 0.0 ], [ 794064.319541900767945, 9094351.931817816570401, 0.0 ], [ 794067.803729183040559, 9094378.470413912087679, 0.0 ], [ 794064.65734128979966, 9094402.839429628103971, 0.0 ], [ 794061.540315847611055, 9094431.6349614597857, 0.0 ], [ 794057.225179580505937, 9094446.051348565146327, 0.0 ], [ 794024.277871848433279, 9094466.19091278873384, 0.0 ], [ 794013.295320631470531, 9094472.9041677583009, 0.0 ], [ 794007.848258007084951, 9094482.901119945570827, 0.0 ], [ 794023.615709489560686, 9094532.599514860659838, 0.0 ], [ 794030.393118801526725, 9094556.902464892715216, 0.0 ], [ 794029.334514651680365, 9094563.549996616318822, 0.0 ], [ 794028.290591024560854, 9094572.410786394029856, 0.0 ], [ 794005.245011710794643, 9094589.164531433954835, 0.0 ], [ 793998.651122117647901, 9094592.528685752302408, 0.0 ], [ 793970.092263013357297, 9094609.318970846012235, 0.0 ], [ 793953.684579427237622, 9094629.349074004217982, 0.0 ], [ 793951.633381415624171, 9094652.603946870192885, 0.0 ], [ 793946.362272282596678, 9094689.16095770150423, 0.0 ], [ 793941.105820272583514, 9094727.93144253641367, 0.0 ], [ 793941.237895029131323, 9094747.851970070973039, 0.0 ], [ 793948.02992436895147, 9094774.368515165522695, 0.0 ], [ 793951.47730076755397, 9094795.373574338853359, 0.0 ], [ 793963.782621121499687, 9094821.85356904938817, 0.0 ], [ 793991.532504133414477, 9094849.337896613404155, 0.0 ], [ 794017.245876997942105, 9094902.290356077253819, 0.0 ], [ 794038.55598992924206, 9094956.379081280902028, 0.0 ], [ 794057.785444593755528, 9095029.295850016176701, 0.0 ], [ 794053.873853184981272, 9095104.5797453019768, 0.0 ], [ 794046.7127848417731, 9095188.738927453756332, 0.0 ], [ 794041.734968593576923, 9095269.563536735251546, 0.0 ], [ 794045.798497043317184, 9095383.529865305870771, 0.0 ], [ 794127.506409738445655, 9095399.589482711628079, 0.0 ], [ 794223.615019225981086, 9095425.513640696182847, 0.0 ], [ 794289.959012408507988, 9095452.742233246564865, 0.0 ], [ 794294.406416767160408, 9095458.246409226208925, 0.0 ], [ 794315.50407401449047, 9095480.241170067340136, 0.0 ], [ 794353.149253255571239, 9095503.232894955202937, 0.0 ], [ 794374.180885854177177, 9095515.267352366819978, 0.0 ], [ 794381.921768369851634, 9095518.536315467208624, 0.0 ], [ 794448.280521099455655, 9095547.977901607751846, 0.0 ], [ 794517.925835999660194, 9095574.077395429834723, 0.0 ], [ 794582.013334518065676, 9095593.57305664755404, 0.0 ], [ 794637.22100912744645, 9095604.27403175458312, 0.0 ], [ 794708.909960699034855, 9095606.01148458942771, 0.0 ], [ 794760.736174257122912, 9095605.667280806228518, 0.0 ], [ 794836.718400946818292, 9095589.668075621128082, 0.0 ], [ 794967.930440365336835, 9095587.68960116058588, 0.0 ], [ 795100.23781066108495, 9095584.596489727497101, 0.0 ], [ 795128.900496019981802, 9095583.299135398119688, 0.0 ], [ 795196.149503570748493, 9095580.638358131051064, 0.0 ], [ 795224.826598245301284, 9095581.554329296573997, 0.0 ], [ 795293.2006455269875, 9095582.206147080287337, 0.0 ], [ 795346.122263876954094, 9095580.747218899428844, 0.0 ], [ 795397.948578722658567, 9095580.402261568233371, 0.0 ], [ 795434.344647113699466, 9095581.266716312617064, 0.0 ], [ 795512.650259878719226, 9095582.958601787686348, 0.0 ], [ 795585.449851802550256, 9095585.794214503839612, 0.0 ], [ 795602.041906291036867, 9095593.430803278461099, 0.0 ], [ 795713.678983409423381, 9095632.530018970370293, 0.0 ], [ 795771.107466205954552, 9095645.428279910236597, 0.0 ], [ 795766.143508918350562, 9095562.45534585416317, 0.0 ], [ 795780.397340865340084, 9095550.186124052852392, 0.0 ] ] ] ] } },
{ "type": "Feature", "properties": { "OBJECTID": 11573.0, "NAMOBJ": "Karangrejo", "FCODE": "BA03070040", "REMARK": null, "METADATA": "TASWIL1000020221227_DATA_BATAS_DESAKELURAHAN", "SRS_ID": "SRGI 2013", "KDBBPS": null, "KDCBPS": null, "KDCPUM": "35.09.21", "KDEBPS": null, "KDEPUM": "35.09.21.1004", "KDPBPS": null, "KDPKAB": "35.09", "KDPPUM": "35", "LUASWH": 0.0, "TIPADM": 2, "WADMKC": "Sumbersari", "WADMKD": "Karangrejo", "WADMKK": "Jember", "WADMPR": "Jawa Timur", "WIADKC": null, "WIADKK": null, "WIADPR": null, "WIADKD": null, "UUPP": "Data RBI Skala 1:25.000", "luas": 6.1653889203800123, "SHAPE_Leng": 0.11296333624415, "SHAPE_Area": 0.00050589159535999997, "area_kecam": null, "area_kec_1": null, "area_kec_2": null, "area_kec_3": null, "area_kec_4": null, "area_kec_5": null, "area_kec_6": null, "area_kec_7": null, "area_kec_8": null, "area_kec_9": null, "area_kec10": null, "area_kec11": null, "area_kec12": null, "area_kec13": null, "area_kec14": null, "area_kec15": null, "area_kec16": null, "area_kec17": null, "area_kec18": null, "area_kec19": null, "area_kec20": null, "area_kec21": null, "area_kec22": null, "area_kec23": null, "area_kec24": null, "area_kec25": null, "area_kec26": null, "area_kec27": null, "jml_pop": null, "luas_ha": 617, "kepadatan": 34, "Data_Penduduk_Jember_3Kecamatan_Kecamatan": "Sumbersari", "Data_Penduduk_Jember_3Kecamatan_Laki_Laki": "10311", "Data_Penduduk_Jember_3Kecamatan_Perempuan": "10423", "Data_Penduduk_Jember_3Kecamatan_Jumlah_Total": "20734" }, "geometry": { "type": "MultiPolygon", "coordinates": [ [ [ [ 802337.917691859416664, 9096104.771924646571279, 0.0 ], [ 802330.206037601456046, 9096105.931453628465533, 0.0 ], [ 802310.348649841849692, 9096104.959627237170935, 0.0 ], [ 802283.80724939214997, 9096094.072527829557657, 0.0 ], [ 802248.353412442374974, 9096069.964253522455692, 0.0 ], [ 802228.345501088071615, 9096046.857630478218198, 0.0 ], [ 802203.806174274999648, 9096006.073041182011366, 0.0 ], [ 802197.054057346191257, 9095986.196592193096876, 0.0 ], [ 802192.567714058794081, 9095975.159124800935388, 0.0 ], [ 802192.394450964638963, 9095949.70389592833817, 0.0 ], [ 802203.082955240388401, 9095899.825120437890291, 0.0 ], [ 802204.057737396331504, 9095881.002876400947571, 0.0 ], [ 802201.776894524227828, 9095869.950398264452815, 0.0 ], [ 802198.347986112581566, 9095852.26493302360177, 0.0 ], [ 802183.861557714175433, 9095830.227540794759989, 0.0 ], [ 802164.888807171490043, 9095797.152464248239994, 0.0 ], [ 802159.164118721033446, 9095766.201249569654465, 0.0 ], [ 802163.424424630356953, 9095744.036243552342057, 0.0 ], [ 802171.015565996989608, 9095725.168960381299257, 0.0 ], [ 802182.957402179017663, 9095697.417649479582906, 0.0 ], [ 802194.94443112926092, 9095676.306604083627462, 0.0 ], [ 802204.748677577357739, 9095658.531259048730135, 0.0 ], [ 802208.019122132100165, 9095652.974986612796783, 0.0 ], [ 802227.680115211289376, 9095625.171084010973573, 0.0 ], [ 802233.058169799624011, 9095605.212043395265937, 0.0 ], [ 802231.782178400550038, 9095579.764312647283077, 0.0 ], [ 802224.720895271631889, 9095514.511151576414704, 0.0 ], [ 802227.772828458808362, 9095476.859134605154395, 0.0 ], [ 802231.135883749229833, 9095322.990890502929688, 0.0 ], [ 802231.08310671010986, 9095315.243642784655094, 0.0 ], [ 802230.924772145226598, 9095292.001788822934031, 0.0 ], [ 802217.412970633246005, 9095251.142201717942953, 0.0 ], [ 802195.139737892663106, 9095219.196822172030807, 0.0 ], [ 802170.751204570755363, 9095200.547347793355584, 0.0 ], [ 802112.065241939621046, 9095165.529358120635152, 0.0 ], [ 802085.486613711924292, 9095149.10848549567163, 0.0 ], [ 802071.045585342450067, 9095133.711635049432516, 0.0 ], [ 802053.168247677618638, 9095099.522590154781938, 0.0 ], [ 802032.035500066936947, 9095073.103201448917389, 0.0 ], [ 802006.54461731412448, 9095054.461303684860468, 0.0 ], [ 801991.053667808882892, 9095046.819189760833979, 0.0 ], [ 801967.813487661536783, 9095034.802527504041791, 0.0 ], [ 801929.105116265709512, 9095018.464191433042288, 0.0 ], [ 801830.706239716848359, 9094981.502619743347168, 0.0 ], [ 801821.801584521541372, 9094969.388669095933437, 0.0 ], [ 801808.433418881846592, 9094949.557179600000381, 0.0 ], [ 801800.541002303361893, 9094924.154657578095794, 0.0 ], [ 801786.886523069348186, 9094862.266922185197473, 0.0 ], [ 801767.530138985603116, 9094772.747954254969954, 0.0 ], [ 801767.477411221596412, 9094765.000841813161969, 0.0 ], [ 801764.026242521125823, 9094743.995180107653141, 0.0 ], [ 801744.790295068174601, 9094672.184277646243572, 0.0 ], [ 801720.342326548881829, 9094644.680744888260961, 0.0 ], [ 801620.397592548164539, 9094542.428801760077477, 0.0 ], [ 801603.736305551370606, 9094524.833432015031576, 0.0 ], [ 801582.709477235097438, 9094513.908539550378919, 0.0 ], [ 801532.921826050267555, 9094489.897758515551686, 0.0 ], [ 801525.172736374544911, 9094485.523292422294617, 0.0 ], [ 801515.173054551007226, 9094474.523252019658685, 0.0 ], [ 801502.847500687930733, 9094445.830528177320957, 0.0 ], [ 801491.609607742750086, 9094414.916705721989274, 0.0 ], [ 801472.720417701057158, 9094394.016089541837573, 0.0 ], [ 801451.663801897317171, 9094378.664188968017697, 0.0 ], [ 801428.040123285027221, 9094310.203592645004392, 0.0 ], [ 801409.711900908616371, 9094209.609718266874552, 0.0 ], [ 801411.586045825504698, 9094160.898222021758556, 0.0 ], [ 801413.482754695229232, 9094115.506732683628798, 0.0 ], [ 801414.479933112161234, 9094100.004821302369237, 0.0 ], [ 801415.341794892796315, 9094064.581522967666388, 0.0 ], [ 801416.301314838463441, 9094043.545781750231981, 0.0 ], [ 801411.514016539556906, 9093988.238721480593085, 0.0 ], [ 801410.336126227397472, 9093977.178787358105183, 0.0 ], [ 801400.957294252235442, 9093895.339785801246762, 0.0 ], [ 801360.514680665102787, 9093786.042303027585149, 0.0 ], [ 801345.938712749863043, 9093750.72406011633575, 0.0 ], [ 801308.93998462613672, 9093661.325471568852663, 0.0 ], [ 801262.878901049029082, 9093536.571155389770865, 0.0 ], [ 801213.592760632745922, 9093424.013542989268899, 0.0 ], [ 801126.499515081057325, 9093265.22786339186132, 0.0 ], [ 801081.925577825983055, 9093196.909947482869029, 0.0 ], [ 801029.527876360574737, 9093113.150158790871501, 0.0 ], [ 801003.910478960373439, 9093075.693477753549814, 0.0 ], [ 800991.660657154978253, 9093058.068127457052469, 0.0 ], [ 800973.935241359984502, 9093046.013977343216538, 0.0 ], [ 800936.399197554099374, 9093039.628508545458317, 0.0 ], [ 800894.490344847552478, 9093038.806479213759303, 0.0 ], [ 800877.920097972964868, 9093034.491983629763126, 0.0 ], [ 800856.818899818812497, 9093012.499858051538467, 0.0 ], [ 800842.356408012565225, 9092993.782523699104786, 0.0 ], [ 800830.166762350592762, 9092985.011293809860945, 0.0 ], [ 800785.01007177028805, 9092993.065802194178104, 0.0 ], [ 800764.066918790107593, 9092994.314726496115327, 0.0 ], [ 800743.063594945007935, 9092986.710173908621073, 0.0 ], [ 800709.825652546714991, 9092963.693485988304019, 0.0 ], [ 800692.047622369835153, 9092943.892093224450946, 0.0 ], [ 800685.28873183298856, 9092922.9090271666646, 0.0 ], [ 800682.571948565309867, 9092847.665814874693751, 0.0 ], [ 800681.258675661403686, 9092816.684638310223818, 0.0 ], [ 800673.284407418686897, 9092779.107776772230864, 0.0 ], [ 800671.033955108607188, 9092772.482557665556669, 0.0 ], [ 800662.197626149049029, 9092770.329035168513656, 0.0 ], [ 800630.212952244328335, 9092769.439615266397595, 0.0 ], [ 800611.460097789647989, 9092768.460260964930058, 0.0 ], [ 800592.609594775363803, 9092753.093310099095106, 0.0 ], [ 800578.102171775652096, 9092727.735748700797558, 0.0 ], [ 800559.093670680886135, 9092689.127310184761882, 0.0 ], [ 800543.581378062255681, 9092678.1648258715868, 0.0 ], [ 800530.266777406563051, 9092666.080508287996054, 0.0 ], [ 800520.282601932995021, 9092657.294037004932761, 0.0 ], [ 800484.764632793492638, 9092623.224911646917462, 0.0 ], [ 800449.40437485743314, 9092612.397242555394769, 0.0 ], [ 800407.413404485676438, 9092599.401123184710741, 0.0 ], [ 800394.106278186663985, 9092588.423631714656949, 0.0 ], [ 800360.081954166293144, 9092611.897335750982165, 0.0 ], [ 800285.439600305631757, 9092662.209418235346675, 0.0 ], [ 800262.704440756468102, 9092724.34387693554163, 0.0 ], [ 800241.102111837244593, 9092790.897423107177019, 0.0 ], [ 800206.470318488194607, 9092887.422883888706565, 0.0 ], [ 800190.238395859021693, 9092932.911210929974914, 0.0 ], [ 800171.718294634949416, 9092966.240296635776758, 0.0 ], [ 800128.917186408070847, 9092996.413817116990685, 0.0 ], [ 800102.505957771092653, 9093004.340659512206912, 0.0 ], [ 800054.07879018317908, 9093017.950362931936979, 0.0 ], [ 800013.467896566260606, 9093045.89542019367218, 0.0 ], [ 799989.449522256851196, 9093081.475209107622504, 0.0 ], [ 799977.650204887846485, 9093130.253769278526306, 0.0 ], [ 799978.122791793197393, 9093199.977801360189915, 0.0 ], [ 799979.615615089656785, 9093257.520523006096482, 0.0 ], [ 799998.04574560909532, 9093373.607864873483777, 0.0 ], [ 800010.835122545948252, 9093470.918130988255143, 0.0 ], [ 800010.08492209459655, 9093522.942032357677817, 0.0 ], [ 800011.307581751374528, 9093540.642170500010252, 0.0 ], [ 800012.672719321213663, 9093579.370337488129735, 0.0 ], [ 800005.501253676251508, 9093660.213994519785047, 0.0 ], [ 799997.174774155137129, 9093733.318091351538897, 0.0 ], [ 799971.14525680267252, 9093797.687927901744843, 0.0 ], [ 799902.906482281861827, 9093816.965467363595963, 0.0 ], [ 799878.655007323948666, 9093818.23634696751833, 0.0 ], [ 799843.384227284928784, 9093820.688596425577998, 0.0 ], [ 799823.506020355504006, 9093816.39615093357861, 0.0 ], [ 799806.943460653768852, 9093813.188035124912858, 0.0 ], [ 799779.346510236267932, 9093808.947710791602731, 0.0 ], [ 799766.09937790222466, 9093806.823700515553355, 0.0 ], [ 799749.53661160368938, 9093803.615456618368626, 0.0 ], [ 799729.658544478937984, 9093799.322863113135099, 0.0 ], [ 799719.711857639718801, 9093796.069723868742585, 0.0 ], [ 799713.080808276543394, 9093793.901036677882075, 0.0 ], [ 799699.93105010711588, 9093806.164719332009554, 0.0 ], [ 799676.887129467213526, 9093822.922353712841868, 0.0 ], [ 799669.228283422067761, 9093831.828416833654046, 0.0 ], [ 799660.459156257333234, 9093839.635098481550813, 0.0 ], [ 799644.233655187534168, 9093886.229746792465448, 0.0 ], [ 799628.172468003933318, 9093957.172312553972006, 0.0 ], [ 799615.359471825649962, 9094019.238646477460861, 0.0 ], [ 799606.942291028914042, 9094079.061676252633333, 0.0 ], [ 799602.688722077989951, 9094102.332813533023, 0.0 ], [ 799594.166591540793888, 9094146.66162390820682, 0.0 ], [ 799588.832650411175564, 9094173.260398169979453, 0.0 ], [ 799587.976903788512573, 9094209.789905814453959, 0.0 ], [ 799588.074179766699672, 9094224.177269954234362, 0.0 ], [ 799588.223834019969217, 9094246.311957124620676, 0.0 ], [ 799594.141329238424078, 9094306.037817191332579, 0.0 ], [ 799595.610750179737806, 9094360.260185372084379, 0.0 ], [ 799628.848522064858116, 9094383.277959704399109, 0.0 ], [ 799636.597407731576823, 9094387.652467414736748, 0.0 ], [ 799645.456363388919272, 9094393.126691421493888, 0.0 ], [ 799651.007130433805287, 9094398.622949987649918, 0.0 ], [ 799686.443091304274276, 9094420.519057812169194, 0.0 ], [ 799704.160921234753914, 9094431.467051127925515, 0.0 ], [ 799775.070320783415809, 9094480.792629273608327, 0.0 ], [ 799839.333434092113748, 9094525.735979996621609, 0.0 ], [ 799875.932213694555685, 9094556.478277571499348, 0.0 ], [ 799907.054986744187772, 9094592.791519830003381, 0.0 ], [ 799941.485800500959158, 9094629.082374524325132, 0.0 ], [ 799981.445047817425802, 9094667.549377, 0.0 ], [ 799998.090542358346283, 9094682.931695938110352, 0.0 ], [ 800013.580698658595793, 9094690.574351690709591, 0.0 ], [ 800023.520006433827803, 9094692.720654802396894, 0.0 ], [ 800061.229147031437606, 9094724.56215562671423, 0.0 ], [ 800125.388404629193246, 9094754.011035837233067, 0.0 ], [ 800176.277605606010184, 9094778.015774065628648, 0.0 ], [ 800184.019029622431844, 9094781.283493269234896, 0.0 ], [ 800248.283418031991459, 9094826.226634137332439, 0.0 ], [ 800295.999697145307437, 9094870.175010213628411, 0.0 ], [ 800332.636489645810798, 9094906.45079774223268, 0.0 ], [ 800355.958118801703677, 9094930.642120238393545, 0.0 ], [ 800356.078052568947896, 9094948.349653981626034, 0.0 ], [ 800355.342737155617215, 9095002.587231382727623, 0.0 ], [ 800355.507634666748345, 9095026.935504475608468, 0.0 ], [ 800334.135436322423629, 9095127.797582453116775, 0.0 ], [ 800320.466894162702374, 9095226.39411037042737, 0.0 ], [ 800292.238321751588956, 9095291.885289553552866, 0.0 ], [ 800257.348150290315971, 9095350.78113011829555, 0.0 ], [ 800215.789333411143161, 9095401.974544920027256, 0.0 ], [ 800196.269686670042574, 9095450.805107478052378, 0.0 ], [ 800193.350857065059245, 9095508.377391261979938, 0.0 ], [ 800202.367325971601531, 9095537.092994941398501, 0.0 ], [ 800207.978396767983213, 9095551.443004632368684, 0.0 ], [ 800216.920003040810116, 9095569.091167163103819, 0.0 ], [ 800222.52337412617635, 9095582.334777869284153, 0.0 ], [ 800228.111882428405806, 9095593.364810725674033, 0.0 ], [ 800262.693401942611672, 9095651.790414543822408, 0.0 ], [ 800264.943786109099165, 9095658.415895273908973, 0.0 ], [ 800286.232491456903517, 9095708.077161803841591, 0.0 ], [ 800289.982448781840503, 9095773.351853115484118, 0.0 ], [ 800282.682588343508542, 9095835.381383961066604, 0.0 ], [ 800273.162234436487779, 9095895.212134266272187, 0.0 ], [ 800262.516746245790273, 9095951.730129322037101, 0.0 ], [ 800270.602561315870844, 9096005.907866753637791, 0.0 ], [ 800288.500863857800141, 9096043.417371980845928, 0.0 ], [ 800316.286422247765586, 9096075.32608575746417, 0.0 ], [ 800343.997161778854206, 9096096.167786011472344, 0.0 ], [ 800357.289941583992913, 9096104.932150430977345, 0.0 ], [ 800430.325460902182385, 9096142.068766402080655, 0.0 ], [ 800463.579976743203588, 9096167.299728022888303, 0.0 ], [ 800496.999289094237611, 9096216.878963712602854, 0.0 ], [ 800527.125514999032021, 9096268.694165134802461, 0.0 ], [ 800569.546576246037148, 9096344.775358721613884, 0.0 ], [ 800599.875048659741879, 9096426.472327133640647, 0.0 ], [ 800606.895986569114029, 9096486.191297940909863, 0.0 ], [ 800610.518897510599345, 9096532.651824716478586, 0.0 ], [ 800591.073581909760833, 9096592.549873979762197, 0.0 ], [ 800642.828300460940227, 9096581.131812989711761, 0.0 ], [ 800663.743092651013285, 9096575.45634126290679, 0.0 ], [ 800671.454889916582033, 9096574.297363445162773, 0.0 ], [ 800715.490087145124562, 9096562.931336848065257, 0.0 ], [ 800795.841499532107264, 9096540.251726470887661, 0.0 ], [ 800809.052084871102124, 9096536.841913351789117, 0.0 ], [ 800832.179975370061584, 9096532.25815162062645, 0.0 ], [ 800864.115030498243868, 9096525.401153683662415, 0.0 ], [ 800903.799138742731884, 9096522.918799757957458, 0.0 ], [ 800910.415674713090993, 9096522.873983217403293, 0.0 ], [ 800986.483476470340975, 9096519.038303956389427, 0.0 ], [ 801054.854179172776639, 9096518.575024215504527, 0.0 ], [ 801074.711529601714574, 9096519.547241751104593, 0.0 ], [ 801132.077316434821114, 9096522.47879821062088, 0.0 ], [ 801191.588734012329951, 9096516.541292956098914, 0.0 ], [ 801199.285530944354832, 9096513.168844733387232, 0.0 ], [ 801208.197753897402436, 9096526.38991953805089, 0.0 ], [ 801224.994163481751457, 9096563.906958103179932, 0.0 ], [ 801249.735260850284249, 9096634.573671, 0.0 ], [ 801264.348706911318004, 9096675.425895217806101, 0.0 ], [ 801275.586342460243031, 9096706.340103190392256, 0.0 ], [ 801287.844424410257488, 9096725.072346741333604, 0.0 ], [ 801296.756590847624466, 9096738.293536774814129, 0.0 ], [ 801320.087256536120549, 9096763.591344028711319, 0.0 ], [ 801337.889110296266153, 9096786.713496677577496, 0.0 ], [ 801366.808712459169328, 9096823.041547648608685, 0.0 ], [ 801383.500333412317559, 9096845.063990706577897, 0.0 ], [ 801409.081675030523911, 9096876.987724965438247, 0.0 ], [ 801434.87333118414972, 9096939.899914357811213, 0.0 ], [ 801443.815486488630995, 9096957.548073563724756, 0.0 ], [ 801456.103601516457275, 9096980.707175923511386, 0.0 ], [ 801460.567234735237435, 9096988.42467886954546, 0.0 ], [ 801494.025745457969606, 9097043.537434684112668, 0.0 ], [ 801497.371600261656567, 9097049.048710320144892, 0.0 ], [ 801510.717602252261713, 9097065.560096807777882, 0.0 ], [ 801516.283912351587787, 9097073.269788660109043, 0.0 ], [ 801524.055996046867222, 9097080.964740017428994, 0.0 ], [ 801535.136186698684469, 9097088.637140721082687, 0.0 ], [ 801544.003433520905674, 9097095.217756932601333, 0.0 ], [ 801559.50985926843714, 9097105.07349655777216, 0.0 ], [ 801565.061389585956931, 9097110.570030136033893, 0.0 ], [ 801569.517541229724884, 9097117.180567419156432, 0.0 ], [ 801576.209168523550034, 9097128.203117622062564, 0.0 ], [ 801631.955143948434852, 9097054.776440002024174, 0.0 ], [ 801690.12430889357347, 9097013.430029973387718, 0.0 ], [ 801718.788940905593336, 9097012.128891488537192, 0.0 ], [ 801778.361334549728781, 9097015.04464572109282, 0.0 ], [ 801799.261468256590888, 9097007.155390741303563, 0.0 ], [ 801824.56529234116897, 9096998.129202766343951, 0.0 ], [ 801834.437441430287436, 9096990.31458830460906, 0.0 ], [ 801834.384831441799179, 9096982.567257467657328, 0.0 ], [ 801841.916469340678304, 9096954.846300857141614, 0.0 ], [ 801853.753953609848395, 9096911.600827686488628, 0.0 ], [ 801858.89185635256581, 9096856.226080350577831, 0.0 ], [ 801874.937248945236206, 9096783.068477235734463, 0.0 ], [ 801889.092813939088956, 9096756.40917712636292, 0.0 ], [ 801917.539239977719262, 9096723.011872379109263, 0.0 ], [ 801947.04337560350541, 9096682.966780828312039, 0.0 ], [ 801950.178584225708619, 9096657.489122956991196, 0.0 ], [ 801941.198496438097209, 9096634.307283474132419, 0.0 ], [ 801889.771815392188728, 9096531.724686294794083, 0.0 ], [ 801859.177550038555637, 9096411.291675198823214, 0.0 ], [ 801854.465658471919596, 9096367.051583210006356, 0.0 ], [ 801871.906617518514395, 9096337.049632703885436, 0.0 ], [ 801910.360261305002496, 9096315.759218156337738, 0.0 ], [ 801938.926665775245056, 9096300.069855215027928, 0.0 ], [ 801974.071982124820352, 9096278.801744377240539, 0.0 ], [ 801990.545634100213647, 9096268.728546388447285, 0.0 ], [ 801999.330074135446921, 9096263.134821118786931, 0.0 ], [ 802022.390161152463406, 9096248.589623937383294, 0.0 ], [ 802066.259724138537422, 9096212.87369143217802, 0.0 ], [ 802088.329829124966636, 9096214.937167460098863, 0.0 ], [ 802132.462637031683698, 9096217.957339467480779, 0.0 ], [ 802151.194583083037287, 9096215.61629705503583, 0.0 ], [ 802156.685895978240296, 9096212.258535599336028, 0.0 ], [ 802169.866175270173699, 9096204.421256514266133, 0.0 ], [ 802199.505202399101108, 9096184.297170761972666, 0.0 ], [ 802241.266791123896837, 9096162.983749153092504, 0.0 ], [ 802257.762963736429811, 9096156.230665890499949, 0.0 ], [ 802298.44446760462597, 9096138.244927307590842, 0.0 ], [ 802337.917691859416664, 9096104.771924646571279, 0.0 ] ] ] ] } },
{ "type": "Feature", "properties": { "OBJECTID": 11724.0, "NAMOBJ": "Kebon Agung", "FCODE": "BA03070040", "REMARK": null, "METADATA": "TASWIL1000020221227_DATA_BATAS_DESAKELURAHAN", "SRS_ID": "SRGI 2013", "KDBBPS": null, "KDCBPS": null, "KDCPUM": "35.09.19", "KDEBPS": null, "KDEPUM": "35.09.19.1003", "KDPBPS": null, "KDPKAB": "35.09", "KDPPUM": "35", "LUASWH": 0.0, "TIPADM": 2, "WADMKC": "Kaliwates", "WADMKD": "Kebonagung", "WADMKK": "Jember", "WADMPR": "Jawa Timur", "WIADKC": null, "WIADKK": null, "WIADPR": null, "WIADKD": null, "UUPP": "Data RBI Skala 1:25.000", "luas": 3.560820502787029, "SHAPE_Leng": 0.108573541537157, "SHAPE_Area": 0.0002921604428, "area_kecam": null, "area_kec_1": null, "area_kec_2": null, "area_kec_3": null, "area_kec_4": null, "area_kec_5": null, "area_kec_6": null, "area_kec_7": null, "area_kec_8": null, "area_kec_9": null, "area_kec10": null, "area_kec11": null, "area_kec12": null, "area_kec13": null, "area_kec14": null, "area_kec15": null, "area_kec16": null, "area_kec17": null, "area_kec18": null, "area_kec19": null, "area_kec20": null, "area_kec21": null, "area_kec22": null, "area_kec23": null, "area_kec24": null, "area_kec25": null, "area_kec26": null, "area_kec27": null, "jml_pop": null, "luas_ha": 356, "kepadatan": 20, "Data_Penduduk_Jember_3Kecamatan_Kecamatan": "Kaliwates", "Data_Penduduk_Jember_3Kecamatan_Laki_Laki": "3568", "Data_Penduduk_Jember_3Kecamatan_Perempuan": "3587", "Data_Penduduk_Jember_3Kecamatan_Jumlah_Total": "7155" }, "geometry": { "type": "MultiPolygon", "coordinates": [ [ [ [ 794985.395142642781138, 9097886.272230222821236, 0.0 ], [ 795000.738132924539968, 9097871.782779334113002, 0.0 ], [ 795013.824262142181396, 9097849.561219638213515, 0.0 ], [ 795018.08845153870061, 9097827.398153556510806, 0.0 ], [ 795016.824253832921386, 9097803.058046709746122, 0.0 ], [ 795010.068486997624859, 9097782.075018769130111, 0.0 ], [ 794996.696179527556524, 9097761.135647365823388, 0.0 ], [ 794916.968848972115666, 9097711.861032800748944, 0.0 ], [ 794898.134171814424917, 9097698.705038255080581, 0.0 ], [ 794884.783949297387153, 9097681.085616553202271, 0.0 ], [ 794880.263067107065581, 9097664.514621190726757, 0.0 ], [ 794885.453802510397509, 9097615.783715032041073, 0.0 ], [ 794889.424479738576338, 9097549.352964822202921, 0.0 ], [ 794892.439151141559705, 9097505.063541680574417, 0.0 ], [ 794912.870078432606533, 9097426.34960488602519, 0.0 ], [ 794923.669838163652457, 9097391.969072824344039, 0.0 ], [ 794943.291288489243016, 9097357.530017366632819, 0.0 ], [ 794948.753542750375345, 9097349.746610827744007, 0.0 ], [ 795100.761167147546075, 9097323.282783137634397, 0.0 ], [ 795173.526583838509396, 9097320.586301974952221, 0.0 ], [ 795208.806685961550102, 9097319.245557799935341, 0.0 ], [ 795251.724953568191268, 9097305.679685389623046, 0.0 ], [ 795307.7142490579281, 9097267.678621480241418, 0.0 ], [ 795381.317596181877889, 9097225.13346048258245, 0.0 ], [ 795418.648583620088175, 9097200.536959249526262, 0.0 ], [ 795433.99863548297435, 9097187.153925713151693, 0.0 ], [ 795450.31133053463418, 9097152.736582467332482, 0.0 ], [ 795458.890526671661064, 9097116.15702803619206, 0.0 ], [ 795465.212645260966383, 9097071.845374854281545, 0.0 ], [ 795464.021645235363394, 9097058.572368359193206, 0.0 ], [ 795459.537183129694313, 9097047.534741085022688, 0.0 ], [ 795466.035826880251989, 9097029.783535210415721, 0.0 ], [ 795473.335658579715528, 9096966.650729909539223, 0.0 ], [ 795472.070964031619951, 9096942.310775803402066, 0.0 ], [ 795426.226685771602206, 9096847.435600569471717, 0.0 ], [ 795411.692698698025197, 9096817.650148518383503, 0.0 ], [ 795406.002539376029745, 9096791.126136530190706, 0.0 ], [ 795407.928399136057124, 9096749.057088950648904, 0.0 ], [ 795414.382831171853468, 9096724.665824776515365, 0.0 ], [ 795432.952519239042886, 9096697.980516729876399, 0.0 ], [ 795453.756827584700659, 9096675.707087172195315, 0.0 ], [ 795461.380164601723664, 9096661.268945813179016, 0.0 ], [ 795463.467840959783643, 9096643.547161821275949, 0.0 ], [ 795464.511787165654823, 9096634.686158137395978, 0.0 ], [ 795457.704037562711164, 9096605.95620321854949, 0.0 ], [ 795425.379567841417156, 9096554.154212903231382, 0.0 ], [ 795406.419936723541468, 9096522.184731107205153, 0.0 ], [ 795389.665858603315428, 9096490.200583700090647, 0.0 ], [ 795385.188786053564399, 9096480.269665097817779, 0.0 ], [ 795370.699021261418238, 9096457.124408017843962, 0.0 ], [ 795347.284690249478444, 9096418.544090604409575, 0.0 ], [ 795340.60221311962232, 9096408.627615679055452, 0.0 ], [ 795328.347226384095848, 9096389.894692352041602, 0.0 ], [ 795238.52772120886948, 9096315.233348125591874, 0.0 ], [ 795207.460730957565829, 9096286.664346009492874, 0.0 ], [ 795185.215407347423024, 9096258.037143019959331, 0.0 ], [ 795171.732987858122215, 9096220.49754018522799, 0.0 ], [ 795163.859492864576168, 9096197.308299446478486, 0.0 ], [ 795139.33527046861127, 9096157.628387361764908, 0.0 ], [ 795106.011561452411115, 9096121.327513553202152, 0.0 ], [ 795036.085626857122406, 9096053.174380851909518, 0.0 ], [ 794994.999089466058649, 9096010.284508528187871, 0.0 ], [ 794959.352681830292568, 9095956.29108022339642, 0.0 ], [ 794927.080374900484458, 9095912.235892653465271, 0.0 ], [ 794908.187569120898843, 9095890.226610992103815, 0.0 ], [ 794895.646250594174489, 9095828.332509322091937, 0.0 ], [ 794797.639207985484973, 9095682.893762743100524, 0.0 ], [ 794776.453187475097366, 9095647.619065832346678, 0.0 ], [ 794760.736174257122912, 9095605.667280806228518, 0.0 ], [ 794708.909960699034855, 9095606.01148458942771, 0.0 ], [ 794637.22100912744645, 9095604.27403175458312, 0.0 ], [ 794582.013334518065676, 9095593.57305664755404, 0.0 ], [ 794517.925835999660194, 9095574.077395429834723, 0.0 ], [ 794448.280521099455655, 9095547.977901607751846, 0.0 ], [ 794381.921768369851634, 9095518.536315467208624, 0.0 ], [ 794374.180885854177177, 9095515.267352366819978, 0.0 ], [ 794353.149253255571239, 9095503.232894955202937, 0.0 ], [ 794315.50407401449047, 9095480.241170067340136, 0.0 ], [ 794325.736473124241456, 9095526.656170172616839, 0.0 ], [ 794321.560540334554389, 9095562.099388737231493, 0.0 ], [ 794307.402091123978607, 9095588.754929769784212, 0.0 ], [ 794308.563374936114997, 9095597.600885767489672, 0.0 ], [ 794257.016298946691677, 9095639.998844403773546, 0.0 ], [ 794251.664437057916075, 9095664.382485833019018, 0.0 ], [ 794239.857670971658081, 9095713.157183438539505, 0.0 ], [ 794224.654888807213865, 9095748.673349518328905, 0.0 ], [ 794212.738118262728676, 9095780.847629521042109, 0.0 ], [ 794212.906835675006732, 9095806.301503386348486, 0.0 ], [ 794224.344457191880792, 9095868.202575750648975, 0.0 ], [ 794235.965345555334352, 9095957.771123319864273, 0.0 ], [ 794235.156149186892435, 9096002.045848812907934, 0.0 ], [ 794226.591326735448092, 9096040.838187923654914, 0.0 ], [ 794202.955445151077583, 9096135.067290933802724, 0.0 ], [ 794175.17986334185116, 9096270.27279251627624, 0.0 ], [ 794166.622192700393498, 9096310.171877248212695, 0.0 ], [ 794174.517098285490647, 9096336.680964415892959, 0.0 ], [ 794177.89105082070455, 9096346.619438916444778, 0.0 ], [ 794195.775996051030234, 9096383.02318137511611, 0.0 ], [ 794231.54628287255764, 9096455.830779863521457, 0.0 ], [ 794241.602425919030793, 9096475.685266831889749, 0.0 ], [ 794244.020413042511791, 9096507.764531921595335, 0.0 ], [ 794238.712259988184087, 9096538.788237698376179, 0.0 ], [ 794230.286438668146729, 9096598.607664246112108, 0.0 ], [ 794223.860882156528533, 9096627.425292931497097, 0.0 ], [ 794209.664857465773821, 9096648.547238921746612, 0.0 ], [ 794186.73521788616199, 9096683.007803531363606, 0.0 ], [ 794202.473532085772604, 9096728.279663968831301, 0.0 ], [ 794202.656719090999104, 9096755.946896143257618, 0.0 ], [ 794196.172251818701625, 9096775.910918120294809, 0.0 ], [ 794183.035116001963615, 9096790.385535225272179, 0.0 ], [ 794156.775246418779716, 9096821.547787599265575, 0.0 ], [ 794155.804287406965159, 9096841.475407788529992, 0.0 ], [ 794161.610961146885529, 9096885.706400932744145, 0.0 ], [ 794173.982623017393053, 9096922.14670074917376, 0.0 ], [ 794187.361667903605849, 9096944.19269373267889, 0.0 ], [ 794194.051084524951875, 9096955.215746304020286, 0.0 ], [ 794225.154140120372176, 9096989.318591242656112, 0.0 ], [ 794239.526044980506413, 9096994.757007502019405, 0.0 ], [ 794258.279614845756441, 9096995.739698611199856, 0.0 ], [ 794271.519507604185492, 9096996.758776405826211, 0.0 ], [ 794359.780621726880781, 9097002.814742047339678, 0.0 ], [ 794374.188989713089541, 9097013.786774823442101, 0.0 ], [ 794385.348185394192114, 9097033.63398134149611, 0.0 ], [ 794388.744288221932948, 9097046.892305666580796, 0.0 ], [ 794398.903392776148394, 9097082.240424120798707, 0.0 ], [ 794404.673401203937829, 9097120.93792861700058, 0.0 ], [ 794402.731815457111225, 9097160.793350927531719, 0.0 ], [ 794391.829213438555598, 9097179.680152259767056, 0.0 ], [ 794373.288057279773057, 9097210.791385672986507, 0.0 ], [ 794373.463921626796946, 9097237.351628270000219, 0.0 ], [ 794365.928172101965174, 9097265.070106014609337, 0.0 ], [ 794350.578106323489919, 9097278.452545730397105, 0.0 ], [ 794328.567412682808936, 9097285.238443708047271, 0.0 ], [ 794319.76773032033816, 9097288.617119126021862, 0.0 ], [ 794290.067393094301224, 9097299.881053103134036, 0.0 ], [ 794279.120860849041492, 9097312.127687137573957, 0.0 ], [ 794273.709904197836295, 9097327.657659944146872, 0.0 ], [ 794276.047187324613333, 9097347.563396755605936, 0.0 ], [ 794283.934596700360999, 9097372.966070592403412, 0.0 ], [ 794296.167097199126147, 9097388.379384644329548, 0.0 ], [ 794302.864011329947971, 9097400.509244354441762, 0.0 ], [ 794301.849180615856312, 9097413.796766892075539, 0.0 ], [ 794293.144459767034277, 9097431.56200598180294, 0.0 ], [ 794276.845483238343149, 9097468.192078322172165, 0.0 ], [ 794263.803169795777649, 9097497.053231038153172, 0.0 ], [ 794243.019673227332532, 9097522.645834429189563, 0.0 ], [ 794192.740802866639569, 9097590.488943167030811, 0.0 ], [ 794187.373674815054983, 9097612.659321008250117, 0.0 ], [ 794188.622690076706931, 9097634.785715259611607, 0.0 ], [ 794200.023291389690712, 9097691.153684111312032, 0.0 ], [ 794207.95467516547069, 9097723.196479335427284, 0.0 ], [ 794205.924876881530508, 9097749.77149285748601, 0.0 ], [ 794198.396045190398581, 9097778.59633781760931, 0.0 ], [ 794205.063563981908374, 9097786.299372889101505, 0.0 ], [ 794253.847451426787302, 9097825.819115471094847, 0.0 ], [ 794252.847083729342557, 9097841.320107448846102, 0.0 ], [ 794243.142159812385216, 9097874.586177522316575, 0.0 ], [ 794211.821449540322646, 9097974.39903973788023, 0.0 ], [ 794199.896217291010544, 9098005.466736245900393, 0.0 ], [ 794185.648528867401183, 9098018.841725027188659, 0.0 ], [ 794152.763786531984806, 9098048.9408921264112, 0.0 ], [ 794141.868067793082446, 9098068.933982465416193, 0.0 ], [ 794131.096685393480584, 9098107.740911081433296, 0.0 ], [ 794116.002071782131679, 9098159.856962708756328, 0.0 ], [ 794101.849263013224117, 9098187.618895668536425, 0.0 ], [ 794089.858040018589236, 9098208.7258131634444, 0.0 ], [ 794046.894958835560828, 9098215.650176217779517, 0.0 ], [ 794034.867149831727147, 9098231.22398535721004, 0.0 ], [ 794043.813379568513483, 9098249.979093324393034, 0.0 ], [ 794058.288068375200965, 9098270.911473104730248, 0.0 ], [ 794061.676614050520584, 9098283.063131775707006, 0.0 ], [ 794057.360682026017457, 9098297.479152046144009, 0.0 ], [ 794040.870690649375319, 9098305.33520470559597, 0.0 ], [ 793995.577657973859459, 9098293.460230514407158, 0.0 ], [ 793982.330224322387949, 9098291.334265269339085, 0.0 ], [ 793974.640365100000054, 9098295.811975922435522, 0.0 ], [ 793970.375567774986848, 9098317.974975898861885, 0.0 ], [ 793976.064588007517159, 9098344.498829171061516, 0.0 ], [ 793981.973084778059274, 9098404.223375499248505, 0.0 ], [ 793996.652065267437138, 9098456.142671409994364, 0.0 ], [ 794038.848963925265707, 9098500.133016429841518, 0.0 ], [ 794046.677846486447379, 9098516.682499369606376, 0.0 ], [ 794030.260845765238628, 9098535.605458281934261, 0.0 ], [ 794014.910150162642822, 9098548.987489556893706, 0.0 ], [ 794006.183036910602823, 9098563.43261780962348, 0.0 ], [ 794001.852416224079207, 9098575.635251356288791, 0.0 ], [ 794006.321878022048622, 9098584.45936419069767, 0.0 ], [ 794044.983949845191091, 9098594.164862925186753, 0.0 ], [ 794069.288452739361674, 9098600.644742062315345, 0.0 ], [ 794089.218283752677962, 9098612.687271643429995, 0.0 ], [ 794100.326211282867007, 9098624.787620948627591, 0.0 ], [ 794098.20110950130038, 9098636.975924493744969, 0.0 ], [ 794088.342112089507282, 9098647.001621387898922, 0.0 ], [ 794063.022748047253117, 9098653.809330437332392, 0.0 ], [ 794026.609970515477471, 9098650.729473145678639, 0.0 ], [ 794011.164123103488237, 9098649.724727990105748, 0.0 ], [ 793988.159637484233826, 9098673.117732465267181, 0.0 ], [ 793983.829103391151875, 9098685.320579221472144, 0.0 ], [ 793982.821217686170712, 9098699.714840266853571, 0.0 ], [ 793970.815228048712015, 9098718.608182298019528, 0.0 ], [ 793944.487810453283601, 9098739.810061749070883, 0.0 ], [ 793924.674752093851566, 9098745.474593224003911, 0.0 ], [ 793881.740363551303744, 9098756.825234591960907, 0.0 ], [ 793848.723562179598957, 9098767.003440612927079, 0.0 ], [ 793828.954190820222721, 9098779.308008499443531, 0.0 ], [ 793822.40326496749185, 9098789.311901148408651, 0.0 ], [ 793878.278632547473535, 9098900.722701409831643, 0.0 ], [ 793885.004707163898274, 9098917.279378216713667, 0.0 ], [ 793883.989676612662151, 9098930.566608658060431, 0.0 ], [ 793869.748619479942136, 9098945.048268489539623, 0.0 ], [ 793854.368509975494817, 9098954.003566853702068, 0.0 ], [ 793847.810358884511515, 9098962.900663508102298, 0.0 ], [ 793838.10441535001155, 9098996.166563848033547, 0.0 ], [ 793838.19201368605718, 9099009.446846511214972, 0.0 ], [ 793839.477375135524198, 9099037.106486218050122, 0.0 ], [ 793844.049010419286788, 9099061.424484429880977, 0.0 ], [ 793894.038316353689879, 9099116.430992759764194, 0.0 ], [ 793916.239492053049617, 9099138.419352317228913, 0.0 ], [ 793924.009944618679583, 9099146.114867446944118, 0.0 ], [ 793930.70695250434801, 9099158.244936360046268, 0.0 ], [ 793942.96867385902442, 9099178.085182148963213, 0.0 ], [ 793949.731286184396595, 9099200.175056150183082, 0.0 ], [ 793949.855401825625449, 9099218.988757230341434, 0.0 ], [ 793945.561144714942202, 9099236.724543517455459, 0.0 ], [ 793928.084778396761976, 9099262.294833704829216, 0.0 ], [ 793887.51595378597267, 9099297.977756636217237, 0.0 ], [ 793814.141387294512242, 9099375.932507373392582, 0.0 ], [ 793786.827384180389345, 9099414.847962474450469, 0.0 ], [ 793782.452780938241631, 9099420.41066293977201, 0.0 ], [ 793742.00768866809085, 9099474.906927276402712, 0.0 ], [ 793709.223553773481399, 9099520.498818561434746, 0.0 ], [ 793699.473613665439188, 9099547.124418333172798, 0.0 ], [ 793706.250672652153298, 9099571.427885431796312, 0.0 ], [ 793726.275605159113184, 9099597.857407668605447, 0.0 ], [ 793771.671675120131113, 9099625.226467598229647, 0.0 ], [ 793780.483057685894892, 9099629.316860094666481, 0.0 ], [ 793790.477199812652543, 9099633.956362310796976, 0.0 ], [ 793848.03307992615737, 9099665.672148067504168, 0.0 ], [ 793890.048031979938969, 9099681.996017375960946, 0.0 ], [ 793936.488732956117019, 9099700.504358312115073, 0.0 ], [ 794034.986369017744437, 9099752.977897882461548, 0.0 ], [ 794057.107667662785389, 9099762.792467387393117, 0.0 ], [ 794092.513453960884362, 9099780.266852948814631, 0.0 ], [ 794119.060513610718772, 9099792.265559300780296, 0.0 ], [ 794227.491023035021499, 9099845.780022788792849, 0.0 ], [ 794317.101447453140281, 9099888.351202508434653, 0.0 ], [ 794397.860562906134874, 9099926.553760770708323, 0.0 ], [ 794445.485035936231725, 9099957.22798028215766, 0.0 ], [ 794479.949072021991014, 9099999.056301215663552, 0.0 ], [ 794498.068823872716166, 9100070.874361597001553, 0.0 ], [ 794518.561343576642685, 9100001.014792192727327, 0.0 ], [ 794522.8628748630872, 9099984.385371349751949, 0.0 ], [ 794555.639678937382996, 9099937.686156410723925, 0.0 ], [ 794569.851660469314083, 9099918.777680579572916, 0.0 ], [ 794578.48389078094624, 9099889.945665121078491, 0.0 ], [ 794590.197696710121818, 9099826.784393597394228, 0.0 ], [ 794596.653441275004297, 9099802.393350964412093, 0.0 ], [ 794607.600977567024529, 9099790.147153222933412, 0.0 ], [ 794618.49731547688134, 9099770.153811037540436, 0.0 ], [ 794640.304363940143958, 9099732.380705446004868, 0.0 ], [ 794656.421898714266717, 9099668.083417650312185, 0.0 ], [ 794678.060583618469536, 9099604.856566578149796, 0.0 ], [ 794688.883551504695788, 9099573.796528030186892, 0.0 ], [ 794694.082734215422533, 9099526.172513127326965, 0.0 ], [ 794691.643033388187177, 9099490.772873148322105, 0.0 ], [ 794682.586550549371168, 9099455.417424943298101, 0.0 ], [ 794648.085936897201464, 9099408.055889066308737, 0.0 ], [ 794625.642641513608396, 9099349.54728483967483, 0.0 ], [ 794595.52375521720387, 9099297.729731442406774, 0.0 ], [ 794585.481957090785727, 9099280.088242845609784, 0.0 ], [ 794585.167356699006632, 9099232.500711163505912, 0.0 ], [ 794570.275272285798565, 9099148.487297775223851, 0.0 ], [ 794565.67395749501884, 9099119.742718107998371, 0.0 ], [ 794576.504079270642251, 9099089.78926344960928, 0.0 ], [ 794612.02448951639235, 9098957.852863237261772, 0.0 ], [ 794625.965157458675094, 9098897.9968236759305, 0.0 ], [ 794674.90860591083765, 9098794.746820343658328, 0.0 ], [ 794709.830703547690064, 9098739.178814390674233, 0.0 ], [ 794727.291769126080908, 9098711.394734343513846, 0.0 ], [ 794731.578294626902789, 9098692.552063146606088, 0.0 ], [ 794687.801658772979863, 9098576.634460341185331, 0.0 ], [ 794678.862308112671599, 9098558.985731663182378, 0.0 ], [ 794644.515869305003434, 9098534.864729108288884, 0.0 ], [ 794628.989309633034281, 9098521.686755936592817, 0.0 ], [ 794618.962214663857594, 9098506.258917387574911, 0.0 ], [ 794616.661502013797872, 9098491.886354839429259, 0.0 ], [ 794615.456221449421719, 9098476.40013980306685, 0.0 ], [ 794628.227626074571162, 9098406.591369623318315, 0.0 ], [ 794629.257354125147685, 9098395.517194803804159, 0.0 ], [ 794636.881282204994932, 9098381.079056855291128, 0.0 ], [ 794675.191757390042767, 9098337.662757931277156, 0.0 ], [ 794748.475354429800063, 9098246.425247497856617, 0.0 ], [ 794788.969207239104435, 9098199.673880729824305, 0.0 ], [ 794819.611561312456615, 9098164.055418625473976, 0.0 ], [ 794866.567749728215858, 9098094.01995050162077, 0.0 ], [ 794917.743930623284541, 9097995.180989269167185, 0.0 ], [ 794936.189928242587484, 9097949.682440282776952, 0.0 ], [ 794948.122022923547775, 9097919.721396688371897, 0.0 ], [ 794985.395142642781138, 9097886.272230222821236, 0.0 ] ] ] ] } },
{ "type": "Feature", "properties": { "OBJECTID": 11751.0, "NAMOBJ": "Kebonsari", "FCODE": "BA03070040", "REMARK": null, "METADATA": "TASWIL1000020221227_DATA_BATAS_DESAKELURAHAN", "SRS_ID": "SRGI 2013", "KDBBPS": null, "KDCBPS": null, "KDCPUM": "35.09.21", "KDEBPS": null, "KDEPUM": "35.09.21.1001", "KDPBPS": null, "KDPKAB": "35.09", "KDPPUM": "35", "LUASWH": 0.0, "TIPADM": 2, "WADMKC": "Sumbersari", "WADMKD": "Kebonsari", "WADMKK": "Jember", "WADMPR": "Jawa Timur", "WIADKC": null, "WIADKK": null, "WIADPR": null, "WIADKD": null, "UUPP": "Data RBI Skala 1:25.000", "luas": 3.945688069395958, "SHAPE_Leng": 0.079385426158740002, "SHAPE_Area": 0.000323763599515, "area_kecam": null, "area_kec_1": null, "area_kec_2": null, "area_kec_3": null, "area_kec_4": null, "area_kec_5": null, "area_kec_6": null, "area_kec_7": null, "area_kec_8": null, "area_kec_9": null, "area_kec10": null, "area_kec11": null, "area_kec12": null, "area_kec13": null, "area_kec14": null, "area_kec15": null, "area_kec16": null, "area_kec17": null, "area_kec18": null, "area_kec19": null, "area_kec20": null, "area_kec21": null, "area_kec22": null, "area_kec23": null, "area_kec24": null, "area_kec25": null, "area_kec26": null, "area_kec27": null, "jml_pop": null, "luas_ha": 395, "kepadatan": 80, "Data_Penduduk_Jember_3Kecamatan_Kecamatan": "Sumbersari", "Data_Penduduk_Jember_3Kecamatan_Laki_Laki": "15645", "Data_Penduduk_Jember_3Kecamatan_Perempuan": "15968", "Data_Penduduk_Jember_3Kecamatan_Jumlah_Total": "31613" }, "geometry": { "type": "MultiPolygon", "coordinates": [ [ [ [ 799636.597407731576823, 9094387.652467414736748, 0.0 ], [ 799628.848522064858116, 9094383.277959704399109, 0.0 ], [ 799595.610750179737806, 9094360.260185372084379, 0.0 ], [ 799594.141329238424078, 9094306.037817191332579, 0.0 ], [ 799588.223834019969217, 9094246.311957124620676, 0.0 ], [ 799588.074179766699672, 9094224.177269954234362, 0.0 ], [ 799587.976903788512573, 9094209.789905814453959, 0.0 ], [ 799588.832650411175564, 9094173.260398169979453, 0.0 ], [ 799594.166591540793888, 9094146.66162390820682, 0.0 ], [ 799602.688722077989951, 9094102.332813533023, 0.0 ], [ 799606.942291028914042, 9094079.061676252633333, 0.0 ], [ 799615.359471825649962, 9094019.238646477460861, 0.0 ], [ 799628.172468003933318, 9093957.172312553972006, 0.0 ], [ 799644.233655187534168, 9093886.229746792465448, 0.0 ], [ 799660.459156257333234, 9093839.635098481550813, 0.0 ], [ 799669.228283422067761, 9093831.828416833654046, 0.0 ], [ 799676.887129467213526, 9093822.922353712841868, 0.0 ], [ 799699.93105010711588, 9093806.164719332009554, 0.0 ], [ 799713.080808276543394, 9093793.901036677882075, 0.0 ], [ 799704.229424846475013, 9093789.533812606707215, 0.0 ], [ 799689.819719848455861, 9093778.563516492024064, 0.0 ], [ 799666.453810139326379, 9093747.731995342299342, 0.0 ], [ 799596.423639955697581, 9093665.197096453979611, 0.0 ], [ 799544.320962907047942, 9093624.59873341396451, 0.0 ], [ 799515.56175310886465, 9093611.511921864002943, 0.0 ], [ 799484.61934896116145, 9093601.760421583428979, 0.0 ], [ 799444.758624699665233, 9093577.680652977898717, 0.0 ], [ 799396.083859098609537, 9093554.767684269696474, 0.0 ], [ 799300.955146248801611, 9093511.139625260606408, 0.0 ], [ 799293.288951478665695, 9093518.939000740647316, 0.0 ], [ 799275.691038754303008, 9093525.698619533330202, 0.0 ], [ 799153.911530380602926, 9093454.580933753401041, 0.0 ], [ 799083.109192029340193, 9093420.749367756769061, 0.0 ], [ 799049.984423481859267, 9093414.332488937303424, 0.0 ], [ 799015.84671223978512, 9093421.203731456771493, 0.0 ], [ 798996.043732566642575, 9093427.97824290394783, 0.0 ], [ 798986.082279844791628, 9093422.511534880846739, 0.0 ], [ 798975.010804017307237, 9093415.945657858625054, 0.0 ], [ 798968.379878862760961, 9093413.776889560744166, 0.0 ], [ 798961.748954665148631, 9093411.608120482414961, 0.0 ], [ 798938.52577985287644, 9093401.803863929584622, 0.0 ], [ 798916.450230381451547, 9093398.632827136665583, 0.0 ], [ 798906.518688694457524, 9093397.59289076179266, 0.0 ], [ 798899.89524674823042, 9093396.5310592148453, 0.0 ], [ 798893.294220869545825, 9093398.789176290854812, 0.0 ], [ 798860.177123618545011, 9093393.478781905025244, 0.0 ], [ 798866.748261776403524, 9093386.793776424601674, 0.0 ], [ 798877.685099783586338, 9093373.438650697469711, 0.0 ], [ 798852.189411309082061, 9093353.688962519168854, 0.0 ], [ 798827.841343628708273, 9093340.572050489485264, 0.0 ], [ 798801.280283123487607, 9093326.36318401247263, 0.0 ], [ 798780.240228981594555, 9093313.224036250263453, 0.0 ], [ 798765.84579719346948, 9093304.467009369283915, 0.0 ], [ 798750.348824287764728, 9093295.717421066015959, 0.0 ], [ 798683.950378710404038, 9093260.748686024919152, 0.0 ], [ 798654.066639934433624, 9093244.34875057078898, 0.0 ], [ 798507.941486863419414, 9093160.113124383613467, 0.0 ], [ 798453.717357610235922, 9093131.702900659292936, 0.0 ], [ 798452.547533458098769, 9093121.749744206666946, 0.0 ], [ 798444.522857897449285, 9093076.42627090215683, 0.0 ], [ 798364.133999056415632, 9093092.463120700791478, 0.0 ], [ 798350.924585556844249, 9093095.872487053275108, 0.0 ], [ 798339.890626215492375, 9093094.839993879199028, 0.0 ], [ 798141.600112302112393, 9093123.845641488209367, 0.0 ], [ 797976.128484612330794, 9093113.892422564327717, 0.0 ], [ 797966.197207888122648, 9093112.852413393557072, 0.0 ], [ 797908.859570588218048, 9093113.238428710028529, 0.0 ], [ 797857.124573144363239, 9093126.867959128692746, 0.0 ], [ 797747.053550469689071, 9093156.384525377303362, 0.0 ], [ 797718.436861152295023, 9093164.324391359463334, 0.0 ], [ 797718.742092706845142, 9093209.69967826642096, 0.0 ], [ 797719.16641380591318, 9093272.782393030822277, 0.0 ], [ 797713.034237581421621, 9093344.763317044824362, 0.0 ], [ 797703.534724748809822, 9093407.912651816383004, 0.0 ], [ 797680.95946682523936, 9093494.39204765111208, 0.0 ], [ 797516.745882269693539, 9093507.670358477160335, 0.0 ], [ 797439.597348364302889, 9093513.722528079524636, 0.0 ], [ 797365.734495616517961, 9093516.432205159217119, 0.0 ], [ 797300.648300161818042, 9093512.442258520051837, 0.0 ], [ 797292.92230746964924, 9093511.387376824393868, 0.0 ], [ 797251.028984496369958, 9093512.775421956554055, 0.0 ], [ 797233.393995248014107, 9093514.000576926395297, 0.0 ], [ 797193.713417152059264, 9093516.480471309274435, 0.0 ], [ 797156.238147657830268, 9093518.945527588948607, 0.0 ], [ 797102.185996941057965, 9093515.987996144220233, 0.0 ], [ 797056.940221725031734, 9093510.757798841223121, 0.0 ], [ 797047.016375333885662, 9093510.82438144646585, 0.0 ], [ 796987.473311873385683, 9093511.223830230534077, 0.0 ], [ 796954.445802976726554, 9093519.192668076604605, 0.0 ], [ 796941.2362827276811, 9093522.601536834612489, 0.0 ], [ 796853.165373640833423, 9093544.220503661781549, 0.0 ], [ 796834.450023190816864, 9093548.773006431758404, 0.0 ], [ 796801.415075771859847, 9093555.635005258023739, 0.0 ], [ 796791.513493145117536, 9093559.021647568792105, 0.0 ], [ 796754.142120694974437, 9093576.980235340073705, 0.0 ], [ 796706.876549324020743, 9093599.432106085121632, 0.0 ], [ 796688.183425396680832, 9093607.304652290418744, 0.0 ], [ 796654.105111548444256, 9093623.027552891522646, 0.0 ], [ 796636.522037406684831, 9093631.999389257282019, 0.0 ], [ 796667.9003973423969, 9093707.048539655283093, 0.0 ], [ 796695.829996892949566, 9093761.092448722571135, 0.0 ], [ 796718.216717729810625, 9093810.746473543345928, 0.0 ], [ 796750.705329379416071, 9093886.894854433834553, 0.0 ], [ 796757.380586920771748, 9093895.704179637134075, 0.0 ], [ 796773.040233522304334, 9093928.80205493979156, 0.0 ], [ 796803.35331112309359, 9094009.392163587734103, 0.0 ], [ 796821.29989572102204, 9094054.648933243006468, 0.0 ], [ 796824.682029434712604, 9094065.693726789206266, 0.0 ], [ 796808.290397546021268, 9094087.938786398619413, 0.0 ], [ 796777.675336866523139, 9094126.880345029756427, 0.0 ], [ 796749.132121261674911, 9094145.886272305622697, 0.0 ], [ 796738.216674463357776, 9094162.560826562345028, 0.0 ], [ 796710.91689704998862, 9094202.586742118000984, 0.0 ], [ 796693.363200188381597, 9094215.985461110249162, 0.0 ], [ 796661.719366783625446, 9094266.001313177868724, 0.0 ], [ 796643.425979245104827, 9094333.635827951133251, 0.0 ], [ 796634.819474518066272, 9094365.789326818659902, 0.0 ], [ 796690.197358757257462, 9094401.941539565101266, 0.0 ], [ 796726.733519555069506, 9094423.832042193040252, 0.0 ], [ 796744.524655443732627, 9094445.848036210983992, 0.0 ], [ 796749.253955804044381, 9094493.406642522662878, 0.0 ], [ 796741.898194162757136, 9094547.687022628262639, 0.0 ], [ 796757.468983068596572, 9094567.50449239090085, 0.0 ], [ 796792.858390792971477, 9094582.762136694043875, 0.0 ], [ 796816.014330412726849, 9094582.607090596109629, 0.0 ], [ 796849.042796616442502, 9094574.638624846935272, 0.0 ], [ 796875.388391926069744, 9094556.754079619422555, 0.0 ], [ 796901.622662330395542, 9094522.268904194235802, 0.0 ], [ 796921.39687179250177, 9094511.068874187767506, 0.0 ], [ 796937.936864373856224, 9094510.958071187138557, 0.0 ], [ 796968.930476125213318, 9094528.45854433067143, 0.0 ], [ 797001.026570874964818, 9094545.951506063342094, 0.0 ], [ 797016.4789632166503, 9094548.061481142416596, 0.0 ], [ 797053.969813072588295, 9094547.810247560963035, 0.0 ], [ 797092.578294465201907, 9094549.765008231624961, 0.0 ], [ 797121.30710587836802, 9094558.426624875515699, 0.0 ], [ 797145.684908094117418, 9094575.971354354172945, 0.0 ], [ 797188.911905675311573, 9094608.884338757023215, 0.0 ], [ 797230.089438637951389, 9094665.05277219414711, 0.0 ], [ 797264.554510229500011, 9094706.878774182870984, 0.0 ], [ 797300.062842915067449, 9094739.843472670763731, 0.0 ], [ 797376.422478975029662, 9094780.281505681574345, 0.0 ], [ 797465.104975767782889, 9094849.412468140944839, 0.0 ], [ 797495.0483981189318, 9094874.667206894606352, 0.0 ], [ 797538.246280041290447, 9094903.153177803382277, 0.0 ], [ 797626.721343348850496, 9094941.296127840876579, 0.0 ], [ 797726.238271876820363, 9094981.578350512310863, 0.0 ], [ 797851.184400235419162, 9095031.650514902547002, 0.0 ], [ 797945.129139190306887, 9095063.115680461749434, 0.0 ], [ 798011.476901975576766, 9095090.339063335210085, 0.0 ], [ 798011.224066388094798, 9095052.710503820329905, 0.0 ], [ 798010.993532820488326, 9095018.402423387393355, 0.0 ], [ 798010.896855301340111, 9095004.015227986499667, 0.0 ], [ 798008.624534684582613, 9094994.069605035707355, 0.0 ], [ 798011.843263233196922, 9094980.76678567007184, 0.0 ], [ 798036.095095636323094, 9094979.497042093425989, 0.0 ], [ 798089.039303627796471, 9094981.354732070118189, 0.0 ], [ 798118.804622393567115, 9094980.047882542014122, 0.0 ], [ 798171.637359477463178, 9094965.304495891556144, 0.0 ], [ 798187.030439531663433, 9094958.56039153970778, 0.0 ], [ 798266.230957498657517, 9094929.252025958150625, 0.0 ], [ 798277.235462368000299, 9094925.857592718675733, 0.0 ], [ 798328.950445244088769, 9094908.908293282613158, 0.0 ], [ 798356.436018452979624, 9094896.548915810883045, 0.0 ], [ 798390.485506978118792, 9094876.397963389754295, 0.0 ], [ 798410.281763363163918, 9094868.517360353842378, 0.0 ], [ 798430.085573974181898, 9094861.743464685976505, 0.0 ], [ 798462.004121692851186, 9094852.674475876614451, 0.0 ], [ 798486.211251392727718, 9094844.764030246064067, 0.0 ], [ 798513.711559743853286, 9094834.618079047650099, 0.0 ], [ 798602.77653912617825, 9094796.388053465634584, 0.0 ], [ 798633.554966673022136, 9094781.792847156524658, 0.0 ], [ 798650.035851906286553, 9094772.827667836099863, 0.0 ], [ 798689.62089497805573, 9094755.959435841068625, 0.0 ], [ 798716.040702000143938, 9094749.140809359028935, 0.0 ], [ 798722.656976222526282, 9094749.096231423318386, 0.0 ], [ 798730.360920670675114, 9094746.830780003219843, 0.0 ], [ 798756.728519651689567, 9094732.265071852132678, 0.0 ], [ 798763.329877507756464, 9094730.007043028250337, 0.0 ], [ 798805.120364737696946, 9094713.123707776889205, 0.0 ], [ 798828.21736808726564, 9094704.113738952204585, 0.0 ], [ 798875.506371926981956, 9094684.98004325479269, 0.0 ], [ 799063.559200474759564, 9094608.451176716014743, 0.0 ], [ 799130.622085850220174, 9094578.115755025297403, 0.0 ], [ 799174.595254198648036, 9094557.897030690684915, 0.0 ], [ 799214.172784925671294, 9094539.921473866328597, 0.0 ], [ 799258.145897699287161, 9094519.702420150861144, 0.0 ], [ 799275.729092691093683, 9094510.729712106287479, 0.0 ], [ 799310.918215031269938, 9094496.104002537205815, 0.0 ], [ 799410.986649883911014, 9094454.477363204583526, 0.0 ], [ 799494.559452073182911, 9094419.602580469101667, 0.0 ], [ 799561.711589656770229, 9094402.547057779505849, 0.0 ], [ 799595.83520127995871, 9094393.462160762399435, 0.0 ], [ 799617.86649081716314, 9094389.992662575095892, 0.0 ], [ 799636.597407731576823, 9094387.652467414736748, 0.0 ] ] ] ] } },
{ "type": "Feature", "properties": { "OBJECTID": 12055.0, "NAMOBJ": "Kepatihan", "FCODE": "BA03070040", "REMARK": null, "METADATA": "TASWIL1000020221227_DATA_BATAS_DESAKELURAHAN", "SRS_ID": "SRGI 2013", "KDBBPS": null, "KDCBPS": null, "KDCPUM": "35.09.19", "KDEBPS": null, "KDEPUM": "35.09.19.1006", "KDPBPS": null, "KDPKAB": "35.09", "KDPPUM": "35", "LUASWH": 0.0, "TIPADM": 2, "WADMKC": "Kaliwates", "WADMKD": "Kepatihan", "WADMKK": "Jember", "WADMPR": "Jawa Timur", "WIADKC": null, "WIADKK": null, "WIADPR": null, "WIADKD": null, "UUPP": "Data RBI Skala 1:25.000", "luas": 1.2812453168124049, "SHAPE_Leng": 0.046477628136317999, "SHAPE_Area": 0.000105129650345, "area_kecam": null, "area_kec_1": null, "area_kec_2": null, "area_kec_3": null, "area_kec_4": null, "area_kec_5": null, "area_kec_6": null, "area_kec_7": null, "area_kec_8": null, "area_kec_9": null, "area_kec10": null, "area_kec11": null, "area_kec12": null, "area_kec13": null, "area_kec14": null, "area_kec15": null, "area_kec16": null, "area_kec17": null, "area_kec18": null, "area_kec19": null, "area_kec20": null, "area_kec21": null, "area_kec22": null, "area_kec23": null, "area_kec24": null, "area_kec25": null, "area_kec26": null, "area_kec27": null, "jml_pop": null, "luas_ha": 128, "kepadatan": 124, "Data_Penduduk_Jember_3Kecamatan_Kecamatan": "Kaliwates", "Data_Penduduk_Jember_3Kecamatan_Laki_Laki": "7727", "Data_Penduduk_Jember_3Kecamatan_Perempuan": "8124", "Data_Penduduk_Jember_3Kecamatan_Jumlah_Total": "15851" }, "geometry": { "type": "MultiPolygon", "coordinates": [ [ [ [ 798163.581446971511468, 9095735.668650571256876, 0.0 ], [ 798134.888694386230782, 9095732.541090475395322, 0.0 ], [ 798114.935781086795032, 9095717.180382564663887, 0.0 ], [ 798103.670892366440967, 9095681.839525217190385, 0.0 ], [ 798108.775478476774879, 9095620.933092961087823, 0.0 ], [ 798122.895113878883421, 9095588.742018321529031, 0.0 ], [ 798150.269542207941413, 9095559.782178595662117, 0.0 ], [ 798195.317027095821686, 9095535.130509108304977, 0.0 ], [ 798240.37935080123134, 9095512.692433580756187, 0.0 ], [ 798277.722677602665499, 9095490.306074779480696, 0.0 ], [ 798294.092191743780859, 9095464.740372091531754, 0.0 ], [ 798289.435834609670565, 9095428.248334040865302, 0.0 ], [ 798262.502257067128085, 9095358.703029768541455, 0.0 ], [ 798225.59965162188746, 9095282.584147471934557, 0.0 ], [ 798193.122711777337827, 9095208.649057934060693, 0.0 ], [ 798153.187433319399133, 9095173.500956021249294, 0.0 ], [ 798088.948332874919288, 9095131.875359261408448, 0.0 ], [ 798045.74974791193381, 9095103.389959923923016, 0.0 ], [ 798011.476901975576766, 9095090.339063335210085, 0.0 ], [ 797945.129139190306887, 9095063.115680461749434, 0.0 ], [ 797851.184400235419162, 9095031.650514902547002, 0.0 ], [ 797726.238271876820363, 9094981.578350512310863, 0.0 ], [ 797626.721343348850496, 9094941.296127840876579, 0.0 ], [ 797538.246280041290447, 9094903.153177803382277, 0.0 ], [ 797495.0483981189318, 9094874.667206894606352, 0.0 ], [ 797465.104975767782889, 9094849.412468140944839, 0.0 ], [ 797376.422478975029662, 9094780.281505681574345, 0.0 ], [ 797300.062842915067449, 9094739.843472670763731, 0.0 ], [ 797264.554510229500011, 9094706.878774182870984, 0.0 ], [ 797230.089438637951389, 9094665.05277219414711, 0.0 ], [ 797188.911905675311573, 9094608.884338757023215, 0.0 ], [ 797145.684908094117418, 9094575.971354354172945, 0.0 ], [ 797121.30710587836802, 9094558.426624875515699, 0.0 ], [ 797092.578294465201907, 9094549.765008231624961, 0.0 ], [ 797053.969813072588295, 9094547.810247560963035, 0.0 ], [ 797016.4789632166503, 9094548.061481142416596, 0.0 ], [ 797001.026570874964818, 9094545.951506063342094, 0.0 ], [ 796968.930476125213318, 9094528.45854433067143, 0.0 ], [ 796937.936864373856224, 9094510.958071187138557, 0.0 ], [ 796921.39687179250177, 9094511.068874187767506, 0.0 ], [ 796901.622662330395542, 9094522.268904194235802, 0.0 ], [ 796875.388391926069744, 9094556.754079619422555, 0.0 ], [ 796849.042796616442502, 9094574.638624846935272, 0.0 ], [ 796816.014330412726849, 9094582.607090596109629, 0.0 ], [ 796818.382709372323006, 9094606.939867056906223, 0.0 ], [ 796820.75119521189481, 9094631.272421890869737, 0.0 ], [ 796826.605441940715536, 9094682.14422857016325, 0.0 ], [ 796843.70886868913658, 9094766.143186993896961, 0.0 ], [ 796869.677996951970272, 9094856.723338657990098, 0.0 ], [ 796896.764786791754887, 9094949.509536731988192, 0.0 ], [ 796905.986371051287279, 9095009.212656302377582, 0.0 ], [ 796989.658515999093652, 9095153.637612853199244, 0.0 ], [ 796999.775501255877316, 9095182.345341481268406, 0.0 ], [ 797009.07868236512877, 9095254.222501087933779, 0.0 ], [ 797015.103517078794539, 9095330.548422712832689, 0.0 ], [ 797016.621007948881015, 9095392.516675908118486, 0.0 ], [ 797005.749622871167958, 9095415.831244135275483, 0.0 ], [ 796992.769131074775942, 9095453.547987071797252, 0.0 ], [ 797039.712041935650632, 9095547.308027695864439, 0.0 ], [ 797066.532679959665984, 9095600.25296619720757, 0.0 ], [ 797130.053435985930264, 9095699.435945872217417, 0.0 ], [ 797160.145078916917555, 9095746.824869515374303, 0.0 ], [ 797164.607771596754901, 9095754.542521527037024, 0.0 ], [ 797139.201074272510596, 9095748.072064524516463, 0.0 ], [ 797124.843559614382684, 9095744.847683569416404, 0.0 ], [ 797124.969505444634706, 9095763.661948699504137, 0.0 ], [ 797119.678327234345488, 9095796.899886522442102, 0.0 ], [ 797123.127091708942316, 9095817.905424790456891, 0.0 ], [ 797143.368682388681918, 9095876.427890887483954, 0.0 ], [ 797158.89551234152168, 9095889.605166597291827, 0.0 ], [ 797153.507790532428771, 9095908.456231473013759, 0.0 ], [ 797141.778088591294363, 9095968.299681391566992, 0.0 ], [ 797144.176095479982905, 9095997.059341857209802, 0.0 ], [ 797153.160748521098867, 9096021.347777208313346, 0.0 ], [ 797161.005550141911954, 9096040.110272914171219, 0.0 ], [ 797163.292454275069758, 9096052.269307302311063, 0.0 ], [ 797164.447016076883301, 9096060.008776869624853, 0.0 ], [ 797169.990103933378123, 9096064.398710979148746, 0.0 ], [ 797185.450545883271843, 9096067.615619635209441, 0.0 ], [ 797197.595109009183943, 9096069.74784922413528, 0.0 ], [ 797226.302730040857568, 9096075.089480947703123, 0.0 ], [ 797290.386171584017575, 9096093.475143346935511, 0.0 ], [ 797304.810399868292734, 9096106.659788792952895, 0.0 ], [ 797348.046080318978056, 9096140.679720345884562, 0.0 ], [ 797379.018524156301282, 9096154.860409859567881, 0.0 ], [ 797444.93698423076421, 9096117.895816665142775, 0.0 ], [ 797496.53486294276081, 9096083.240561870858073, 0.0 ], [ 797515.15499162231572, 9096064.300752373412251, 0.0 ], [ 797610.416316943475977, 9095962.947114303708076, 0.0 ], [ 797657.499165505520068, 9095912.827161535620689, 0.0 ], [ 797676.02267645439133, 9095879.49986039288342, 0.0 ], [ 797680.270261488505639, 9095855.122821556404233, 0.0 ], [ 797687.788863810710609, 9095825.189809512346983, 0.0 ], [ 797720.773741981945932, 9095810.580672277137637, 0.0 ], [ 797773.70394115219824, 9095810.225629968568683, 0.0 ], [ 797897.215245164465159, 9095810.503666343167424, 0.0 ], [ 797963.378083219518885, 9095810.059590339660645, 0.0 ], [ 798025.100371871143579, 9095805.218167694285512, 0.0 ], [ 798039.420800783205777, 9095802.908486263826489, 0.0 ], [ 798081.28680401307065, 9095797.093421898782253, 0.0 ], [ 798124.173760943347588, 9095779.097249016165733, 0.0 ], [ 798157.017313906457275, 9095743.460112281143665, 0.0 ], [ 798163.581446971511468, 9095735.668650571256876, 0.0 ] ] ] ] } },
{ "type": "Feature", "properties": { "OBJECTID": 12350.0, "NAMOBJ": "Kranjingan", "FCODE": "BA03070040", "REMARK": null, "METADATA": "TASWIL1000020221227_DATA_BATAS_DESAKELURAHAN", "SRS_ID": "SRGI 2013", "KDBBPS": null, "KDCBPS": null, "KDCPUM": "35.09.21", "KDEBPS": null, "KDEPUM": "35.09.21.1003", "KDPBPS": null, "KDPKAB": "35.09", "KDPPUM": "35", "LUASWH": 0.0, "TIPADM": 2, "WADMKC": "Sumbersari", "WADMKD": "Kranjingan", "WADMKK": "Jember", "WADMPR": "Jawa Timur", "WIADKC": null, "WIADKK": null, "WIADPR": null, "WIADKD": null, "UUPP": "Data RBI Skala 1:25.000", "luas": 5.5522907290904158, "SHAPE_Leng": 0.152117997363267, "SHAPE_Area": 0.00045561213820600002, "area_kecam": null, "area_kec_1": null, "area_kec_2": null, "area_kec_3": null, "area_kec_4": null, "area_kec_5": null, "area_kec_6": null, "area_kec_7": null, "area_kec_8": null, "area_kec_9": null, "area_kec10": null, "area_kec11": null, "area_kec12": null, "area_kec13": null, "area_kec14": null, "area_kec15": null, "area_kec16": null, "area_kec17": null, "area_kec18": null, "area_kec19": null, "area_kec20": null, "area_kec21": null, "area_kec22": null, "area_kec23": null, "area_kec24": null, "area_kec25": null, "area_kec26": null, "area_kec27": null, "jml_pop": null, "luas_ha": 555, "kepadatan": 32, "Data_Penduduk_Jember_3Kecamatan_Kecamatan": "Sumbersari", "Data_Penduduk_Jember_3Kecamatan_Laki_Laki": "8936", "Data_Penduduk_Jember_3Kecamatan_Perempuan": "8925", "Data_Penduduk_Jember_3Kecamatan_Jumlah_Total": "17861" }, "geometry": { "type": "MultiPolygon", "coordinates": [ [ [ [ 796243.303056327626109, 9091010.011702941730618, 0.0 ], [ 796222.886443447088823, 9090997.639612244442105, 0.0 ], [ 796210.336302340729162, 9090984.556330889463425, 0.0 ], [ 796193.890706107253209, 9090977.424849146977067, 0.0 ], [ 796185.297767787822522, 9090967.606831189244986, 0.0 ], [ 796170.709431315190159, 9090944.003477998077869, 0.0 ], [ 796154.835537620354444, 9090924.358749315142632, 0.0 ], [ 796137.672115321736783, 9090908.014926647767425, 0.0 ], [ 796128.379336587619036, 9090891.617862237617373, 0.0 ], [ 796118.227386005688459, 9090844.941831428557634, 0.0 ], [ 796100.192016645218246, 9090796.343467526137829, 0.0 ], [ 796076.324045540066436, 9090758.318300334736705, 0.0 ], [ 796055.185549878398888, 9090736.075590170919895, 0.0 ], [ 796039.391579300165176, 9090728.281090108677745, 0.0 ], [ 796035.302826255792752, 9090725.912064854055643, 0.0 ], [ 796016.431688835262321, 9090725.07465348765254, 0.0 ], [ 796002.33465412305668, 9090725.827604047954082, 0.0 ], [ 795986.908010628889315, 9090723.955951608717442, 0.0 ], [ 795975.073419408407062, 9090719.755618175491691, 0.0 ], [ 795969.481051608920097, 9090717.159826597198844, 0.0 ], [ 795967.504574846243486, 9090715.856489188969135, 0.0 ], [ 795955.656745491782203, 9090709.681132573634386, 0.0 ], [ 795948.027867350028828, 9090696.894196704030037, 0.0 ], [ 795930.958988295751624, 9090665.980332352221012, 0.0 ], [ 795935.771152943489142, 9090661.294509012252092, 0.0 ], [ 795920.815726537373848, 9090658.523767286911607, 0.0 ], [ 795888.856061543570831, 9090660.951551549136639, 0.0 ], [ 795852.493544108350761, 9090664.515576971694827, 0.0 ], [ 795751.138715347507969, 9090677.369143608957529, 0.0 ], [ 795713.755318550742231, 9090693.114018011838198, 0.0 ], [ 795689.610142611432821, 9090709.877134082838893, 0.0 ], [ 795681.929122704314068, 9090715.462337102741003, 0.0 ], [ 795686.458025385858491, 9090733.140089392662048, 0.0 ], [ 795688.246819233405404, 9090739.610666092485189, 0.0 ], [ 795672.892267879564315, 9090750.353921473026276, 0.0 ], [ 795661.530505138449371, 9090757.935336405411363, 0.0 ], [ 795642.310942385112867, 9090767.544372541829944, 0.0 ], [ 795622.272725220886059, 9090772.419009348377585, 0.0 ], [ 795605.419928850606084, 9090782.80250196903944, 0.0 ], [ 795594.536084610153921, 9090803.021415866911411, 0.0 ], [ 795583.197662647464313, 9090814.15774123929441, 0.0 ], [ 795569.793945926707238, 9090810.692289032042027, 0.0 ], [ 795543.884616155643016, 9090820.346283638849854, 0.0 ], [ 795521.149891590583138, 9090833.92898771353066, 0.0 ], [ 795503.026408448582515, 9090830.890442904084921, 0.0 ], [ 795488.777292662533, 9090818.740004234015942, 0.0 ], [ 795475.363016415154561, 9090813.69471463561058, 0.0 ], [ 795457.221039267024025, 9090807.890628635883331, 0.0 ], [ 795432.349512205575593, 9090797.910114208236337, 0.0 ], [ 795413.708945013582706, 9090798.82730339281261, 0.0 ], [ 795398.228817991679534, 9090813.815758295357227, 0.0 ], [ 795387.281445263070054, 9090824.554622875526547, 0.0 ], [ 795368.806884908815846, 9090827.838451121002436, 0.0 ], [ 795343.663298333995044, 9090834.326873674988747, 0.0 ], [ 795323.263155532535166, 9090843.944078894332051, 0.0 ], [ 795299.405997621826828, 9090866.224539965391159, 0.0 ], [ 795261.424059374141507, 9090894.919857269152999, 0.0 ], [ 795242.357859143754467, 9090934.382980443537235, 0.0 ], [ 795254.69185110705439, 9090947.502413086593151, 0.0 ], [ 795273.692169144400395, 9090963.966002615168691, 0.0 ], [ 795296.58289001591038, 9090973.688499292358756, 0.0 ], [ 795312.836497507872991, 9090991.355666073039174, 0.0 ], [ 795319.962324621155858, 9091008.172703456133604, 0.0 ], [ 795356.127658182522282, 9091006.058940786868334, 0.0 ], [ 795433.787762071471661, 9091006.065932771191001, 0.0 ], [ 795498.323201751802117, 9091005.107453417032957, 0.0 ], [ 795556.561974280979484, 9091004.191031605005264, 0.0 ], [ 795622.175109812757, 9091007.438546067103744, 0.0 ], [ 795643.737498113419861, 9091014.6677639298141, 0.0 ], [ 795692.549200392095372, 9091016.447689549997449, 0.0 ], [ 795745.576514328364283, 9091020.832723706960678, 0.0 ], [ 795784.376410783617757, 9091030.19964561983943, 0.0 ], [ 795805.354931912617758, 9091034.486098194494843, 0.0 ], [ 795866.03390874620527, 9091039.613052992150187, 0.0 ], [ 795948.734617646317929, 9091040.165764378383756, 0.0 ], [ 796075.620316672604531, 9091052.595987634733319, 0.0 ], [ 796087.756232833955437, 9091053.621358022093773, 0.0 ], [ 796097.686768964864314, 9091054.661515034735203, 0.0 ], [ 796126.361399736953899, 9091055.575960326939821, 0.0 ], [ 796155.080356292426586, 9091063.130605695769191, 0.0 ], [ 796202.632419657427818, 9091083.840045087039471, 0.0 ], [ 796247.964523371309042, 9091102.350614208728075, 0.0 ], [ 796303.197765056043863, 9091117.474670324474573, 0.0 ], [ 796409.216606084024534, 9091142.218363154679537, 0.0 ], [ 796468.852928302250803, 9091156.205825626850128, 0.0 ], [ 796564.956224209163338, 9091182.122641833499074, 0.0 ], [ 796595.932853823062032, 9091197.409294851124287, 0.0 ], [ 796605.922935585957021, 9091207.30278124846518, 0.0 ], [ 796613.285937777953222, 9091213.134297640994191, 0.0 ], [ 796615.218684047926217, 9091206.869470871984959, 0.0 ], [ 796622.919482304481789, 9091181.536109471693635, 0.0 ], [ 796623.44543173420243, 9091155.040923090651631, 0.0 ], [ 796602.940346045885235, 9091136.637834411114454, 0.0 ], [ 796569.370579873677343, 9091119.087259527295828, 0.0 ], [ 796537.874520818819292, 9091117.323782285675406, 0.0 ], [ 796510.327301786863245, 9091117.508772106841207, 0.0 ], [ 796473.531012389110401, 9091107.88015871308744, 0.0 ], [ 796437.377527460339479, 9091096.27220038883388, 0.0 ], [ 796419.580089968862012, 9091083.224508991464972, 0.0 ], [ 796397.763463403563946, 9091057.694479091092944, 0.0 ], [ 796374.749905481701717, 9091049.289987629279494, 0.0 ], [ 796340.630465094931424, 9091047.54410925321281, 0.0 ], [ 796308.425683784531429, 9091037.884572328999639, 0.0 ], [ 796281.38847735337913, 9091016.339774824678898, 0.0 ], [ 796264.313541000592522, 9091013.162648938596249, 0.0 ], [ 796243.303056327626109, 9091010.011702941730618, 0.0 ] ] ], [ [ [ 800010.08492209459655, 9093522.942032357677817, 0.0 ], [ 800010.835122545948252, 9093470.918130988255143, 0.0 ], [ 799998.04574560909532, 9093373.607864873483777, 0.0 ], [ 799979.615615089656785, 9093257.520523006096482, 0.0 ], [ 799978.122791793197393, 9093199.977801360189915, 0.0 ], [ 799977.650204887846485, 9093130.253769278526306, 0.0 ], [ 799989.449522256851196, 9093081.475209107622504, 0.0 ], [ 800013.467896566260606, 9093045.89542019367218, 0.0 ], [ 800054.07879018317908, 9093017.950362931936979, 0.0 ], [ 800102.505957771092653, 9093004.340659512206912, 0.0 ], [ 800128.917186408070847, 9092996.413817116990685, 0.0 ], [ 800171.718294634949416, 9092966.240296635776758, 0.0 ], [ 800190.238395859021693, 9092932.911210929974914, 0.0 ], [ 800206.470318488194607, 9092887.422883888706565, 0.0 ], [ 800241.102111837244593, 9092790.897423107177019, 0.0 ], [ 800262.704440756468102, 9092724.34387693554163, 0.0 ], [ 800285.439600305631757, 9092662.209418235346675, 0.0 ], [ 800360.081954166293144, 9092611.897335750982165, 0.0 ], [ 800394.106278186663985, 9092588.423631714656949, 0.0 ], [ 800407.413404485676438, 9092599.401123184710741, 0.0 ], [ 800449.40437485743314, 9092612.397242555394769, 0.0 ], [ 800484.764632793492638, 9092623.224911646917462, 0.0 ], [ 800520.282601932995021, 9092657.294037004932761, 0.0 ], [ 800530.266777406563051, 9092666.080508287996054, 0.0 ], [ 800543.581378062255681, 9092678.1648258715868, 0.0 ], [ 800559.093670680886135, 9092689.127310184761882, 0.0 ], [ 800623.062984818709083, 9092690.906079521402717, 0.0 ], [ 800695.695395147893578, 9092669.383510375395417, 0.0 ], [ 800773.841173701919615, 9092647.823308711871505, 0.0 ], [ 800854.267512625083327, 9092637.315119594335556, 0.0 ], [ 800952.351471820496954, 9092628.900326428934932, 0.0 ], [ 801031.720376550219953, 9092625.039850013330579, 0.0 ], [ 801117.71281308028847, 9092622.240928897634149, 0.0 ], [ 801133.150062592001632, 9092622.135832380503416, 0.0 ], [ 801204.792772519169375, 9092617.220844022929668, 0.0 ], [ 801255.507768980693072, 9092615.76855037920177, 0.0 ], [ 801278.656236736802384, 9092614.504197042435408, 0.0 ], [ 801316.108932513045147, 9092608.714987402781844, 0.0 ], [ 801331.523471464519389, 9092605.289811396971345, 0.0 ], [ 801378.877613927004859, 9092596.112810676917434, 0.0 ], [ 801408.461051035556011, 9092568.241221254691482, 0.0 ], [ 801434.608233710518107, 9092521.577489841729403, 0.0 ], [ 801446.42055518203415, 9092475.011769156903028, 0.0 ], [ 801441.398833631305024, 9092385.395303815603256, 0.0 ], [ 801457.893425727961585, 9092378.642192335799336, 0.0 ], [ 801471.064950993284583, 9092369.698025584220886, 0.0 ], [ 801482.061340611195192, 9092365.195868672803044, 0.0 ], [ 801467.575888398103416, 9092343.158814009279013, 0.0 ], [ 801455.3034143979894, 9092322.213246608152986, 0.0 ], [ 801469.434090995229781, 9092292.233406081795692, 0.0 ], [ 801472.598678215639666, 9092271.182699030265212, 0.0 ], [ 801476.722526012570597, 9092229.096318509429693, 0.0 ], [ 801460.80238588526845, 9092158.36991273984313, 0.0 ], [ 801453.997911034151912, 9092130.746295997872949, 0.0 ], [ 801414.801301558036357, 9092042.469891035929322, 0.0 ], [ 801392.371119062998332, 9091987.283267214894295, 0.0 ], [ 801368.724903788650408, 9091915.502563919872046, 0.0 ], [ 801329.815404459252022, 9091869.28268258087337, 0.0 ], [ 801319.838790498208255, 9091861.60302777774632, 0.0 ], [ 801276.594268885441124, 9091826.480528328567743, 0.0 ], [ 801225.601266160374507, 9091786.983317840844393, 0.0 ], [ 801224.543780248379335, 9091793.631293259561062, 0.0 ], [ 801217.905304327607155, 9091790.3562714420259, 0.0 ], [ 801197.997426032088697, 9091781.637723442167044, 0.0 ], [ 801158.053360839257948, 9091745.385764267295599, 0.0 ], [ 801150.244485016562976, 9091732.157457292079926, 0.0 ], [ 801138.055120006087236, 9091723.386179497465491, 0.0 ], [ 801115.957101836102083, 9091716.895901819691062, 0.0 ], [ 801103.843167826300487, 9091719.19203944504261, 0.0 ], [ 801089.358155134599656, 9091697.154764410108328, 0.0 ], [ 801082.719708816730417, 9091693.879840912297368, 0.0 ], [ 801066.059384129475802, 9091676.284560278058052, 0.0 ], [ 801046.211212087888271, 9091648.413838235661387, 0.0 ], [ 801049.871619251556695, 9091666.64212935231626, 0.0 ], [ 801046.627714207512327, 9091671.931459916755557, 0.0 ], [ 800990.29496863600798, 9091683.507904462516308, 0.0 ], [ 800960.167389909736812, 9091690.296990102156997, 0.0 ], [ 800915.600645089289173, 9091695.867638815194368, 0.0 ], [ 800878.280491274315864, 9091705.997574975714087, 0.0 ], [ 800864.537637002533302, 9091710.700164835900068, 0.0 ], [ 800804.862552278675139, 9091713.08141110651195, 0.0 ], [ 800796.389214111492038, 9091721.03992092423141, 0.0 ], [ 800783.275311382021755, 9091721.787620404735208, 0.0 ], [ 800766.275175000773743, 9091729.803721254691482, 0.0 ], [ 800738.061683645937592, 9091728.679003082215786, 0.0 ], [ 800699.411675917217508, 9091736.184652153402567, 0.0 ], [ 800681.090764179360121, 9091742.892953228205442, 0.0 ], [ 800681.305796056520194, 9091774.494327422231436, 0.0 ], [ 800622.808027127408423, 9091757.115853060036898, 0.0 ], [ 800590.627679460449144, 9091751.409242819994688, 0.0 ], [ 800525.727491426863708, 9091757.117776354774833, 0.0 ], [ 800386.762332265730947, 9091771.230554219335318, 0.0 ], [ 800220.253090784884989, 9091786.188323296606541, 0.0 ], [ 800156.044715628726408, 9091797.158774876967072, 0.0 ], [ 800091.822924303123727, 9091806.153713379055262, 0.0 ], [ 800068.20548461843282, 9091805.655662881210446, 0.0 ], [ 800051.097993187140673, 9091797.871485216543078, 0.0 ], [ 800016.182375757256523, 9091775.723280720412731, 0.0 ], [ 799973.971404115436599, 9091741.773585280403495, 0.0 ], [ 799938.282506566494703, 9091713.946487041190267, 0.0 ], [ 799907.333250864059664, 9091700.830888533964753, 0.0 ], [ 799866.12629306782037, 9091696.739430604502559, 0.0 ], [ 799810.946988893439993, 9091690.20898874104023, 0.0 ], [ 799775.50084933033213, 9091686.499272441491485, 0.0 ], [ 799743.298423886531964, 9091677.500238111242652, 0.0 ], [ 799697.147863908903673, 9091642.918791987001896, 0.0 ], [ 799647.026070057298057, 9091603.097415141761303, 0.0 ], [ 799573.086259270086884, 9091533.151577221229672, 0.0 ], [ 799478.307799785980023, 9091443.33273833245039, 0.0 ], [ 799441.962278726976365, 9091445.816933518275619, 0.0 ], [ 799342.433501582010649, 9091471.51025103777647, 0.0 ], [ 799224.535027723293751, 9091496.669205559417605, 0.0 ], [ 799150.462045087479055, 9091503.754657438024879, 0.0 ], [ 799112.776624940801412, 9091459.898138837888837, 0.0 ], [ 799061.620674000587314, 9091364.120404528453946, 0.0 ], [ 799026.35863066627644, 9091290.620505696162581, 0.0 ], [ 798973.881827524630353, 9091167.881042500957847, 0.0 ], [ 798889.173276655608788, 9091179.624157749116421, 0.0 ], [ 798788.271114043775015, 9091196.108294755220413, 0.0 ], [ 798711.017204837524332, 9091217.699028013274074, 0.0 ], [ 798616.098276525735855, 9091245.992911601439118, 0.0 ], [ 798582.044899517088197, 9091254.123854136094451, 0.0 ], [ 798528.921295354375616, 9091255.14129257388413, 0.0 ], [ 798406.874761675368063, 9091248.723850252106786, 0.0 ], [ 798285.506438198732212, 9091245.593590781092644, 0.0 ], [ 798244.198297574650496, 9091247.847607284784317, 0.0 ], [ 798197.058435821672902, 9091247.306192675605416, 0.0 ], [ 798127.309997766744345, 9091253.570919113233685, 0.0 ], [ 797995.279527402948588, 9091283.957478046417236, 0.0 ], [ 797857.470327481394634, 9091313.328913506120443, 0.0 ], [ 797719.136021483689547, 9091342.703288156539202, 0.0 ], [ 797652.663533303653821, 9091367.906540222465992, 0.0 ], [ 797564.308983258204535, 9091416.43151075951755, 0.0 ], [ 797518.874704636866227, 9091448.866248250007629, 0.0 ], [ 797480.197995317867026, 9091471.774874925613403, 0.0 ], [ 797428.856956779258326, 9091484.234666218981147, 0.0 ], [ 797343.36314972746186, 9091490.077301165089011, 0.0 ], [ 797262.517497661756352, 9091484.827732037752867, 0.0 ], [ 797201.5365878631128, 9091468.383517690002918, 0.0 ], [ 797138.985222598654218, 9091452.476616505533457, 0.0 ], [ 797068.056239170138724, 9091439.259630464017391, 0.0 ], [ 797033.977910732035525, 9091443.702347602695227, 0.0 ], [ 796941.83589710353408, 9091484.454925715923309, 0.0 ], [ 796977.515490468824282, 9091535.72663027048111, 0.0 ], [ 797122.223077656701207, 9091738.397380977869034, 0.0 ], [ 797175.140619262354448, 9091736.934647757560015, 0.0 ], [ 797215.124877336202189, 9091779.829396553337574, 0.0 ], [ 797224.996130233164877, 9091772.015895012766123, 0.0 ], [ 797314.396730968379416, 9091784.695499520748854, 0.0 ], [ 797354.1427796066273, 9091792.175506554543972, 0.0 ], [ 797395.170213375007734, 9091826.208936475217342, 0.0 ], [ 797411.85833484493196, 9091848.231988893821836, 0.0 ], [ 797418.682549242745154, 9091879.175304615870118, 0.0 ], [ 797423.241957318969071, 9091901.279762465506792, 0.0 ], [ 797436.711650117998943, 9091936.605741130188107, 0.0 ], [ 797456.662971238605678, 9091951.966037020087242, 0.0 ], [ 797498.845380931859836, 9091993.739013414829969, 0.0 ], [ 797558.572996595408767, 9092021.00604934990406, 0.0 ], [ 797579.589550476521254, 9092030.825546991080046, 0.0 ], [ 797600.755470413016155, 9092062.779312850907445, 0.0 ], [ 797605.233001054963097, 9092072.709822388365865, 0.0 ], [ 797613.040854747639969, 9092085.938534401357174, 0.0 ], [ 797618.576081338105723, 9092089.221559433266521, 0.0 ], [ 797628.537018986069597, 9092094.688425045460463, 0.0 ], [ 797663.835624520084821, 9092096.664274429902434, 0.0 ], [ 797738.79895825649146, 9092093.945893539115787, 0.0 ], [ 797766.431549648987129, 9092103.72043277323246, 0.0 ], [ 797801.857062549097463, 9092124.510449107736349, 0.0 ], [ 797851.855418998282403, 9092180.618666887283325, 0.0 ], [ 797879.577370738377795, 9092203.673976188525558, 0.0 ], [ 797899.477021030150354, 9092211.2872558478266, 0.0 ], [ 797943.835461904993281, 9092248.618406536057591, 0.0 ], [ 797971.535355842555873, 9092268.353535369038582, 0.0 ], [ 798024.707702392945066, 9092304.518476761877537, 0.0 ], [ 798091.163699933211319, 9092348.341318029910326, 0.0 ], [ 798155.317684441106394, 9092377.79130226559937, 0.0 ], [ 798177.41507020033896, 9092384.28302176296711, 0.0 ], [ 798193.700774752302095, 9092346.543061438947916, 0.0 ], [ 798210.098515443038195, 9092325.403753336519003, 0.0 ], [ 798234.236818344332278, 9092307.53275235556066, 0.0 ], [ 798258.442403806373477, 9092299.622091457247734, 0.0 ], [ 798284.890684633282945, 9092297.230132501572371, 0.0 ], [ 798312.478601312730461, 9092300.364316917955875, 0.0 ], [ 798354.475728253135458, 9092314.469069356098771, 0.0 ], [ 798368.899651716696098, 9092327.652981467545033, 0.0 ], [ 798409.958300914615393, 9092366.112871279940009, 0.0 ], [ 798433.14345411863178, 9092370.383480854332447, 0.0 ], [ 798455.166333928587846, 9092365.807756833732128, 0.0 ], [ 798482.649748794268817, 9092353.447651341557503, 0.0 ], [ 798514.544013523263857, 9092341.057856181636453, 0.0 ], [ 798549.805944518768229, 9092337.499467849731445, 0.0 ], [ 798603.782629494322464, 9092329.387468909844756, 0.0 ], [ 798667.608148372033611, 9092310.141476463526487, 0.0 ], [ 798712.763760790112428, 9092302.088911233469844, 0.0 ], [ 798754.65634202840738, 9092300.69920520670712, 0.0 ], [ 798770.138078662799671, 9092307.235236005857587, 0.0 ], [ 798792.340326554840431, 9092329.220571404322982, 0.0 ], [ 798810.199478655005805, 9092361.196439504623413, 0.0 ], [ 798831.35126974596642, 9092390.93639836832881, 0.0 ], [ 798842.759181712986901, 9092447.30478635057807, 0.0 ], [ 798845.360942837200128, 9092505.946124739944935, 0.0 ], [ 798851.397515596239828, 9092583.37963667139411, 0.0 ], [ 798847.502906877081841, 9092659.773144543170929, 0.0 ], [ 798846.632166836876422, 9092694.08913448266685, 0.0 ], [ 798844.897798866964877, 9092763.827505147084594, 0.0 ], [ 798842.501905295532197, 9092898.870223600417376, 0.0 ], [ 798841.870173757895827, 9092968.601135153323412, 0.0 ], [ 798854.103979833191261, 9092984.013454891741276, 0.0 ], [ 798860.065823987009935, 9093050.379517642781138, 0.0 ], [ 798787.290646853041835, 9093050.870952816680074, 0.0 ], [ 798715.655625151004642, 9093056.888657014816999, 0.0 ], [ 798664.963529156986624, 9093061.657904252409935, 0.0 ], [ 798635.199408755637705, 9093062.965326629579067, 0.0 ], [ 798571.268049986567348, 9093066.717142688110471, 0.0 ], [ 798549.229967188555747, 9093069.079370208084583, 0.0 ], [ 798444.522857897449285, 9093076.42627090215683, 0.0 ], [ 798452.547533458098769, 9093121.749744206666946, 0.0 ], [ 798453.717357610235922, 9093131.702900659292936, 0.0 ], [ 798507.941486863419414, 9093160.113124383613467, 0.0 ], [ 798654.066639934433624, 9093244.34875057078898, 0.0 ], [ 798683.950378710404038, 9093260.748686024919152, 0.0 ], [ 798750.348824287764728, 9093295.717421066015959, 0.0 ], [ 798765.84579719346948, 9093304.467009369283915, 0.0 ], [ 798780.240228981594555, 9093313.224036250263453, 0.0 ], [ 798801.280283123487607, 9093326.36318401247263, 0.0 ], [ 798827.841343628708273, 9093340.572050489485264, 0.0 ], [ 798852.189411309082061, 9093353.688962519168854, 0.0 ], [ 798877.685099783586338, 9093373.438650697469711, 0.0 ], [ 798866.748261776403524, 9093386.793776424601674, 0.0 ], [ 798860.177123618545011, 9093393.478781905025244, 0.0 ], [ 798893.294220869545825, 9093398.789176290854812, 0.0 ], [ 798899.89524674823042, 9093396.5310592148453, 0.0 ], [ 798906.518688694457524, 9093397.59289076179266, 0.0 ], [ 798916.450230381451547, 9093398.632827136665583, 0.0 ], [ 798938.52577985287644, 9093401.803863929584622, 0.0 ], [ 798961.748954665148631, 9093411.608120482414961, 0.0 ], [ 798968.379878862760961, 9093413.776889560744166, 0.0 ], [ 798975.010804017307237, 9093415.945657858625054, 0.0 ], [ 798986.082279844791628, 9093422.511534880846739, 0.0 ], [ 798996.043732566642575, 9093427.97824290394783, 0.0 ], [ 799015.84671223978512, 9093421.203731456771493, 0.0 ], [ 799049.984423481859267, 9093414.332488937303424, 0.0 ], [ 799083.109192029340193, 9093420.749367756769061, 0.0 ], [ 799153.911530380602926, 9093454.580933753401041, 0.0 ], [ 799275.691038754303008, 9093525.698619533330202, 0.0 ], [ 799293.288951478665695, 9093518.939000740647316, 0.0 ], [ 799300.955146248801611, 9093511.139625260606408, 0.0 ], [ 799396.083859098609537, 9093554.767684269696474, 0.0 ], [ 799444.758624699665233, 9093577.680652977898717, 0.0 ], [ 799484.61934896116145, 9093601.760421583428979, 0.0 ], [ 799515.56175310886465, 9093611.511921864002943, 0.0 ], [ 799544.320962907047942, 9093624.59873341396451, 0.0 ], [ 799596.423639955697581, 9093665.197096453979611, 0.0 ], [ 799666.453810139326379, 9093747.731995342299342, 0.0 ], [ 799689.819719848455861, 9093778.563516492024064, 0.0 ], [ 799704.229424846475013, 9093789.533812606707215, 0.0 ], [ 799713.080808276543394, 9093793.901036677882075, 0.0 ], [ 799719.711857639718801, 9093796.069723868742585, 0.0 ], [ 799729.658544478937984, 9093799.322863113135099, 0.0 ], [ 799749.53661160368938, 9093803.615456618368626, 0.0 ], [ 799766.09937790222466, 9093806.823700515553355, 0.0 ], [ 799779.346510236267932, 9093808.947710791602731, 0.0 ], [ 799806.943460653768852, 9093813.188035124912858, 0.0 ], [ 799823.506020355504006, 9093816.39615093357861, 0.0 ], [ 799843.384227284928784, 9093820.688596425577998, 0.0 ], [ 799878.655007323948666, 9093818.23634696751833, 0.0 ], [ 799902.906482281861827, 9093816.965467363595963, 0.0 ], [ 799971.14525680267252, 9093797.687927901744843, 0.0 ], [ 799997.174774155137129, 9093733.318091351538897, 0.0 ], [ 800005.501253676251508, 9093660.213994519785047, 0.0 ], [ 800012.672719321213663, 9093579.370337488129735, 0.0 ], [ 800011.307581751374528, 9093540.642170500010252, 0.0 ], [ 800010.08492209459655, 9093522.942032357677817, 0.0 ] ] ] ] } },
{ "type": "Feature", "properties": { "OBJECTID": 12696.0, "NAMOBJ": "Mangli", "FCODE": "BA03070040", "REMARK": null, "METADATA": "TASWIL1000020221227_DATA_BATAS_DESAKELURAHAN", "SRS_ID": "SRGI 2013", "KDBBPS": null, "KDCBPS": null, "KDCPUM": "35.09.19", "KDEBPS": null, "KDEPUM": "35.09.19.1001", "KDPBPS": null, "KDPKAB": "35.09", "KDPPUM": "35", "LUASWH": 0.0, "TIPADM": 2, "WADMKC": "Kaliwates", "WADMKD": "Mangli", "WADMKK": "Jember", "WADMPR": "Jawa Timur", "WIADKC": null, "WIADKK": null, "WIADPR": null, "WIADKD": null, "UUPP": "Data RBI Skala 1:25.000", "luas": 3.4340429702319351, "SHAPE_Leng": 0.095256221017037998, "SHAPE_Area": 0.00028178501602, "area_kecam": null, "area_kec_1": null, "area_kec_2": null, "area_kec_3": null, "area_kec_4": null, "area_kec_5": null, "area_kec_6": null, "area_kec_7": null, "area_kec_8": null, "area_kec_9": null, "area_kec10": null, "area_kec11": null, "area_kec12": null, "area_kec13": null, "area_kec14": null, "area_kec15": null, "area_kec16": null, "area_kec17": null, "area_kec18": null, "area_kec19": null, "area_kec20": null, "area_kec21": null, "area_kec22": null, "area_kec23": null, "area_kec24": null, "area_kec25": null, "area_kec26": null, "area_kec27": null, "jml_pop": 16731, "luas_ha": 343, "kepadatan": 49, "Data_Penduduk_Jember_3Kecamatan_Kecamatan": "Kaliwates", "Data_Penduduk_Jember_3Kecamatan_Laki_Laki": "8253", "Data_Penduduk_Jember_3Kecamatan_Perempuan": "8478", "Data_Penduduk_Jember_3Kecamatan_Jumlah_Total": "16731" }, "geometry": { "type": "MultiPolygon", "coordinates": [ [ [ [ 792261.453044448513538, 9094356.111518951132894, 0.0 ], [ 792283.235505387652665, 9094315.019254930317402, 0.0 ], [ 792344.880767727619968, 9094299.118646297603846, 0.0 ], [ 792395.492393615888432, 9094282.183804562315345, 0.0 ], [ 792441.715163888409734, 9094268.598129782825708, 0.0 ], [ 792477.999739028746262, 9094252.864667143672705, 0.0 ], [ 792510.896037225844339, 9094224.979383315891027, 0.0 ], [ 792538.052520005963743, 9094162.823714012280107, 0.0 ], [ 792557.43967998214066, 9094092.972258262336254, 0.0 ], [ 792563.551154649816453, 9094016.568011419847608, 0.0 ], [ 792577.358896008925512, 9093936.79297536239028, 0.0 ], [ 792580.388983328361064, 9093894.71753885038197, 0.0 ], [ 792585.792330712312832, 9093878.080909848213196, 0.0 ], [ 792594.408718654885888, 9093847.035891035571694, 0.0 ], [ 792621.6891097612679, 9093803.69350078701973, 0.0 ], [ 792641.412088161800057, 9093784.748793479055166, 0.0 ], [ 792653.474992575240321, 9093774.708802618086338, 0.0 ], [ 792709.496428890619427, 9093742.243606170639396, 0.0 ], [ 792809.469157250598073, 9093686.246412258595228, 0.0 ], [ 792911.632170792319812, 9093628.021081959828734, 0.0 ], [ 792977.489110310561955, 9093582.209544967859983, 0.0 ], [ 793021.3961134001147, 9093552.037628583610058, 0.0 ], [ 793044.389949610456824, 9093527.537260985001922, 0.0 ], [ 793054.240148112177849, 9093516.404916476458311, 0.0 ], [ 793084.747240704018623, 9093460.866675723344088, 0.0 ], [ 793113.895151422359049, 9093366.601967142894864, 0.0 ], [ 793140.895957327913493, 9093281.205227011814713, 0.0 ], [ 793162.515946705825627, 9093215.765046719461679, 0.0 ], [ 793165.757695769192651, 9093205.7832539845258, 0.0 ], [ 793180.966871603624895, 9093171.373971266672015, 0.0 ], [ 793199.403411571984179, 9093124.769184080883861, 0.0 ], [ 793222.264887990662828, 9093080.348731268197298, 0.0 ], [ 793232.200793791678734, 9093049.012199083343148, 0.0 ], [ 793237.386055914219469, 9093032.65925195068121, 0.0 ], [ 793246.01622274692636, 9093003.826922165229917, 0.0 ], [ 793231.300968185300007, 9092946.374834604561329, 0.0 ], [ 793219.241679405095056, 9092905.775771338492632, 0.0 ], [ 793213.255912735825405, 9092885.624196225777268, 0.0 ], [ 793164.514162396895699, 9092851.638774860650301, 0.0 ], [ 793117.028966212179512, 9092840.88603588566184, 0.0 ], [ 793085.873001391883008, 9092844.50659080222249, 0.0 ], [ 793063.679749886621721, 9092847.085531871765852, 0.0 ], [ 793056.429787628119811, 9092847.927965292707086, 0.0 ], [ 793018.97801084141247, 9092853.70966430939734, 0.0 ], [ 792992.559680174803361, 9092860.524985201656818, 0.0 ], [ 792963.847873667837121, 9092854.074770832434297, 0.0 ], [ 792949.419024432194419, 9092839.782777741551399, 0.0 ], [ 792937.114445550600067, 9092813.302961602807045, 0.0 ], [ 792922.509415861451998, 9092772.450842898339033, 0.0 ], [ 792912.381073811091483, 9092741.529719667509198, 0.0 ], [ 792890.116521176649258, 9092709.58201252669096, 0.0 ], [ 792851.313291525584646, 9092677.743916787207127, 0.0 ], [ 792813.656452585360967, 9092652.53856099396944, 0.0 ], [ 792760.673345781629905, 9092644.035492710769176, 0.0 ], [ 792706.638843357795849, 9092643.286499949172139, 0.0 ], [ 792665.923566415207461, 9092655.729767650365829, 0.0 ], [ 792621.87110364693217, 9092663.76828832551837, 0.0 ], [ 792576.613562085549347, 9092656.320619218051434, 0.0 ], [ 792541.294016314437613, 9092651.020734943449497, 0.0 ], [ 792519.249498589662835, 9092652.273142358288169, 0.0 ], [ 792503.901036397437565, 9092665.655195780098438, 0.0 ], [ 792501.878810325171798, 9092693.336720990017056, 0.0 ], [ 792505.36233333311975, 9092719.874894691631198, 0.0 ], [ 792519.96671166899614, 9092760.727024404332042, 0.0 ], [ 792536.979026221204549, 9092793.086851343512535, 0.0 ], [ 792537.700046295300126, 9092793.237135099247098, 0.0 ], [ 792550.922983665717766, 9092803.680041130632162, 0.0 ], [ 792573.126373924780637, 9092838.425829058513045, 0.0 ], [ 792591.361857307609171, 9092868.260106272995472, 0.0 ], [ 792599.128730159020051, 9092902.113731820136309, 0.0 ], [ 792595.450199930230156, 9092940.981023726984859, 0.0 ], [ 792595.239829257596284, 9092958.757702762261033, 0.0 ], [ 792589.198074236745015, 9092987.436085380613804, 0.0 ], [ 792573.925957837374881, 9093008.933217838406563, 0.0 ], [ 792554.366459780489095, 9093026.838156012818217, 0.0 ], [ 792520.648758165771142, 9093036.278066344559193, 0.0 ], [ 792498.348207055940293, 9093036.425482014194131, 0.0 ], [ 792467.707304236944765, 9093015.231550261378288, 0.0 ], [ 792425.896819270215929, 9092991.149066258221865, 0.0 ], [ 792402.140978092793375, 9092969.580357002094388, 0.0 ], [ 792378.348075066693127, 9092942.416197715327144, 0.0 ], [ 792351.88165412331, 9092907.698516540229321, 0.0 ], [ 792336.281077313702554, 9092879.49236074835062, 0.0 ], [ 792323.877429500920698, 9092838.756930952891707, 0.0 ], [ 792313.158911807229742, 9092804.922610906884074, 0.0 ], [ 792302.180027399095707, 9092781.294635709375143, 0.0 ], [ 792280.813462160411291, 9092773.864631609991193, 0.0 ], [ 792250.937847793567926, 9092769.124496458098292, 0.0 ], [ 792215.635205679107457, 9092776.159054048359394, 0.0 ], [ 792205.903087694547139, 9092789.364302663132548, 0.0 ], [ 792186.392645730869845, 9092840.401914693415165, 0.0 ], [ 792165.823398721870035, 9092898.087249720469117, 0.0 ], [ 792151.621201429981738, 9092918.101970234885812, 0.0 ], [ 792130.708535777172074, 9092923.773758992552757, 0.0 ], [ 792108.649211095180362, 9092922.812464641407132, 0.0 ], [ 792085.399848190601915, 9092908.57884101010859, 0.0 ], [ 792074.22778446378652, 9092886.518012693151832, 0.0 ], [ 792065.129301231354475, 9092844.522903980687261, 0.0 ], [ 792064.727458407403901, 9092783.656176462769508, 0.0 ], [ 792074.387732206610963, 9092743.750432843342423, 0.0 ], [ 792086.662325993995182, 9092711.859093282371759, 0.0 ], [ 792088.480369015946053, 9092707.135567216202617, 0.0 ], [ 792116.782162073766813, 9092651.612967466935515, 0.0 ], [ 792133.094508853275329, 9092617.196952560916543, 0.0 ], [ 792141.673872760613449, 9092580.618455080315471, 0.0 ], [ 792140.329835806041956, 9092573.468633383512497, 0.0 ], [ 792137.102703734301031, 9092556.30083716288209, 0.0 ], [ 792118.190613496117294, 9092530.971340514719486, 0.0 ], [ 792064.981478028814308, 9092488.160761564970016, 0.0 ], [ 792042.812863769941032, 9092470.599567713215947, 0.0 ], [ 791997.29272654093802, 9092423.311301494017243, 0.0 ], [ 791958.329708795063198, 9092367.125874299556017, 0.0 ], [ 791927.172509580617771, 9092324.169622197747231, 0.0 ], [ 791901.594010674394667, 9092291.137098867446184, 0.0 ], [ 791876.103218549164012, 9092271.38459506072104, 0.0 ], [ 791855.117837362689897, 9092265.989436591044068, 0.0 ], [ 791833.073498353362083, 9092267.241779822856188, 0.0 ], [ 791808.889856390771456, 9092278.468567071482539, 0.0 ], [ 791794.636589441914111, 9092290.736294720321894, 0.0 ], [ 791774.936380863422528, 9092313.000847183167934, 0.0 ], [ 791757.441194648621604, 9092335.250502172857523, 0.0 ], [ 791734.535321534844115, 9092373.029861902818084, 0.0 ], [ 791712.629772991640493, 9092395.308913985267282, 0.0 ], [ 791680.74258839560207, 9092408.799848195165396, 0.0 ], [ 791659.793589298380539, 9092408.938029624521732, 0.0 ], [ 791629.921782207442448, 9092393.641043692827225, 0.0 ], [ 791587.834071319084615, 9092365.143809288740158, 0.0 ], [ 791561.226385356858373, 9092343.185094270855188, 0.0 ], [ 791543.555865693837404, 9092338.874755941331387, 0.0 ], [ 791528.127097179414704, 9092340.083200462162495, 0.0 ], [ 791514.92537046270445, 9092344.597097726538777, 0.0 ], [ 791492.98328551184386, 9092361.342351092025638, 0.0 ], [ 791462.271637533558533, 9092385.892609288915992, 0.0 ], [ 791428.361739323940128, 9092427.064498443156481, 0.0 ], [ 791403.162791268900037, 9092451.578357676044106, 0.0 ], [ 791374.597855505533516, 9092467.260449545457959, 0.0 ], [ 791356.963899138849229, 9092468.483237594366074, 0.0 ], [ 791329.319257489405572, 9092456.491643954068422, 0.0 ], [ 791311.575956186745316, 9092441.11467544361949, 0.0 ], [ 791277.046057484694757, 9092388.219858257099986, 0.0 ], [ 791233.5718317120336, 9092316.570080369710922, 0.0 ], [ 791191.193112786160782, 9092243.806155066937208, 0.0 ], [ 791166.623254011385143, 9092196.379402967169881, 0.0 ], [ 791109.779935629339889, 9092103.79017211124301, 0.0 ], [ 791077.543260895297863, 9092064.160665581002831, 0.0 ], [ 791050.935838663950562, 9092042.201780809089541, 0.0 ], [ 791015.580905580660328, 9092031.367472678422928, 0.0 ], [ 790971.449090159963816, 9092027.231179704889655, 0.0 ], [ 790930.654234644025564, 9092027.499717885628343, 0.0 ], [ 790917.46728682727553, 9092034.226769495755434, 0.0 ], [ 790904.353060036664829, 9092052.020427163690329, 0.0 ], [ 790882.512982218991965, 9092084.258715542033315, 0.0 ], [ 790858.387638538959436, 9092104.338224796578288, 0.0 ], [ 790842.847438962431625, 9092105.481003705412149, 0.0 ], [ 790841.856448887614533, 9092105.553815875202417, 0.0 ], [ 790841.883874184917659, 9092109.722052801400423, 0.0 ], [ 790841.929261630401015, 9092116.620310604572296, 0.0 ], [ 790844.315564604359679, 9092136.952440846711397, 0.0 ], [ 790847.76963326963596, 9092166.383875546976924, 0.0 ], [ 790845.615466647199355, 9092174.144896836951375, 0.0 ], [ 790848.126393145881593, 9092220.610131854191422, 0.0 ], [ 790848.228320130845532, 9092236.103268703445792, 0.0 ], [ 790843.927254111971706, 9092252.73241151869297, 0.0 ], [ 790851.446491880109534, 9092278.502010269090533, 0.0 ], [ 790852.951760328258388, 9092283.660657526925206, 0.0 ], [ 790858.610212988220155, 9092305.75771308504045, 0.0 ], [ 790859.751060159178451, 9092312.004770994186401, 0.0 ], [ 790862.041795435943641, 9092324.549072062596679, 0.0 ], [ 790861.943794741062447, 9092324.870883559808135, 0.0 ], [ 790856.645312661537901, 9092342.292018046602607, 0.0 ], [ 790847.933939979411662, 9092358.949947839602828, 0.0 ], [ 790849.60436433297582, 9092368.615353927016258, 0.0 ], [ 790852.51893223519437, 9092385.480789439752698, 0.0 ], [ 790861.608845620416105, 9092426.369098791852593, 0.0 ], [ 790866.179283188073896, 9092450.686843194067478, 0.0 ], [ 790863.754778833594173, 9092455.538995802402496, 0.0 ], [ 790849.069742538500577, 9092484.928050832822919, 0.0 ], [ 790837.8835644046776, 9092507.315071530640125, 0.0 ], [ 790830.260151743656024, 9092521.752301797270775, 0.0 ], [ 790837.283149023074657, 9092583.681662742048502, 0.0 ], [ 790843.00707764714025, 9092615.738670017570257, 0.0 ], [ 790864.028938521631062, 9092626.667400481179357, 0.0 ], [ 790880.611166721209884, 9092633.198598871007562, 0.0 ], [ 790895.03202559100464, 9092646.384369956329465, 0.0 ], [ 790905.108081301674247, 9092669.558871477842331, 0.0 ], [ 790904.58183212717995, 9092686.916298830881715, 0.0 ], [ 790904.202015243237838, 9092699.446074513718486, 0.0 ], [ 790922.083485188893974, 9092735.849860006943345, 0.0 ], [ 790936.584447341971099, 9092761.208902504295111, 0.0 ], [ 790943.403735181549564, 9092792.151790762320161, 0.0 ], [ 790945.718076381133869, 9092808.737313993275166, 0.0 ], [ 790968.002656918251887, 9092844.005216691643, 0.0 ], [ 791012.091471413034014, 9092841.501802381128073, 0.0 ], [ 791027.527654712321237, 9092841.400259798392653, 0.0 ], [ 791040.809634247678332, 9092849.060072703287005, 0.0 ], [ 791051.915568826021627, 9092861.160705953836441, 0.0 ], [ 791060.991070520598441, 9092899.835731703788042, 0.0 ], [ 791074.447805783711374, 9092934.055208375677466, 0.0 ], [ 791084.53126677731052, 9092958.336710963398218, 0.0 ], [ 791085.409349564579315, 9092964.227816892787814, 0.0 ], [ 791086.838370767654851, 9092973.815583135932684, 0.0 ], [ 791104.669084618450142, 9093002.472516935318708, 0.0 ], [ 791134.671997424098663, 9093037.689849646762013, 0.0 ], [ 791146.931557565461844, 9093057.530196588486433, 0.0 ], [ 791154.904430288122967, 9093096.212604582309723, 0.0 ], [ 791159.489655130309984, 9093122.743266584351659, 0.0 ], [ 791162.843514384701848, 9093129.775705145671964, 0.0 ], [ 791168.434288202319294, 9093141.498606136068702, 0.0 ], [ 791183.972423865809105, 9093156.890321552753448, 0.0 ], [ 791230.303212650003843, 9093159.905370779335499, 0.0 ], [ 791246.849410044495016, 9093160.903415828943253, 0.0 ], [ 791275.633401235565543, 9093178.421250846236944, 0.0 ], [ 791305.621992240659893, 9093211.425219088792801, 0.0 ], [ 791327.979747608071193, 9093257.759950833395123, 0.0 ], [ 791340.268685125513002, 9093282.026612341403961, 0.0 ], [ 791352.499358736677095, 9093297.440183823928237, 0.0 ], [ 791376.756418297067285, 9093297.28050815872848, 0.0 ], [ 791389.987603596411645, 9093297.193406326696277, 0.0 ], [ 791402.152619695407338, 9093302.646881435066462, 0.0 ], [ 791407.731187784578651, 9093312.570677051320672, 0.0 ], [ 791398.010644995374605, 9093337.436426036059856, 0.0 ], [ 791392.549779447494075, 9093351.405550377443433, 0.0 ], [ 791383.838247932842933, 9093368.063357707113028, 0.0 ], [ 791383.918380378745496, 9093380.236885378137231, 0.0 ], [ 791384.929417784558609, 9093399.721644865348935, 0.0 ], [ 791386.444097056402825, 9093428.915484566241503, 0.0 ], [ 791383.303823716705665, 9093454.390422409400344, 0.0 ], [ 791379.068224493297748, 9093480.979611657559872, 0.0 ], [ 791375.847816672525369, 9093494.281351486220956, 0.0 ], [ 791374.796085119713098, 9093502.035036206245422, 0.0 ], [ 791367.070687184226699, 9093500.979388618841767, 0.0 ], [ 791340.622765319421887, 9093503.366863366216421, 0.0 ], [ 791308.763880915474147, 9093521.283775104209781, 0.0 ], [ 791248.433609961066395, 9093569.269263043999672, 0.0 ], [ 791205.192457894561812, 9093611.150839630514383, 0.0 ], [ 791156.396912144846283, 9093658.411401599645615, 0.0 ], [ 791121.339179567759857, 9093692.949908366426826, 0.0 ], [ 791105.207559514557943, 9093714.149956585839391, 0.0 ], [ 791095.102250557160005, 9093727.430497927591205, 0.0 ], [ 791071.135622924659401, 9093771.856299661099911, 0.0 ], [ 791041.823488463182002, 9093841.771731819957495, 0.0 ], [ 791036.557686454500072, 9093879.434222111478448, 0.0 ], [ 791039.974597313208506, 9093896.012627186253667, 0.0 ], [ 791042.237992979004048, 9093904.851316634565592, 0.0 ], [ 791054.563060287386179, 9093934.651586722582579, 0.0 ], [ 791083.470965878572315, 9093970.983034674078226, 0.0 ], [ 791102.440841656527482, 9094005.166368557140231, 0.0 ], [ 791122.469718764419667, 9094032.702375119552016, 0.0 ], [ 791144.645665670745075, 9094051.370701657608151, 0.0 ], [ 791157.957062668749131, 9094063.457135427743196, 0.0 ], [ 791207.814852274488658, 9094099.650865783914924, 0.0 ], [ 791225.551301111816429, 9094113.92129167355597, 0.0 ], [ 791235.583985520876013, 9094130.456109533086419, 0.0 ], [ 791230.1436389493756, 9094141.558866193518043, 0.0 ], [ 791218.109510975889862, 9094156.025426169857383, 0.0 ], [ 791203.840819067088887, 9094166.079494105651975, 0.0 ], [ 791195.056234573945403, 9094171.670782027766109, 0.0 ], [ 791188.4623407733161, 9094175.034360274672508, 0.0 ], [ 791148.935316395247355, 9094200.748227084055543, 0.0 ], [ 791099.651898602838628, 9094251.980790207162499, 0.0 ], [ 791094.204339986550622, 9094261.977073017507792, 0.0 ], [ 791085.506852192804217, 9094280.848045747727156, 0.0 ], [ 791083.226438277633861, 9094295.991187654435635, 0.0 ], [ 791082.337113098939881, 9094301.896453669294715, 0.0 ], [ 791085.812177143990993, 9094327.328049032017589, 0.0 ], [ 791094.42590694129467, 9094348.999821787700057, 0.0 ], [ 791095.902976242243312, 9094352.716077318415046, 0.0 ], [ 791097.441635148832574, 9094355.283274715766311, 0.0 ], [ 791113.741225520614535, 9094382.47994109429419, 0.0 ], [ 791118.60596025956329, 9094396.29004211910069, 0.0 ], [ 791123.853854539687745, 9094411.188067363575101, 0.0 ], [ 791119.557393333408982, 9094437.222302468493581, 0.0 ], [ 791119.015607792534865, 9094440.506037380546331, 0.0 ], [ 791118.55143535870593, 9094443.317472215741873, 0.0 ], [ 791109.020433209952898, 9094503.142159480601549, 0.0 ], [ 791093.280479952925816, 9094624.983764633536339, 0.0 ], [ 791092.580205607693642, 9094628.062137043103576, 0.0 ], [ 791088.993500130134635, 9094643.825859624892473, 0.0 ], [ 791089.431306863203645, 9094647.426097478717566, 0.0 ], [ 791091.067474812502041, 9094660.879133533686399, 0.0 ], [ 791092.490439609624445, 9094672.577333088964224, 0.0 ], [ 791099.791286854655482, 9094677.902686439454556, 0.0 ], [ 791113.542056004982442, 9094687.933024290949106, 0.0 ], [ 791116.526432454120368, 9094688.685024209320545, 0.0 ], [ 791147.781773556489497, 9094696.561843246221542, 0.0 ], [ 791162.93729309446644, 9094693.500641597434878, 0.0 ], [ 791187.219381129485555, 9094688.596135832369328, 0.0 ], [ 791227.069502211175859, 9094680.547110356390476, 0.0 ], [ 791340.278603449696675, 9094641.843947567045689, 0.0 ], [ 791378.898189722676761, 9094628.64059504121542, 0.0 ], [ 791531.829304855549708, 9094576.726414956152439, 0.0 ], [ 791547.222478330833837, 9094569.985005017369986, 0.0 ], [ 791723.148271489655599, 9094493.570839188992977, 0.0 ], [ 791752.454055593931116, 9094481.257092569023371, 0.0 ], [ 791879.242038607597351, 9094427.982137365266681, 0.0 ], [ 791883.695342923747376, 9094426.110901148989797, 0.0 ], [ 792027.753454049117863, 9094366.505901521071792, 0.0 ], [ 792099.271382636390626, 9094342.793493784964085, 0.0 ], [ 792163.114523013704456, 9094325.771855214610696, 0.0 ], [ 792223.861389537341893, 9094340.865474432706833, 0.0 ], [ 792228.872464775107801, 9094342.897676892578602, 0.0 ], [ 792261.453044448513538, 9094356.111518951132894, 0.0 ] ] ] ] } },
{ "type": "Feature", "properties": { "OBJECTID": 13755.0, "NAMOBJ": "Patrang", "FCODE": "BA03070040", "REMARK": null, "METADATA": "TASWIL1000020221227_DATA_BATAS_DESAKELURAHAN", "SRS_ID": "SRGI 2013", "KDBBPS": null, "KDCBPS": null, "KDCPUM": "35.09.20", "KDEBPS": null, "KDEPUM": "35.09.20.1007", "KDPBPS": null, "KDPKAB": "35.09", "KDPPUM": "35", "LUASWH": 0.0, "TIPADM": 2, "WADMKC": "Patrang", "WADMKD": "Patrang", "WADMKK": "Jember", "WADMPR": "Jawa Timur", "WIADKC": null, "WIADKK": null, "WIADPR": null, "WIADKD": null, "UUPP": "Data RBI Skala 1:25.000", "luas": 4.4181519623987588, "SHAPE_Leng": 0.10249052592173, "SHAPE_Area": 0.00036249555414, "area_kecam": 3499.0, "area_kec_1": "BA03070040", "area_kec_2": null, "area_kec_3": "TASWIL1000020221227_DATA_BATAS_DESAKELURAHAN", "area_kec_4": "SRGI 2013", "area_kec_5": null, "area_kec_6": null, "area_kec_7": "35.09.20", "area_kec_8": null, "area_kec_9": null, "area_kec10": null, "area_kec11": "35.09", "area_kec12": "35", "area_kec13": null, "area_kec14": 3, "area_kec15": "Patrang", "area_kec16": null, "area_kec17": "Jember", "area_kec18": "Jawa Timur", "area_kec19": null, "area_kec20": null, "area_kec21": null, "area_kec22": null, "area_kec23": null, "area_kec24": null, "area_kec25": 0.40538055209742202, "area_kec26": 0.0030110853487099998, "area_kec27": "1", "jml_pop": null, "luas_ha": 442, "kepadatan": 44, "Data_Penduduk_Jember_3Kecamatan_Kecamatan": "Patrang", "Data_Penduduk_Jember_3Kecamatan_Laki_Laki": "9476", "Data_Penduduk_Jember_3Kecamatan_Perempuan": "9792", "Data_Penduduk_Jember_3Kecamatan_Jumlah_Total": "19268" }, "geometry": { "type": "MultiPolygon", "coordinates": [ [ [ [ 800202.323294471367262, 9099124.176547702401876, 0.0 ], [ 800249.341581662534736, 9099064.093476746231318, 0.0 ], [ 800267.962608155794442, 9099045.152676992118359, 0.0 ], [ 800319.444296918110922, 9098992.786867223680019, 0.0 ], [ 800409.330104796448722, 9098911.385602502152324, 0.0 ], [ 800501.361478937324136, 9098821.115290815010667, 0.0 ], [ 800519.982185228727758, 9098802.174094151705503, 0.0 ], [ 800576.954823109088466, 9098746.450600100681186, 0.0 ], [ 800635.052539432421327, 9098694.039524406194687, 0.0 ], [ 800665.774350000196137, 9098670.589610200375319, 0.0 ], [ 800684.424707761616446, 9098656.075464626774192, 0.0 ], [ 800695.400576900225133, 9098648.253847923129797, 0.0 ], [ 800674.379990630317479, 9098638.434709958732128, 0.0 ], [ 800666.54825441678986, 9098621.885799443349242, 0.0 ], [ 800650.757758131367154, 9098569.973476471379399, 0.0 ], [ 800631.741069703595713, 9098530.257586570456624, 0.0 ], [ 800607.285115677397698, 9098501.646058958023787, 0.0 ], [ 800577.374959726817906, 9098481.926076676696539, 0.0 ], [ 800551.958110178355128, 9098474.350165858864784, 0.0 ], [ 800500.059330302057788, 9098464.739422081038356, 0.0 ], [ 800473.502480599214323, 9098451.637246241793036, 0.0 ], [ 800454.642841913038865, 9098435.16276110522449, 0.0 ], [ 800441.200117744505405, 9098404.263520976528525, 0.0 ], [ 800437.608006704249419, 9098362.22996099293232, 0.0 ], [ 800444.983877351973206, 9098311.268101405352354, 0.0 ], [ 800474.15423994557932, 9098221.421652659773827, 0.0 ], [ 800487.088901764480397, 9098177.062940526753664, 0.0 ], [ 800491.216128264553845, 9098134.977252040058374, 0.0 ], [ 800485.560297865536995, 9098113.986306319013238, 0.0 ], [ 800469.979129250627011, 9098093.062817960977554, 0.0 ], [ 800452.297108804574236, 9098087.648275023326278, 0.0 ], [ 800424.727223720867187, 9098087.834399634972215, 0.0 ], [ 800389.475381966447458, 9098093.606280397623777, 0.0 ], [ 800347.718723773024976, 9098116.02378579415381, 0.0 ], [ 800329.120649276999757, 9098138.284965610131621, 0.0 ], [ 800311.617989212274551, 9098159.431956421583891, 0.0 ], [ 800299.554377682041377, 9098169.474404439330101, 0.0 ], [ 800292.97496277501341, 9098175.052712867036462, 0.0 ], [ 800270.986435180297121, 9098185.16211261972785, 0.0 ], [ 800240.205204753787257, 9098199.757721798494458, 0.0 ], [ 800207.173699776409194, 9098207.728228902444243, 0.0 ], [ 800170.803957152413204, 9098211.293760389089584, 0.0 ], [ 800147.585622576996684, 9098202.595974305644631, 0.0 ], [ 800137.488957374822348, 9098177.208300042897463, 0.0 ], [ 800132.726901970105246, 9098125.221556482836604, 0.0 ], [ 800131.23599266691599, 9098067.679065652191639, 0.0 ], [ 800137.628788039903156, 9098034.432382060214877, 0.0 ], [ 800149.692374966922216, 9098024.39008792117238, 0.0 ], [ 800181.598545650951564, 9098013.107045894488692, 0.0 ], [ 800269.799132778891362, 9098009.19162461347878, 0.0 ], [ 800312.755574331036769, 9098001.154257539659739, 0.0 ], [ 800341.353250144748017, 9097989.893299719318748, 0.0 ], [ 800352.284014970529824, 9097975.431442147120833, 0.0 ], [ 800356.58310680591967, 9097958.800666280090809, 0.0 ], [ 800342.13481854274869, 9097942.296215288341045, 0.0 ], [ 800309.989789408165962, 9097918.164166843518615, 0.0 ], [ 800256.988756737438962, 9097908.560703456401825, 0.0 ], [ 800181.909791416255757, 9097895.785796001553535, 0.0 ], [ 800099.06675172096584, 9097876.42278759740293, 0.0 ], [ 800054.925474461633712, 9097872.293373119086027, 0.0 ], [ 800017.498150378814898, 9097882.506797730922699, 0.0 ], [ 799983.580413135583512, 9097922.579601865261793, 0.0 ], [ 799943.217601121985354, 9097988.151530966162682, 0.0 ], [ 799918.04004565672949, 9098015.990961110219359, 0.0 ], [ 799890.552468018140644, 9098028.350794062018394, 0.0 ], [ 799865.173499015741982, 9098026.308260601013899, 0.0 ], [ 799840.778004804509692, 9098006.550615480169654, 0.0 ], [ 799821.762221975950524, 9097966.834688574075699, 0.0 ], [ 799812.574443635181524, 9097912.664411867037416, 0.0 ], [ 799811.08397194207646, 9097855.121711177751422, 0.0 ], [ 799825.19636319950223, 9097821.823448520153761, 0.0 ], [ 799851.491506722988561, 9097796.190298691391945, 0.0 ], [ 799888.918852781062014, 9097785.977001007646322, 0.0 ], [ 799937.359059040667489, 9097773.475856551900506, 0.0 ], [ 799960.465294293710031, 9097765.572379404678941, 0.0 ], [ 799990.12816592049785, 9097748.770869540050626, 0.0 ], [ 799998.816162957111374, 9097728.79011357575655, 0.0 ], [ 799992.050221604295075, 9097706.700234595686197, 0.0 ], [ 799960.941090443520807, 9097672.599820073693991, 0.0 ], [ 799918.707347120856866, 9097624.186267077922821, 0.0 ], [ 799876.47347043978516, 9097575.772704817354679, 0.0 ], [ 799842.145727722207084, 9097554.975102784112096, 0.0 ], [ 799790.255732026766054, 9097546.470663085579872, 0.0 ], [ 799741.830836255801842, 9097561.185394566506147, 0.0 ], [ 799719.916985431220382, 9097582.361869655549526, 0.0 ], [ 799715.71471045142971, 9097613.379989236593246, 0.0 ], [ 799724.693398296134546, 9097636.561839152127504, 0.0 ], [ 799760.213598153437488, 9097670.632623692974448, 0.0 ], [ 799785.719142808811739, 9097691.489429526031017, 0.0 ], [ 799795.845401386730373, 9097721.304112888872623, 0.0 ], [ 799789.370452786097303, 9097742.3767752610147, 0.0 ], [ 799760.795309187378734, 9097756.957461811602116, 0.0 ], [ 799726.616565399104729, 9097758.294534232467413, 0.0 ], [ 799701.222872921149246, 9097754.038504056632519, 0.0 ], [ 799642.604262544540688, 9097728.977264465764165, 0.0 ], [ 799587.279158489196561, 9097701.680676488205791, 0.0 ], [ 799527.662391860736534, 9097692.121152322739363, 0.0 ], [ 799464.662629709579051, 9097671.516567403450608, 0.0 ], [ 799421.483153864741325, 9097646.351281985640526, 0.0 ], [ 799399.263832808705047, 9097622.151885762810707, 0.0 ], [ 799370.256692381575704, 9097572.542220879346132, 0.0 ], [ 799343.410224946914241, 9097516.277361465618014, 0.0 ], [ 799317.823218741454184, 9097483.246313188225031, 0.0 ], [ 799293.480200103367679, 9097471.235618714243174, 0.0 ], [ 799270.292538987705484, 9097466.964565189555287, 0.0 ], [ 799251.627325595356524, 9097479.264581022784114, 0.0 ], [ 799220.846678420202807, 9097493.859872603788972, 0.0 ], [ 799195.50550295272842, 9097497.350688304752111, 0.0 ], [ 799168.986782034626231, 9097489.78166838362813, 0.0 ], [ 799146.663573273574002, 9097450.087969809770584, 0.0 ], [ 799141.947276812978089, 9097404.741964107379317, 0.0 ], [ 799120.85321569419466, 9097383.855158779770136, 0.0 ], [ 799086.585802405374125, 9097371.911145834252238, 0.0 ], [ 799059.016861041542143, 9097372.096568264067173, 0.0 ], [ 799038.168470668140799, 9097387.731380362063646, 0.0 ], [ 799003.02147769019939, 9097408.996629958972335, 0.0 ], [ 798978.783029420883395, 9097412.479918621480465, 0.0 ], [ 798951.161782694747671, 9097404.918211061507463, 0.0 ], [ 798905.725374461850151, 9097372.020487956702709, 0.0 ], [ 798872.374872800661251, 9097332.400876199826598, 0.0 ], [ 798860.051002325257286, 9097303.707647664472461, 0.0 ], [ 798854.403421408496797, 9097283.823718702420592, 0.0 ], [ 798847.63820669404231, 9097261.73364894464612, 0.0 ], [ 798841.6854081035126, 9097196.474250769242644, 0.0 ], [ 798826.239388543064706, 9097195.471303371712565, 0.0 ], [ 798788.745700765401125, 9097195.723303910344839, 0.0 ], [ 798747.943868267582729, 9097195.997503012418747, 0.0 ], [ 798698.371839525410905, 9097204.077982200309634, 0.0 ], [ 798691.762635814840905, 9097205.229156801477075, 0.0 ], [ 798678.559429401648231, 9097209.744940970093012, 0.0 ], [ 798662.04795702220872, 9097214.282944513484836, 0.0 ], [ 798658.918009525164962, 9097240.866450792178512, 0.0 ], [ 798658.962615496711805, 9097247.506771150976419, 0.0 ], [ 798654.871253533056006, 9097295.12514091283083, 0.0 ], [ 798645.124737052246928, 9097321.753304624930024, 0.0 ], [ 798634.17160462657921, 9097332.894567992538214, 0.0 ], [ 798619.873029376147315, 9097338.524224795401096, 0.0 ], [ 798586.894241067115217, 9097354.240574769675732, 0.0 ], [ 798509.797812182223424, 9097369.146313678473234, 0.0 ], [ 798437.194105388829485, 9097396.195977145805955, 0.0 ], [ 798393.254619414103217, 9097421.946614891290665, 0.0 ], [ 798373.605582801392302, 9097451.961181180551648, 0.0 ], [ 798372.569542960380204, 9097461.929039908573031, 0.0 ], [ 798368.336712521035224, 9097488.519858146086335, 0.0 ], [ 798366.465309798717499, 9097538.336947124451399, 0.0 ], [ 798364.816603613668121, 9097621.355560006573796, 0.0 ], [ 798357.62432376970537, 9097699.984280653297901, 0.0 ], [ 798344.925451966118999, 9097779.756685208529234, 0.0 ], [ 798330.058274726150557, 9097865.077220452949405, 0.0 ], [ 798314.199405440711416, 9097967.006320465356112, 0.0 ], [ 798298.325547233689576, 9098066.721731407567859, 0.0 ], [ 798280.075394709245302, 9098140.997408010065556, 0.0 ], [ 798269.418493961915374, 9098196.407143538817763, 0.0 ], [ 798261.973356200498529, 9098237.407384548336267, 0.0 ], [ 798246.292089683702216, 9098365.897316543385386, 0.0 ], [ 798229.596451788907871, 9098507.675188012421131, 0.0 ], [ 798217.762340037617832, 9098552.025079468265176, 0.0 ], [ 798201.672692228108644, 9098619.645532697439194, 0.0 ], [ 798194.019892225973308, 9098629.657669765874743, 0.0 ], [ 798166.724535613087937, 9098670.790756393224001, 0.0 ], [ 798132.693629701156169, 9098694.260663717985153, 0.0 ], [ 798066.615302815102041, 9098707.984160987660289, 0.0 ], [ 797989.509099068702199, 9098721.781338926404715, 0.0 ], [ 797913.520482512656599, 9098737.784196292981505, 0.0 ], [ 797822.063245143741369, 9098749.46374586969614, 0.0 ], [ 797734.943285607267171, 9098750.046260338276625, 0.0 ], [ 797684.215058633359149, 9098750.385368404909968, 0.0 ], [ 797643.419418224366382, 9098751.764797875657678, 0.0 ], [ 797612.519263626425527, 9098748.650910252705216, 0.0 ], [ 797582.729300202568993, 9098746.63645532540977, 0.0 ], [ 797602.89001861680299, 9098792.985783468931913, 0.0 ], [ 797602.941784365801141, 9098800.73276006616652, 0.0 ], [ 797603.355892963241786, 9098862.708350758999586, 0.0 ], [ 797606.056888228398748, 9098936.843467036262155, 0.0 ], [ 797607.292878854321316, 9098956.756894879043102, 0.0 ], [ 797599.691540699335746, 9098974.5158422421664, 0.0 ], [ 797573.512903608614579, 9099017.854365028440952, 0.0 ], [ 797554.979829710791819, 9099050.074192307889462, 0.0 ], [ 797535.484360086615197, 9099103.328862760215998, 0.0 ], [ 797516.188460795907304, 9099186.464679764583707, 0.0 ], [ 797509.896825939998962, 9099235.204101493582129, 0.0 ], [ 797504.678291320102289, 9099279.509315241128206, 0.0 ], [ 797508.200950600672513, 9099311.581816643476486, 0.0 ], [ 797498.386596555355936, 9099328.248724898323417, 0.0 ], [ 797491.836299694143236, 9099338.253063306212425, 0.0 ], [ 797460.025064147775993, 9099363.921083180233836, 0.0 ], [ 797451.520294159417972, 9099411.568475654348731, 0.0 ], [ 797433.363537391996942, 9099500.230338061228395, 0.0 ], [ 797440.283132386743091, 9099545.561266211792827, 0.0 ], [ 797447.232264523161575, 9099595.319034412503242, 0.0 ], [ 797456.239203704986721, 9099622.927901418879628, 0.0 ], [ 797491.654620701912791, 9099641.506478229537606, 0.0 ], [ 797542.523913880228065, 9099662.195415582507849, 0.0 ], [ 797612.089500318048522, 9099675.012185851112008, 0.0 ], [ 797671.640994813991711, 9099674.614600174129009, 0.0 ], [ 797725.619567378424108, 9099665.400065194815397, 0.0 ], [ 797798.205193108180538, 9099635.032697958871722, 0.0 ], [ 797861.894563852576539, 9099593.65700245834887, 0.0 ], [ 797938.780419522663578, 9099546.659160016104579, 0.0 ], [ 797960.755180038278922, 9099534.337884228676558, 0.0 ], [ 797967.34982572379522, 9099530.973512653261423, 0.0 ], [ 798010.19650605134666, 9099506.338280849158764, 0.0 ], [ 798075.114073393284343, 9099483.768926231190562, 0.0 ], [ 798148.854053230956197, 9099461.140440244227648, 0.0 ], [ 798238.040690839989111, 9099439.515214513987303, 0.0 ], [ 798397.695799129432999, 9099400.816537216305733, 0.0 ], [ 798459.438174229115248, 9099398.189574670046568, 0.0 ], [ 798501.359682669164613, 9099400.12235289812088, 0.0 ], [ 798513.483155024470761, 9099398.934384794905782, 0.0 ], [ 798628.301271944772452, 9099416.980147240683436, 0.0 ], [ 798714.439091369858943, 9099434.111216779798269, 0.0 ], [ 798812.685697953798808, 9099447.840764373540878, 0.0 ], [ 798906.573138302657753, 9099469.346525015309453, 0.0 ], [ 798919.821625526528805, 9099471.471217803657055, 0.0 ], [ 798982.79343976767268, 9099487.6505361571908, 0.0 ], [ 799025.877430506399833, 9099498.429235661402345, 0.0 ], [ 799107.50799983763136, 9099501.201846230775118, 0.0 ], [ 799180.301135060144588, 9099501.819972822442651, 0.0 ], [ 799227.707471042172983, 9099499.288204543292522, 0.0 ], [ 799271.745813614455983, 9099487.924917258322239, 0.0 ], [ 799319.085163287585601, 9099475.43252657353878, 0.0 ], [ 799421.409196113236248, 9099439.328456405550241, 0.0 ], [ 799509.418836193392053, 9099406.640621611848474, 0.0 ], [ 799607.308989989105612, 9099367.245376450940967, 0.0 ], [ 799672.159437658614479, 9099334.712818140164018, 0.0 ], [ 799762.180898203980178, 9099273.23470402136445, 0.0 ], [ 799822.634672732208855, 9099242.944865113124251, 0.0 ], [ 799964.592364753363654, 9099196.611510626971722, 0.0 ], [ 800032.795484546455555, 9099170.696477230638266, 0.0 ], [ 800096.654383455403149, 9099154.771380163729191, 0.0 ], [ 800170.401319928932935, 9099133.245874810963869, 0.0 ], [ 800202.323294471367262, 9099124.176547702401876, 0.0 ] ] ] ] } },
{ "type": "Feature", "properties": { "OBJECTID": 14729.0, "NAMOBJ": "Sempusari", "FCODE": "BA03070040", "REMARK": null, "METADATA": "TASWIL1000020221227_DATA_BATAS_DESAKELURAHAN", "SRS_ID": "SRGI 2013", "KDBBPS": null, "KDCBPS": null, "KDCPUM": "35.09.19", "KDEBPS": null, "KDEPUM": "35.09.19.1002", "KDPBPS": null, "KDPKAB": "35.09", "KDPPUM": "35", "LUASWH": 0.0, "TIPADM": 2, "WADMKC": "Kaliwates", "WADMKD": "Sempusari", "WADMKK": "Jember", "WADMPR": "Jawa Timur", "WIADKC": null, "WIADKK": null, "WIADPR": null, "WIADKD": null, "UUPP": "Data RBI Skala 1:25.000", "luas": 3.075959271682446, "SHAPE_Leng": 0.073950391865631002, "SHAPE_Area": 0.00025239735089599999, "area_kecam": null, "area_kec_1": null, "area_kec_2": null, "area_kec_3": null, "area_kec_4": null, "area_kec_5": null, "area_kec_6": null, "area_kec_7": null, "area_kec_8": null, "area_kec_9": null, "area_kec10": null, "area_kec11": null, "area_kec12": null, "area_kec13": null, "area_kec14": null, "area_kec15": null, "area_kec16": null, "area_kec17": null, "area_kec18": null, "area_kec19": null, "area_kec20": null, "area_kec21": null, "area_kec22": null, "area_kec23": null, "area_kec24": null, "area_kec25": null, "area_kec26": null, "area_kec27": null, "jml_pop": null, "luas_ha": 308, "kepadatan": 43, "Data_Penduduk_Jember_3Kecamatan_Kecamatan": "Kaliwates", "Data_Penduduk_Jember_3Kecamatan_Laki_Laki": "6545", "Data_Penduduk_Jember_3Kecamatan_Perempuan": "6695", "Data_Penduduk_Jember_3Kecamatan_Jumlah_Total": "13240" }, "geometry": { "type": "MultiPolygon", "coordinates": [ [ [ [ 793971.912051775725558, 9095382.912986049428582, 0.0 ], [ 794045.798497043317184, 9095383.529865305870771, 0.0 ], [ 794041.734968593576923, 9095269.563536735251546, 0.0 ], [ 794046.7127848417731, 9095188.738927453756332, 0.0 ], [ 794053.873853184981272, 9095104.5797453019768, 0.0 ], [ 794057.785444593755528, 9095029.295850016176701, 0.0 ], [ 794038.55598992924206, 9094956.379081280902028, 0.0 ], [ 794017.245876997942105, 9094902.290356077253819, 0.0 ], [ 793991.532504133414477, 9094849.337896613404155, 0.0 ], [ 793963.782621121499687, 9094821.85356904938817, 0.0 ], [ 793951.47730076755397, 9094795.373574338853359, 0.0 ], [ 793948.02992436895147, 9094774.368515165522695, 0.0 ], [ 793941.237895029131323, 9094747.851970070973039, 0.0 ], [ 793941.105820272583514, 9094727.93144253641367, 0.0 ], [ 793946.362272282596678, 9094689.16095770150423, 0.0 ], [ 793951.633381415624171, 9094652.603946870192885, 0.0 ], [ 793953.684579427237622, 9094629.349074004217982, 0.0 ], [ 793970.092263013357297, 9094609.318970846012235, 0.0 ], [ 793998.651122117647901, 9094592.528685752302408, 0.0 ], [ 794005.245011710794643, 9094589.164531433954835, 0.0 ], [ 794028.290591024560854, 9094572.410786394029856, 0.0 ], [ 794029.334514651680365, 9094563.549996616318822, 0.0 ], [ 794030.393118801526725, 9094556.902464892715216, 0.0 ], [ 794023.615709489560686, 9094532.599514860659838, 0.0 ], [ 794007.848258007084951, 9094482.901119945570827, 0.0 ], [ 794013.295320631470531, 9094472.9041677583009, 0.0 ], [ 794024.277871848433279, 9094466.19091278873384, 0.0 ], [ 794057.225179580505937, 9094446.051348565146327, 0.0 ], [ 794061.540315847611055, 9094431.6349614597857, 0.0 ], [ 794064.65734128979966, 9094402.839429628103971, 0.0 ], [ 794067.803729183040559, 9094378.470413912087679, 0.0 ], [ 794064.319541900767945, 9094351.931817816570401, 0.0 ], [ 794058.674124233657494, 9094332.0479650888592, 0.0 ], [ 794058.490530271432362, 9094304.380956083536148, 0.0 ], [ 794053.720092326868325, 9094250.182559935376048, 0.0 ], [ 794048.02326897974126, 9094222.552138796076179, 0.0 ], [ 794035.446193587034941, 9094155.124754393473268, 0.0 ], [ 794051.758006047457457, 9094120.707757072523236, 0.0 ], [ 794099.877591060940176, 9094060.624939929693937, 0.0 ], [ 794102.002052595373243, 9094048.436762016266584, 0.0 ], [ 794099.583706416538917, 9094016.357530564069748, 0.0 ], [ 794090.637696584453806, 9093997.602223761379719, 0.0 ], [ 794079.420296323252842, 9093968.901834700256586, 0.0 ], [ 794054.508402446168475, 9093870.567805133759975, 0.0 ], [ 794039.887616004096344, 9093827.502259951084852, 0.0 ], [ 794034.256892755394801, 9093809.831794179975986, 0.0 ], [ 794032.000197467161343, 9093802.099862756207585, 0.0 ], [ 793976.898602223955095, 9093640.882608639076352, 0.0 ], [ 793991.637324014562182, 9093535.645085252821445, 0.0 ], [ 793993.739693811396137, 9093520.136857287958264, 0.0 ], [ 794017.718167115468532, 9093477.921526957303286, 0.0 ], [ 794053.693128898739815, 9093415.705716533586383, 0.0 ], [ 794125.767702605109662, 9093310.087120566517115, 0.0 ], [ 794132.31713208660949, 9093300.082877334207296, 0.0 ], [ 794109.044552275212482, 9093282.529877820983529, 0.0 ], [ 794094.489890527445823, 9093249.424554677680135, 0.0 ], [ 794063.285674876300618, 9093199.828845851123333, 0.0 ], [ 794038.792802216834389, 9093164.576088627800345, 0.0 ], [ 794005.559912332799286, 9093141.555355446413159, 0.0 ], [ 793914.719136671163142, 9093077.968349123373628, 0.0 ], [ 793891.380506832385436, 9093050.455032825469971, 0.0 ], [ 793869.078367712441832, 9093012.9741251450032, 0.0 ], [ 793864.079919948708266, 9092924.468707922846079, 0.0 ], [ 793855.905927367741242, 9092855.905684368684888, 0.0 ], [ 793831.772525831125677, 9092793.797221643850207, 0.0 ], [ 793826.738313310197555, 9092780.841604040935636, 0.0 ], [ 793817.822024646680802, 9092766.513304317370057, 0.0 ], [ 793798.798322858754545, 9092724.583828931674361, 0.0 ], [ 793776.4597091099713, 9092681.569640770554543, 0.0 ], [ 793750.938049522344954, 9092657.390815710648894, 0.0 ], [ 793722.197027446934953, 9092646.514365449547768, 0.0 ], [ 793692.426797816297039, 9092646.712049510329962, 0.0 ], [ 793660.495347946649417, 9092653.564449485391378, 0.0 ], [ 793616.501515495590866, 9092670.457695573568344, 0.0 ], [ 793585.804979635635391, 9092697.222763063386083, 0.0 ], [ 793570.528932406799868, 9092714.112476151436567, 0.0 ], [ 793560.628764758585021, 9092725.058334853500128, 0.0 ], [ 793533.895429635653272, 9092756.943336144089699, 0.0 ], [ 793528.902991726063192, 9092762.897690638899803, 0.0 ], [ 793501.565656744875014, 9092797.387590188533068, 0.0 ], [ 793487.584111347096041, 9092850.603483412414789, 0.0 ], [ 793480.203463769517839, 9092901.562004830688238, 0.0 ], [ 793478.389518903917633, 9092925.321464743465185, 0.0 ], [ 793484.868570380844176, 9092929.521467957645655, 0.0 ], [ 793499.040609506540932, 9092935.846491787582636, 0.0 ], [ 793503.050052036298439, 9092947.011920627206564, 0.0 ], [ 793504.466521059744991, 9092962.803083319216967, 0.0 ], [ 793500.036946427891962, 9092987.191586317494512, 0.0 ], [ 793496.328692653914914, 9093021.45065095089376, 0.0 ], [ 793497.13309592101723, 9093043.829475359991193, 0.0 ], [ 793488.733017316320911, 9093062.977159112691879, 0.0 ], [ 793475.059416399337351, 9093078.210337694734335, 0.0 ], [ 793452.90711784386076, 9093100.741174170747399, 0.0 ], [ 793426.845439503202215, 9093127.248271577060223, 0.0 ], [ 793388.238653319189325, 9093141.329599630087614, 0.0 ], [ 793348.224185511469841, 9093140.93657373636961, 0.0 ], [ 793300.885611130623147, 9093124.132905650883913, 0.0 ], [ 793266.61269570607692, 9093099.34257142432034, 0.0 ], [ 793240.154188939835876, 9093065.942006319761276, 0.0 ], [ 793232.200793791678734, 9093049.012199083343148, 0.0 ], [ 793222.264887990662828, 9093080.348731268197298, 0.0 ], [ 793199.403411571984179, 9093124.769184080883861, 0.0 ], [ 793180.966871603624895, 9093171.373971266672015, 0.0 ], [ 793165.757695769192651, 9093205.7832539845258, 0.0 ], [ 793162.515946705825627, 9093215.765046719461679, 0.0 ], [ 793140.895957327913493, 9093281.205227011814713, 0.0 ], [ 793113.895151422359049, 9093366.601967142894864, 0.0 ], [ 793084.747240704018623, 9093460.866675723344088, 0.0 ], [ 793054.240148112177849, 9093516.404916476458311, 0.0 ], [ 793044.389949610456824, 9093527.537260985001922, 0.0 ], [ 793021.3961134001147, 9093552.037628583610058, 0.0 ], [ 792977.489110310561955, 9093582.209544967859983, 0.0 ], [ 792911.632170792319812, 9093628.021081959828734, 0.0 ], [ 792809.469157250598073, 9093686.246412258595228, 0.0 ], [ 792709.496428890619427, 9093742.243606170639396, 0.0 ], [ 792653.474992575240321, 9093774.708802618086338, 0.0 ], [ 792641.412088161800057, 9093784.748793479055166, 0.0 ], [ 792621.6891097612679, 9093803.69350078701973, 0.0 ], [ 792594.408718654885888, 9093847.035891035571694, 0.0 ], [ 792585.792330712312832, 9093878.080909848213196, 0.0 ], [ 792580.388983328361064, 9093894.71753885038197, 0.0 ], [ 792577.358896008925512, 9093936.79297536239028, 0.0 ], [ 792563.551154649816453, 9094016.568011419847608, 0.0 ], [ 792557.43967998214066, 9094092.972258262336254, 0.0 ], [ 792538.052520005963743, 9094162.823714012280107, 0.0 ], [ 792510.896037225844339, 9094224.979383315891027, 0.0 ], [ 792477.999739028746262, 9094252.864667143672705, 0.0 ], [ 792441.715163888409734, 9094268.598129782825708, 0.0 ], [ 792395.492393615888432, 9094282.183804562315345, 0.0 ], [ 792344.880767727619968, 9094299.118646297603846, 0.0 ], [ 792283.235505387652665, 9094315.019254930317402, 0.0 ], [ 792261.453044448513538, 9094356.111518951132894, 0.0 ], [ 792269.361234445474111, 9094384.834052976220846, 0.0 ], [ 792299.679747235029936, 9094467.638020111247897, 0.0 ], [ 792312.034997330978513, 9094501.864827040582895, 0.0 ], [ 792316.557409054599702, 9094525.218095015734434, 0.0 ], [ 792305.479708803468384, 9094591.581297485157847, 0.0 ], [ 792300.572695903014392, 9094643.228260995820165, 0.0 ], [ 792307.556379285058938, 9094668.986360603943467, 0.0 ], [ 792334.988674810621887, 9094691.836738470941782, 0.0 ], [ 792367.085480393609032, 9094702.831049831584096, 0.0 ], [ 792411.358112453715876, 9094732.032916227355599, 0.0 ], [ 792488.157703256350942, 9094759.96713836863637, 0.0 ], [ 792511.965839551063254, 9094821.025879731401801, 0.0 ], [ 792520.922613395145163, 9094908.866745822131634, 0.0 ], [ 792522.302675430895761, 9094950.912913791835308, 0.0 ], [ 792533.613878811942413, 9094994.000403426587582, 0.0 ], [ 792560.588521173922345, 9095071.292917128652334, 0.0 ], [ 792576.105961243156344, 9095083.364594446495175, 0.0 ], [ 792618.16010168811772, 9095106.328188858926296, 0.0 ], [ 792642.447692130575888, 9095110.594829276204109, 0.0 ], [ 792706.423547100042924, 9095113.492831541225314, 0.0 ], [ 792720.82368168188259, 9095123.358405308797956, 0.0 ], [ 792757.196799235185608, 9095120.904892202466726, 0.0 ], [ 792862.993273162283003, 9095111.352661212906241, 0.0 ], [ 792888.361664909287356, 9095112.291758360341191, 0.0 ], [ 792933.592384927207604, 9095115.313331933692098, 0.0 ], [ 792964.149901563767344, 9095118.238992989063263, 0.0 ], [ 793041.725981929572299, 9095125.666157988831401, 0.0 ], [ 793083.685476494953036, 9095134.242714293301105, 0.0 ], [ 793164.281944911694154, 9095149.204233065247536, 0.0 ], [ 793252.610036258236505, 9095171.870224880054593, 0.0 ], [ 793294.622628444572911, 9095182.651079934090376, 0.0 ], [ 793417.325509714079089, 9095228.322137290611863, 0.0 ], [ 793487.888643019832671, 9095226.748602338135242, 0.0 ], [ 793526.474551048362628, 9095225.386452181264758, 0.0 ], [ 793536.427820241544396, 9095229.747614612802863, 0.0 ], [ 793567.382981608388945, 9095241.716782404109836, 0.0 ], [ 793601.814626748790033, 9095279.117697488516569, 0.0 ], [ 793623.244004470994696, 9095291.829640321433544, 0.0 ], [ 793626.345540845999494, 9095310.728651378303766, 0.0 ], [ 793633.80349721875973, 9095327.533229067921638, 0.0 ], [ 793670.759334324393421, 9095360.996279533952475, 0.0 ], [ 793683.499666067888029, 9095383.032818524166942, 0.0 ], [ 793722.42900235299021, 9095397.522288430482149, 0.0 ], [ 793850.440629082731903, 9095392.461085774004459, 0.0 ], [ 793971.912051775725558, 9095382.912986049428582, 0.0 ] ] ] ] } },
{ "type": "Feature", "properties": { "OBJECTID": 15004.0, "NAMOBJ": "Slawu", "FCODE": "BA03070040", "REMARK": null, "METADATA": "TASWIL1000020221227_DATA_BATAS_DESAKELURAHAN", "SRS_ID": "SRGI 2013", "KDBBPS": null, "KDCBPS": null, "KDCPUM": "35.09.20", "KDEBPS": null, "KDEPUM": "35.09.20.1004", "KDPBPS": null, "KDPKAB": "35.09", "KDPPUM": "35", "LUASWH": 0.0, "TIPADM": 2, "WADMKC": "Patrang", "WADMKD": "Slawu", "WADMKK": "Jember", "WADMPR": "Jawa Timur", "WIADKC": null, "WIADKK": null, "WIADPR": null, "WIADKD": null, "UUPP": "Data RBI Skala 1:25.000", "luas": 3.0141787631909249, "SHAPE_Leng": 0.079002301261916, "SHAPE_Area": 0.00024730390813500002, "area_kecam": null, "area_kec_1": null, "area_kec_2": null, "area_kec_3": null, "area_kec_4": null, "area_kec_5": null, "area_kec_6": null, "area_kec_7": null, "area_kec_8": null, "area_kec_9": null, "area_kec10": null, "area_kec11": null, "area_kec12": null, "area_kec13": null, "area_kec14": null, "area_kec15": null, "area_kec16": null, "area_kec17": null, "area_kec18": null, "area_kec19": null, "area_kec20": null, "area_kec21": null, "area_kec22": null, "area_kec23": null, "area_kec24": null, "area_kec25": null, "area_kec26": null, "area_kec27": null, "jml_pop": null, "luas_ha": 301, "kepadatan": 26, "Data_Penduduk_Jember_3Kecamatan_Kecamatan": "Patrang", "Data_Penduduk_Jember_3Kecamatan_Laki_Laki": "4018", "Data_Penduduk_Jember_3Kecamatan_Perempuan": "3929", "Data_Penduduk_Jember_3Kecamatan_Jumlah_Total": "7947" }, "geometry": { "type": "MultiPolygon", "coordinates": [ [ [ [ 797460.025064147775993, 9099363.921083180233836, 0.0 ], [ 797491.836299694143236, 9099338.253063306212425, 0.0 ], [ 797498.386596555355936, 9099328.248724898323417, 0.0 ], [ 797508.200950600672513, 9099311.581816643476486, 0.0 ], [ 797504.678291320102289, 9099279.509315241128206, 0.0 ], [ 797509.896825939998962, 9099235.204101493582129, 0.0 ], [ 797516.188460795907304, 9099186.464679764583707, 0.0 ], [ 797535.484360086615197, 9099103.328862760215998, 0.0 ], [ 797554.979829710791819, 9099050.074192307889462, 0.0 ], [ 797573.512903608614579, 9099017.854365028440952, 0.0 ], [ 797599.691540699335746, 9098974.5158422421664, 0.0 ], [ 797607.292878854321316, 9098956.756894879043102, 0.0 ], [ 797606.056888228398748, 9098936.843467036262155, 0.0 ], [ 797603.355892963241786, 9098862.708350758999586, 0.0 ], [ 797602.941784365801141, 9098800.73276006616652, 0.0 ], [ 797602.89001861680299, 9098792.985783468931913, 0.0 ], [ 797582.729300202568993, 9098746.63645532540977, 0.0 ], [ 797556.225625186692923, 9098741.279855225235224, 0.0 ], [ 797492.108825219795108, 9098718.466251946985722, 0.0 ], [ 797420.258083637570962, 9098693.490492790937424, 0.0 ], [ 797403.679299798444845, 9098688.067642629146576, 0.0 ], [ 797311.934218615293503, 9098656.584276925772429, 0.0 ], [ 797256.544173520058393, 9098619.324190985411406, 0.0 ], [ 797245.457289125071838, 9098610.544030910357833, 0.0 ], [ 797193.368095064302906, 9098572.155332133173943, 0.0 ], [ 797153.498270155047067, 9098546.96613322198391, 0.0 ], [ 797114.679574280045927, 9098514.022493273019791, 0.0 ], [ 797046.605587019352242, 9098393.840097673237324, 0.0 ], [ 797081.790754680521786, 9098378.110940726473927, 0.0 ], [ 797101.60359001532197, 9098372.444932939484715, 0.0 ], [ 797116.98350986931473, 9098363.488121541216969, 0.0 ], [ 797134.472603160655126, 9098340.129608424380422, 0.0 ], [ 797140.948862665332854, 9098319.058000301942229, 0.0 ], [ 797145.086591122439131, 9098278.080377005040646, 0.0 ], [ 797142.504254909232259, 9098221.653017362579703, 0.0 ], [ 797152.000603462336585, 9098157.3977155033499, 0.0 ], [ 797149.506887910189107, 9098114.25084419734776, 0.0 ], [ 797161.504283679416403, 9098094.24910855665803, 0.0 ], [ 797174.55269731557928, 9098066.493046969175339, 0.0 ], [ 797176.603019454982132, 9098043.237231999635696, 0.0 ], [ 797164.917599053122103, 9097944.814101813361049, 0.0 ], [ 797173.547501539578661, 9097915.980554820969701, 0.0 ], [ 797192.924064503982663, 9097845.018878143280745, 0.0 ], [ 797191.71780456113629, 9097829.532110080122948, 0.0 ], [ 797179.476466776919551, 9097813.012742470949888, 0.0 ], [ 797154.942396298982203, 9097772.226606130599976, 0.0 ], [ 797149.15509166487027, 9097731.315248318016529, 0.0 ], [ 797153.447936911834404, 9097713.578346371650696, 0.0 ], [ 797165.437659109476954, 9097692.469973687082529, 0.0 ], [ 797185.043127785203978, 9097655.815996831282973, 0.0 ], [ 797180.558171551907435, 9097644.77838696911931, 0.0 ], [ 797162.62586539844051, 9097601.734656943008304, 0.0 ], [ 797162.485376146738417, 9097580.707205774262547, 0.0 ], [ 797166.659758690511808, 9097545.263078186661005, 0.0 ], [ 797174.253301203949377, 9097526.397462747991085, 0.0 ], [ 797198.092249100096524, 9097463.152975730597973, 0.0 ], [ 797198.951030692318454, 9097426.624231049790978, 0.0 ], [ 797217.47572778200265, 9097393.297462640330195, 0.0 ], [ 797268.875634404481389, 9097328.762114606797695, 0.0 ], [ 797307.989990365691483, 9097241.066654980182648, 0.0 ], [ 797361.476702775806189, 9097158.808767881244421, 0.0 ], [ 797376.63377905334346, 9097116.650523871183395, 0.0 ], [ 797351.315023538889363, 9097123.460444111377001, 0.0 ], [ 797312.778387143043801, 9097132.572269074618816, 0.0 ], [ 797280.88039771374315, 9097144.959826642647386, 0.0 ], [ 797272.124958746484481, 9097154.979312734678388, 0.0 ], [ 797267.810085051576607, 9097169.396026007831097, 0.0 ], [ 797252.645593824097887, 9097210.447482794523239, 0.0 ], [ 797236.156348815071397, 9097218.304814530536532, 0.0 ], [ 797156.99555797141511, 9097254.250449417158961, 0.0 ], [ 797135.066202732268721, 9097273.211775373667479, 0.0 ], [ 797046.357752960640937, 9097365.665429040789604, 0.0 ], [ 797018.892613587900996, 9097381.343484295532107, 0.0 ], [ 796992.441615455434658, 9097383.733670081943274, 0.0 ], [ 796898.767287237104028, 9097393.213040005415678, 0.0 ], [ 796823.884076304384507, 9097409.207632388919592, 0.0 ], [ 796773.298272137064487, 9097430.573704311624169, 0.0 ], [ 796750.118366688722745, 9097427.408131804317236, 0.0 ], [ 796734.59881980670616, 9097415.337401188910007, 0.0 ], [ 796706.926728000631556, 9097400.027495270594954, 0.0 ], [ 796676.005610551219434, 9097393.593283040449023, 0.0 ], [ 796646.231659740675241, 9097393.791918534785509, 0.0 ], [ 796571.318863845663145, 9097405.359133036807179, 0.0 ], [ 796537.170748336357065, 9097411.120516285300255, 0.0 ], [ 796510.68290515220724, 9097407.97699810937047, 0.0 ], [ 796475.313884495641105, 9097396.038332747295499, 0.0 ], [ 796416.765313747921027, 9097380.934356186538935, 0.0 ], [ 796347.226395079283975, 9097371.436985280364752, 0.0 ], [ 796337.294251248473302, 9097370.39653766900301, 0.0 ], [ 796252.346554899355397, 9097365.428717691451311, 0.0 ], [ 796210.486602941062301, 9097372.348086787387729, 0.0 ], [ 796197.305341765284538, 9097380.183248717337847, 0.0 ], [ 796183.072937070392072, 9097395.772541388869286, 0.0 ], [ 796179.882658735383302, 9097413.50166917219758, 0.0 ], [ 796183.375155457295477, 9097441.1470299474895, 0.0 ], [ 796182.427205736981705, 9097464.395300542935729, 0.0 ], [ 796181.412913672626019, 9097477.683047417551279, 0.0 ], [ 796173.804392011486925, 9097494.334958259016275, 0.0 ], [ 796156.270965585135855, 9097511.05295917391777, 0.0 ], [ 796112.456039194250479, 9097555.614659164100885, 0.0 ], [ 796105.994313076254912, 9097578.899401318281889, 0.0 ], [ 796105.164067235891707, 9097619.854626702144742, 0.0 ], [ 796110.906293923966587, 9097654.125605961307883, 0.0 ], [ 796125.426282892120071, 9097681.697659930214286, 0.0 ], [ 796158.803280817344785, 9097725.745406925678253, 0.0 ], [ 796175.558172282180749, 9097757.729689411818981, 0.0 ], [ 796181.292737492010929, 9097790.893761767074466, 0.0 ], [ 796177.375487541081384, 9097865.072250228375196, 0.0 ], [ 796165.621048615314066, 9097921.594694279134274, 0.0 ], [ 796102.075575937400572, 9098150.007565937936306, 0.0 ], [ 796092.20241213357076, 9098157.820601370185614, 0.0 ], [ 796070.184077995363623, 9098163.500823087990284, 0.0 ], [ 796038.277734018862247, 9098174.780654245987535, 0.0 ], [ 796010.841293592820875, 9098194.884597636759281, 0.0 ], [ 795985.639784791273996, 9098219.400531560182571, 0.0 ], [ 795972.561233258806169, 9098242.729193665087223, 0.0 ], [ 795951.991460646037012, 9098300.416923148557544, 0.0 ], [ 795944.640028295107186, 9098355.802922429516912, 0.0 ], [ 795942.603726219502278, 9098381.271747805178165, 0.0 ], [ 795938.457420800812542, 9098421.142195949330926, 0.0 ], [ 795930.11337081878446, 9098493.136307315900922, 0.0 ], [ 795918.122940989444032, 9098514.244188452139497, 0.0 ], [ 795898.405565749621019, 9098534.296668361872435, 0.0 ], [ 795828.218318317085505, 9098593.42047911696136, 0.0 ], [ 795819.45500961842481, 9098602.332665296271443, 0.0 ], [ 795811.765055240481161, 9098606.810735506936908, 0.0 ], [ 795756.795599581440911, 9098632.631019739434123, 0.0 ], [ 795724.859585740254261, 9098639.483593165874481, 0.0 ], [ 795684.196971915429458, 9098660.781877046450973, 0.0 ], [ 795664.471979872789234, 9098679.727391246706247, 0.0 ], [ 795653.561983319465071, 9098697.507845442742109, 0.0 ], [ 795642.769416229217313, 9098732.995199514552951, 0.0 ], [ 795637.519944262225181, 9098772.872946500778198, 0.0 ], [ 795642.460057481424883, 9098852.525617903098464, 0.0 ], [ 795651.745013699866831, 9098922.188977954909205, 0.0 ], [ 795649.833279496524483, 9098966.471209285780787, 0.0 ], [ 795640.158038007095456, 9099004.1649399548769, 0.0 ], [ 795611.985261795576662, 9099079.610473416745663, 0.0 ], [ 795601.236525328364223, 9099121.737939778715372, 0.0 ], [ 795578.526053255423903, 9099189.399848598986864, 0.0 ], [ 795543.677339671994559, 9099256.035706985741854, 0.0 ], [ 795536.053518297849223, 9099270.474040484055877, 0.0 ], [ 795520.746700247749686, 9099290.496816042810678, 0.0 ], [ 795504.322518878616393, 9099308.31350564584136, 0.0 ], [ 795547.54383959597908, 9099340.122534826397896, 0.0 ], [ 795561.887239295523614, 9099341.134151367470622, 0.0 ], [ 795597.205753723043017, 9099345.326870445162058, 0.0 ], [ 795722.9154839287512, 9099343.386116484180093, 0.0 ], [ 795744.964036929886788, 9099342.133055984973907, 0.0 ], [ 795783.510061103384942, 9099334.130020273849368, 0.0 ], [ 795827.555198605521582, 9099323.876840893179178, 0.0 ], [ 795834.164557421347126, 9099322.726330649107695, 0.0 ], [ 795873.835511308745481, 9099318.035975430160761, 0.0 ], [ 795932.319839311996475, 9099323.181256761774421, 0.0 ], [ 795978.651405870215967, 9099325.087163912132382, 0.0 ], [ 796101.119462197180837, 9099333.127581104636192, 0.0 ], [ 796108.846432090736926, 9099334.18298720754683, 0.0 ], [ 796126.476201307028532, 9099331.852346312254667, 0.0 ], [ 796171.705174662638456, 9099333.765275221318007, 0.0 ], [ 796212.500948760658503, 9099332.387381130829453, 0.0 ], [ 796259.913459330797195, 9099330.965461740270257, 0.0 ], [ 796336.042633065488189, 9099335.993041340261698, 0.0 ], [ 796348.195385655504651, 9099339.232477460056543, 0.0 ], [ 796382.448081679176539, 9099348.965437773615122, 0.0 ], [ 796407.900675503537059, 9099362.077158084139228, 0.0 ], [ 796427.875921324361116, 9099380.759052561596036, 0.0 ], [ 796444.557753644883633, 9099401.676240213215351, 0.0 ], [ 796452.350795911741443, 9099412.692019099369645, 0.0 ], [ 796462.437982753152028, 9099436.973433656617999, 0.0 ], [ 796464.702458558720537, 9099445.812375493347645, 0.0 ], [ 796468.209482638048939, 9099475.671313432976604, 0.0 ], [ 796484.502586757997051, 9099603.945903630927205, 0.0 ], [ 796481.385458795819432, 9099632.742261737585068, 0.0 ], [ 796472.828039465472102, 9099672.642191883176565, 0.0 ], [ 796489.4658015568275, 9099686.919303186237812, 0.0 ], [ 796513.940714379772544, 9099718.852301731705666, 0.0 ], [ 796538.312717356719077, 9099735.291357766836882, 0.0 ], [ 796569.228041135473177, 9099740.619591176509857, 0.0 ], [ 796582.46164690493606, 9099740.531561700627208, 0.0 ], [ 796605.635074724559672, 9099742.590906547382474, 0.0 ], [ 796624.390051316120662, 9099743.572773976251483, 0.0 ], [ 796643.152395461453125, 9099745.661447351798415, 0.0 ], [ 796656.386009921086952, 9099745.573396408930421, 0.0 ], [ 796662.995454479241744, 9099744.422777090221643, 0.0 ], [ 796741.397488246439025, 9099759.395567379891872, 0.0 ], [ 796782.193812145385891, 9099758.017274472862482, 0.0 ], [ 796836.150099926278926, 9099745.483796000480652, 0.0 ], [ 796877.909223184455186, 9099723.070677775889635, 0.0 ], [ 796949.318664032034576, 9099681.645200874656439, 0.0 ], [ 796989.91591074434109, 9099650.385528547689319, 0.0 ], [ 797106.399877776391804, 9099587.631156733259559, 0.0 ], [ 797128.455899374559522, 9099587.484148010611534, 0.0 ], [ 797148.173419069498777, 9099567.430995278060436, 0.0 ], [ 797160.223184507107362, 9099555.176460711285472, 0.0 ], [ 797168.979187248274684, 9099545.157281378284097, 0.0 ], [ 797239.93785250862129, 9099436.221981285139918, 0.0 ], [ 797248.671777167823166, 9099422.882647996768355, 0.0 ], [ 797254.141480043763295, 9099416.205625206232071, 0.0 ], [ 797353.20873386412859, 9099387.875828202813864, 0.0 ], [ 797389.571534584742039, 9099383.206166869029403, 0.0 ], [ 797400.584746873821132, 9099380.919159032404423, 0.0 ], [ 797409.392252063844353, 9099378.646867616102099, 0.0 ], [ 797434.74195280042477, 9099376.264175666496158, 0.0 ], [ 797460.025064147775993, 9099363.921083180233836, 0.0 ] ] ] ] } },
{ "type": "Feature", "properties": { "OBJECTID": 15485.0, "NAMOBJ": "Sumbersari", "FCODE": "BA03070040", "REMARK": null, "METADATA": "TASWIL1000020221227_DATA_BATAS_DESAKELURAHAN", "SRS_ID": "SRGI 2013", "KDBBPS": null, "KDCBPS": null, "KDCPUM": "35.09.21", "KDEBPS": null, "KDEPUM": "35.09.21.1002", "KDPBPS": null, "KDPKAB": "35.09", "KDPPUM": "35", "LUASWH": 0.0, "TIPADM": 2, "WADMKC": "Sumbersari", "WADMKD": "Sumbersari", "WADMKK": "Jember", "WADMPR": "Jawa Timur", "WIADKC": null, "WIADKK": null, "WIADPR": null, "WIADKD": null, "UUPP": "Data RBI Skala 1:25.000", "luas": 4.7394153694894356, "SHAPE_Leng": 0.087926649640767005, "SHAPE_Area": 0.000388878047475, "area_kecam": 3500.0, "area_kec_1": "BA03070040", "area_kec_2": null, "area_kec_3": "TASWIL1000020221227_DATA_BATAS_DESAKELURAHAN", "area_kec_4": "SRGI 2013", "area_kec_5": null, "area_kec_6": null, "area_kec_7": "35.09.21", "area_kec_8": null, "area_kec_9": null, "area_kec10": null, "area_kec11": "35.09", "area_kec12": "35", "area_kec13": null, "area_kec14": 3, "area_kec15": "Sumbersari", "area_kec16": null, "area_kec17": "Jember", "area_kec18": "Jawa Timur", "area_kec19": null, "area_kec20": null, "area_kec21": null, "area_kec22": null, "area_kec23": null, "area_kec24": null, "area_kec25": 0.379494001712051, "area_kec26": 0.002951871606991, "area_kec27": "1", "jml_pop": null, "luas_ha": 474, "kepadatan": 65, "Data_Penduduk_Jember_3Kecamatan_Kecamatan": "Sumbersari", "Data_Penduduk_Jember_3Kecamatan_Laki_Laki": "15163", "Data_Penduduk_Jember_3Kecamatan_Perempuan": "15830", "Data_Penduduk_Jember_3Kecamatan_Jumlah_Total": "30993" }, "geometry": { "type": "MultiPolygon", "coordinates": [ [ [ [ 800591.073581909760833, 9096592.549873979762197, 0.0 ], [ 800610.518897510599345, 9096532.651824716478586, 0.0 ], [ 800606.895986569114029, 9096486.191297940909863, 0.0 ], [ 800599.875048659741879, 9096426.472327133640647, 0.0 ], [ 800569.546576246037148, 9096344.775358721613884, 0.0 ], [ 800527.125514999032021, 9096268.694165134802461, 0.0 ], [ 800496.999289094237611, 9096216.878963712602854, 0.0 ], [ 800463.579976743203588, 9096167.299728022888303, 0.0 ], [ 800430.325460902182385, 9096142.068766402080655, 0.0 ], [ 800357.289941583992913, 9096104.932150430977345, 0.0 ], [ 800343.997161778854206, 9096096.167786011472344, 0.0 ], [ 800316.286422247765586, 9096075.32608575746417, 0.0 ], [ 800288.500863857800141, 9096043.417371980845928, 0.0 ], [ 800270.602561315870844, 9096005.907866753637791, 0.0 ], [ 800262.516746245790273, 9095951.730129322037101, 0.0 ], [ 800273.162234436487779, 9095895.212134266272187, 0.0 ], [ 800282.682588343508542, 9095835.381383961066604, 0.0 ], [ 800289.982448781840503, 9095773.351853115484118, 0.0 ], [ 800286.232491456903517, 9095708.077161803841591, 0.0 ], [ 800264.943786109099165, 9095658.415895273908973, 0.0 ], [ 800262.693401942611672, 9095651.790414543822408, 0.0 ], [ 800228.111882428405806, 9095593.364810725674033, 0.0 ], [ 800222.52337412617635, 9095582.334777869284153, 0.0 ], [ 800216.920003040810116, 9095569.091167163103819, 0.0 ], [ 800207.978396767983213, 9095551.443004632368684, 0.0 ], [ 800202.367325971601531, 9095537.092994941398501, 0.0 ], [ 800193.350857065059245, 9095508.377391261979938, 0.0 ], [ 800196.269686670042574, 9095450.805107478052378, 0.0 ], [ 800215.789333411143161, 9095401.974544920027256, 0.0 ], [ 800257.348150290315971, 9095350.78113011829555, 0.0 ], [ 800292.238321751588956, 9095291.885289553552866, 0.0 ], [ 800320.466894162702374, 9095226.39411037042737, 0.0 ], [ 800334.135436322423629, 9095127.797582453116775, 0.0 ], [ 800355.507634666748345, 9095026.935504475608468, 0.0 ], [ 800355.342737155617215, 9095002.587231382727623, 0.0 ], [ 800356.078052568947896, 9094948.349653981626034, 0.0 ], [ 800355.958118801703677, 9094930.642120238393545, 0.0 ], [ 800332.636489645810798, 9094906.45079774223268, 0.0 ], [ 800295.999697145307437, 9094870.175010213628411, 0.0 ], [ 800248.283418031991459, 9094826.226634137332439, 0.0 ], [ 800184.019029622431844, 9094781.283493269234896, 0.0 ], [ 800176.277605606010184, 9094778.015774065628648, 0.0 ], [ 800125.388404629193246, 9094754.011035837233067, 0.0 ], [ 800061.229147031437606, 9094724.56215562671423, 0.0 ], [ 800023.520006433827803, 9094692.720654802396894, 0.0 ], [ 800013.580698658595793, 9094690.574351690709591, 0.0 ], [ 799998.090542358346283, 9094682.931695938110352, 0.0 ], [ 799981.445047817425802, 9094667.549377, 0.0 ], [ 799941.485800500959158, 9094629.082374524325132, 0.0 ], [ 799907.054986744187772, 9094592.791519830003381, 0.0 ], [ 799875.932213694555685, 9094556.478277571499348, 0.0 ], [ 799839.333434092113748, 9094525.735979996621609, 0.0 ], [ 799775.070320783415809, 9094480.792629273608327, 0.0 ], [ 799704.160921234753914, 9094431.467051127925515, 0.0 ], [ 799686.443091304274276, 9094420.519057812169194, 0.0 ], [ 799651.007130433805287, 9094398.622949987649918, 0.0 ], [ 799645.456363388919272, 9094393.126691421493888, 0.0 ], [ 799636.597407731576823, 9094387.652467414736748, 0.0 ], [ 799617.86649081716314, 9094389.992662575095892, 0.0 ], [ 799595.83520127995871, 9094393.462160762399435, 0.0 ], [ 799561.711589656770229, 9094402.547057779505849, 0.0 ], [ 799494.559452073182911, 9094419.602580469101667, 0.0 ], [ 799410.986649883911014, 9094454.477363204583526, 0.0 ], [ 799310.918215031269938, 9094496.104002537205815, 0.0 ], [ 799275.729092691093683, 9094510.729712106287479, 0.0 ], [ 799258.145897699287161, 9094519.702420150861144, 0.0 ], [ 799214.172784925671294, 9094539.921473866328597, 0.0 ], [ 799174.595254198648036, 9094557.897030690684915, 0.0 ], [ 799130.622085850220174, 9094578.115755025297403, 0.0 ], [ 799063.559200474759564, 9094608.451176716014743, 0.0 ], [ 798875.506371926981956, 9094684.98004325479269, 0.0 ], [ 798828.21736808726564, 9094704.113738952204585, 0.0 ], [ 798805.120364737696946, 9094713.123707776889205, 0.0 ], [ 798763.329877507756464, 9094730.007043028250337, 0.0 ], [ 798756.728519651689567, 9094732.265071852132678, 0.0 ], [ 798730.360920670675114, 9094746.830780003219843, 0.0 ], [ 798722.656976222526282, 9094749.096231423318386, 0.0 ], [ 798716.040702000143938, 9094749.140809359028935, 0.0 ], [ 798689.62089497805573, 9094755.959435841068625, 0.0 ], [ 798650.035851906286553, 9094772.827667836099863, 0.0 ], [ 798633.554966673022136, 9094781.792847156524658, 0.0 ], [ 798602.77653912617825, 9094796.388053465634584, 0.0 ], [ 798513.711559743853286, 9094834.618079047650099, 0.0 ], [ 798486.211251392727718, 9094844.764030246064067, 0.0 ], [ 798462.004121692851186, 9094852.674475876614451, 0.0 ], [ 798430.085573974181898, 9094861.743464685976505, 0.0 ], [ 798410.281763363163918, 9094868.517360353842378, 0.0 ], [ 798390.485506978118792, 9094876.397963389754295, 0.0 ], [ 798356.436018452979624, 9094896.548915810883045, 0.0 ], [ 798328.950445244088769, 9094908.908293282613158, 0.0 ], [ 798277.235462368000299, 9094925.857592718675733, 0.0 ], [ 798266.230957498657517, 9094929.252025958150625, 0.0 ], [ 798187.030439531663433, 9094958.56039153970778, 0.0 ], [ 798171.637359477463178, 9094965.304495891556144, 0.0 ], [ 798118.804622393567115, 9094980.047882542014122, 0.0 ], [ 798089.039303627796471, 9094981.354732070118189, 0.0 ], [ 798036.095095636323094, 9094979.497042093425989, 0.0 ], [ 798011.843263233196922, 9094980.76678567007184, 0.0 ], [ 798008.624534684582613, 9094994.069605035707355, 0.0 ], [ 798010.896855301340111, 9095004.015227986499667, 0.0 ], [ 798010.993532820488326, 9095018.402423387393355, 0.0 ], [ 798011.224066388094798, 9095052.710503820329905, 0.0 ], [ 798011.476901975576766, 9095090.339063335210085, 0.0 ], [ 798045.74974791193381, 9095103.389959923923016, 0.0 ], [ 798088.948332874919288, 9095131.875359261408448, 0.0 ], [ 798153.187433319399133, 9095173.500956021249294, 0.0 ], [ 798193.122711777337827, 9095208.649057934060693, 0.0 ], [ 798225.59965162188746, 9095282.584147471934557, 0.0 ], [ 798262.502257067128085, 9095358.703029768541455, 0.0 ], [ 798289.435834609670565, 9095428.248334040865302, 0.0 ], [ 798294.092191743780859, 9095464.740372091531754, 0.0 ], [ 798277.722677602665499, 9095490.306074779480696, 0.0 ], [ 798240.37935080123134, 9095512.692433580756187, 0.0 ], [ 798195.317027095821686, 9095535.130509108304977, 0.0 ], [ 798150.269542207941413, 9095559.782178595662117, 0.0 ], [ 798122.895113878883421, 9095588.742018321529031, 0.0 ], [ 798108.775478476774879, 9095620.933092961087823, 0.0 ], [ 798103.670892366440967, 9095681.839525217190385, 0.0 ], [ 798114.935781086795032, 9095717.180382564663887, 0.0 ], [ 798134.888694386230782, 9095732.541090475395322, 0.0 ], [ 798163.581446971511468, 9095735.668650571256876, 0.0 ], [ 798197.713647615513764, 9095727.691979544237256, 0.0 ], [ 798236.226844656979665, 9095715.258771404623985, 0.0 ], [ 798273.696925930096768, 9095711.686563223600388, 0.0 ], [ 798310.12369565886911, 9095716.975698601454496, 0.0 ], [ 798346.684277659514919, 9095742.185624990612268, 0.0 ], [ 798377.768631855375133, 9095772.966190194711089, 0.0 ], [ 798392.297495462931693, 9095801.644504671916366, 0.0 ], [ 798388.102259326609783, 9095833.768882717937231, 0.0 ], [ 798373.960333861177787, 9095862.640031086280942, 0.0 ], [ 798345.371462358627468, 9095875.006408736109734, 0.0 ], [ 798312.275023499969393, 9095873.015292376279831, 0.0 ], [ 798264.828386520966887, 9095868.907037816941738, 0.0 ], [ 798243.906485085259192, 9095873.474675226956606, 0.0 ], [ 798217.582513705128804, 9095894.680319147184491, 0.0 ], [ 798186.951823053881526, 9095931.409380353987217, 0.0 ], [ 798156.365452441619709, 9095974.778704307973385, 0.0 ], [ 798144.414010385517031, 9096001.421137379482388, 0.0 ], [ 798147.85583669738844, 9096021.320041390135884, 0.0 ], [ 798168.948747780872509, 9096042.206737568601966, 0.0 ], [ 798216.492154584964737, 9096060.702694732695818, 0.0 ], [ 798253.060416430002078, 9096087.019264802336693, 0.0 ], [ 798273.095298050902784, 9096114.554091764613986, 0.0 ], [ 798285.515202334150672, 9096157.634594269096851, 0.0 ], [ 798290.253200270235538, 9096206.300538122653961, 0.0 ], [ 798298.410767152556218, 9096271.54502834379673, 0.0 ], [ 798316.374292950611562, 9096319.015379166230559, 0.0 ], [ 798345.461461724014953, 9096380.799000427126884, 0.0 ], [ 798351.250166012207046, 9096421.71053003706038, 0.0 ], [ 798344.945963714970276, 9096468.237121649086475, 0.0 ], [ 798347.344686921802349, 9096496.996974496170878, 0.0 ], [ 798359.586261635296978, 9096513.516276136040688, 0.0 ], [ 798380.679461675696075, 9096534.403197888284922, 0.0 ], [ 798410.535211195005104, 9096546.377111956477165, 0.0 ], [ 798479.060906501021236, 9096569.158799374476075, 0.0 ], [ 798550.939652758417651, 9096598.558710684999824, 0.0 ], [ 798614.00404479901772, 9096629.124439679086208, 0.0 ], [ 798648.322889372706413, 9096648.815631408244371, 0.0 ], [ 798680.547881454927847, 9096685.122439585626125, 0.0 ], [ 798732.778547207824886, 9096744.536825066432357, 0.0 ], [ 798764.929263174417429, 9096769.776515515521169, 0.0 ], [ 798819.134929349180311, 9096794.867782523855567, 0.0 ], [ 798851.248527630697936, 9096814.573718473315239, 0.0 ], [ 798859.161154871573672, 9096843.29657468944788, 0.0 ], [ 798862.685341899632476, 9096875.369149267673492, 0.0 ], [ 798862.975591927184723, 9096918.53130123205483, 0.0 ], [ 798855.784704047720879, 9096997.160564109683037, 0.0 ], [ 798844.227482050773688, 9097082.459466563537717, 0.0 ], [ 798840.247987055452541, 9097146.679193072021008, 0.0 ], [ 798841.6854081035126, 9097196.474250769242644, 0.0 ], [ 798847.63820669404231, 9097261.73364894464612, 0.0 ], [ 798854.403421408496797, 9097283.823718702420592, 0.0 ], [ 798868.694641882902943, 9097277.087027104571462, 0.0 ], [ 798887.382010906934738, 9097268.107122641056776, 0.0 ], [ 798923.653975294204429, 9097250.154807541519403, 0.0 ], [ 798932.43139293952845, 9097243.45538074709475, 0.0 ], [ 798972.019154088804498, 9097226.587601933628321, 0.0 ], [ 799065.500352376606315, 9097188.328583154827356, 0.0 ], [ 799113.902549242367968, 9097170.2945740763098, 0.0 ], [ 799123.804914758773521, 9097166.907404566183686, 0.0 ], [ 799175.515466894488782, 9097148.851273309439421, 0.0 ], [ 799264.652582429582253, 9097120.581712741404772, 0.0 ], [ 799329.618407564121298, 9097105.756454158574343, 0.0 ], [ 799380.211099836044014, 9097085.49367624334991, 0.0 ], [ 799452.77701104641892, 9097052.908482635393739, 0.0 ], [ 799480.263924117200077, 9097040.548755884170532, 0.0 ], [ 799518.778285946464166, 9097028.114479774609208, 0.0 ], [ 799588.095359599916264, 9097004.405226036906242, 0.0 ], [ 799676.12195287249051, 9096975.035583963617682, 0.0 ], [ 799720.135115164332092, 9096960.350683871656656, 0.0 ], [ 799730.037649797275662, 9096956.963568452745676, 0.0 ], [ 799746.549262642045505, 9096952.425099480897188, 0.0 ], [ 799770.772487922571599, 9096946.727610932663083, 0.0 ], [ 799828.026394531712867, 9096933.060277694836259, 0.0 ], [ 799877.538473258027807, 9096916.124533472582698, 0.0 ], [ 799935.797788363648579, 9096888.061880886554718, 0.0 ], [ 799962.181793252471834, 9096875.709220191463828, 0.0 ], [ 800028.167910481221043, 9096848.701037853956223, 0.0 ], [ 800062.226342448964715, 9096829.655796572566032, 0.0 ], [ 800077.537890636362135, 9096810.736891854554415, 0.0 ], [ 800130.006872911006212, 9096741.762262158095837, 0.0 ], [ 800147.493854512227699, 9096718.401709238067269, 0.0 ], [ 800150.742200638633221, 9096709.525504859164357, 0.0 ], [ 800177.081425899639726, 9096690.532264677807689, 0.0 ], [ 800199.099012550432235, 9096684.849376941099763, 0.0 ], [ 800227.7257562718587, 9096678.015257040038705, 0.0 ], [ 800320.357146801892668, 9096677.389253057539463, 0.0 ], [ 800354.437818726524711, 9096661.664125213399529, 0.0 ], [ 800394.047321467194706, 9096648.114931605756283, 0.0 ], [ 800417.160167029360309, 9096641.317950962111354, 0.0 ], [ 800493.130514854448847, 9096623.095641231164336, 0.0 ], [ 800512.912735927733593, 9096613.000770030543208, 0.0 ], [ 800532.739868389675394, 9096609.546299358829856, 0.0 ], [ 800541.53185196290724, 9096605.059571407735348, 0.0 ], [ 800553.639808194944635, 9096601.657416647300124, 0.0 ], [ 800566.850406157318503, 9096598.247466364875436, 0.0 ], [ 800591.073581909760833, 9096592.549873979762197, 0.0 ] ] ] ] } },
{ "type": "Feature", "properties": { "OBJECTID": 15868.0, "NAMOBJ": "Tegal Besar", "FCODE": "BA03070040", "REMARK": null, "METADATA": "TASWIL1000020221227_DATA_BATAS_DESAKELURAHAN", "SRS_ID": "SRGI 2013", "KDBBPS": null, "KDCBPS": null, "KDCPUM": "35.09.19", "KDEBPS": null, "KDEPUM": "35.09.19.1007", "KDPBPS": null, "KDPKAB": "35.09", "KDPPUM": "35", "LUASWH": 0.0, "TIPADM": 2, "WADMKC": "Kaliwates", "WADMKD": "Tegalbesar", "WADMKK": "Jember", "WADMPR": "Jawa Timur", "WIADKC": null, "WIADKK": null, "WIADPR": null, "WIADKD": null, "UUPP": "Data RBI Skala 1:25.000", "luas": 8.1585210993539494, "SHAPE_Leng": 0.14636257560261301, "SHAPE_Area": 0.00066946773828499995, "area_kecam": null, "area_kec_1": null, "area_kec_2": null, "area_kec_3": null, "area_kec_4": null, "area_kec_5": null, "area_kec_6": null, "area_kec_7": null, "area_kec_8": null, "area_kec_9": null, "area_kec10": null, "area_kec11": null, "area_kec12": null, "area_kec13": null, "area_kec14": null, "area_kec15": null, "area_kec16": null, "area_kec17": null, "area_kec18": null, "area_kec19": null, "area_kec20": null, "area_kec21": null, "area_kec22": null, "area_kec23": null, "area_kec24": null, "area_kec25": null, "area_kec26": null, "area_kec27": null, "jml_pop": null, "luas_ha": 816, "kepadatan": 51, "Data_Penduduk_Jember_3Kecamatan_Kecamatan": "Kaliwates", "Data_Penduduk_Jember_3Kecamatan_Laki_Laki": "20654", "Data_Penduduk_Jember_3Kecamatan_Perempuan": "20928", "Data_Penduduk_Jember_3Kecamatan_Jumlah_Total": "41582" }, "geometry": { "type": "MultiPolygon", "coordinates": [ [ [ [ 798444.522857897449285, 9093076.42627090215683, 0.0 ], [ 798549.229967188555747, 9093069.079370208084583, 0.0 ], [ 798571.268049986567348, 9093066.717142688110471, 0.0 ], [ 798635.199408755637705, 9093062.965326629579067, 0.0 ], [ 798664.963529156986624, 9093061.657904252409935, 0.0 ], [ 798715.655625151004642, 9093056.888657014816999, 0.0 ], [ 798787.290646853041835, 9093050.870952816680074, 0.0 ], [ 798860.065823987009935, 9093050.379517642781138, 0.0 ], [ 798854.103979833191261, 9092984.013454891741276, 0.0 ], [ 798841.870173757895827, 9092968.601135153323412, 0.0 ], [ 798842.501905295532197, 9092898.870223600417376, 0.0 ], [ 798844.897798866964877, 9092763.827505147084594, 0.0 ], [ 798846.632166836876422, 9092694.08913448266685, 0.0 ], [ 798847.502906877081841, 9092659.773144543170929, 0.0 ], [ 798851.397515596239828, 9092583.37963667139411, 0.0 ], [ 798845.360942837200128, 9092505.946124739944935, 0.0 ], [ 798842.759181712986901, 9092447.30478635057807, 0.0 ], [ 798831.35126974596642, 9092390.93639836832881, 0.0 ], [ 798810.199478655005805, 9092361.196439504623413, 0.0 ], [ 798792.340326554840431, 9092329.220571404322982, 0.0 ], [ 798770.138078662799671, 9092307.235236005857587, 0.0 ], [ 798754.65634202840738, 9092300.69920520670712, 0.0 ], [ 798712.763760790112428, 9092302.088911233469844, 0.0 ], [ 798667.608148372033611, 9092310.141476463526487, 0.0 ], [ 798603.782629494322464, 9092329.387468909844756, 0.0 ], [ 798549.805944518768229, 9092337.499467849731445, 0.0 ], [ 798514.544013523263857, 9092341.057856181636453, 0.0 ], [ 798482.649748794268817, 9092353.447651341557503, 0.0 ], [ 798455.166333928587846, 9092365.807756833732128, 0.0 ], [ 798433.14345411863178, 9092370.383480854332447, 0.0 ], [ 798409.958300914615393, 9092366.112871279940009, 0.0 ], [ 798368.899651716696098, 9092327.652981467545033, 0.0 ], [ 798354.475728253135458, 9092314.469069356098771, 0.0 ], [ 798312.478601312730461, 9092300.364316917955875, 0.0 ], [ 798284.890684633282945, 9092297.230132501572371, 0.0 ], [ 798258.442403806373477, 9092299.622091457247734, 0.0 ], [ 798234.236818344332278, 9092307.53275235556066, 0.0 ], [ 798210.098515443038195, 9092325.403753336519003, 0.0 ], [ 798193.700774752302095, 9092346.543061438947916, 0.0 ], [ 798177.41507020033896, 9092384.28302176296711, 0.0 ], [ 798155.317684441106394, 9092377.79130226559937, 0.0 ], [ 798091.163699933211319, 9092348.341318029910326, 0.0 ], [ 798024.707702392945066, 9092304.518476761877537, 0.0 ], [ 797971.535355842555873, 9092268.353535369038582, 0.0 ], [ 797943.835461904993281, 9092248.618406536057591, 0.0 ], [ 797899.477021030150354, 9092211.2872558478266, 0.0 ], [ 797879.577370738377795, 9092203.673976188525558, 0.0 ], [ 797851.855418998282403, 9092180.618666887283325, 0.0 ], [ 797801.857062549097463, 9092124.510449107736349, 0.0 ], [ 797766.431549648987129, 9092103.72043277323246, 0.0 ], [ 797738.79895825649146, 9092093.945893539115787, 0.0 ], [ 797663.835624520084821, 9092096.664274429902434, 0.0 ], [ 797628.537018986069597, 9092094.688425045460463, 0.0 ], [ 797618.576081338105723, 9092089.221559433266521, 0.0 ], [ 797613.040854747639969, 9092085.938534401357174, 0.0 ], [ 797605.233001054963097, 9092072.709822388365865, 0.0 ], [ 797600.755470413016155, 9092062.779312850907445, 0.0 ], [ 797579.589550476521254, 9092030.825546991080046, 0.0 ], [ 797558.572996595408767, 9092021.00604934990406, 0.0 ], [ 797498.845380931859836, 9091993.739013414829969, 0.0 ], [ 797456.662971238605678, 9091951.966037020087242, 0.0 ], [ 797436.711650117998943, 9091936.605741130188107, 0.0 ], [ 797423.241957318969071, 9091901.279762465506792, 0.0 ], [ 797418.682549242745154, 9091879.175304615870118, 0.0 ], [ 797411.85833484493196, 9091848.231988893821836, 0.0 ], [ 797395.170213375007734, 9091826.208936475217342, 0.0 ], [ 797354.1427796066273, 9091792.175506554543972, 0.0 ], [ 797314.396730968379416, 9091784.695499520748854, 0.0 ], [ 797224.996130233164877, 9091772.015895012766123, 0.0 ], [ 797215.124877336202189, 9091779.829396553337574, 0.0 ], [ 797175.140619262354448, 9091736.934647757560015, 0.0 ], [ 797122.223077656701207, 9091738.397380977869034, 0.0 ], [ 796977.515490468824282, 9091535.72663027048111, 0.0 ], [ 796941.83589710353408, 9091484.454925715923309, 0.0 ], [ 796930.752532644546591, 9091468.528462214395404, 0.0 ], [ 796836.233958966331556, 9091514.540786650031805, 0.0 ], [ 796825.237833945313469, 9091519.041704805567861, 0.0 ], [ 796805.17543294490315, 9091487.080639336258173, 0.0 ], [ 796760.662626579869539, 9091426.507929367944598, 0.0 ], [ 796717.282262574881315, 9091370.354855354875326, 0.0 ], [ 796680.473053140216507, 9091307.516981499269605, 0.0 ], [ 796643.693554203491658, 9091249.106047011911869, 0.0 ], [ 796617.008288972545415, 9091216.082375213503838, 0.0 ], [ 796613.285937777953222, 9091213.134297640994191, 0.0 ], [ 796605.922935585957021, 9091207.30278124846518, 0.0 ], [ 796595.932853823062032, 9091197.409294851124287, 0.0 ], [ 796564.956224209163338, 9091182.122641833499074, 0.0 ], [ 796468.852928302250803, 9091156.205825626850128, 0.0 ], [ 796409.216606084024534, 9091142.218363154679537, 0.0 ], [ 796303.197765056043863, 9091117.474670324474573, 0.0 ], [ 796247.964523371309042, 9091102.350614208728075, 0.0 ], [ 796202.632419657427818, 9091083.840045087039471, 0.0 ], [ 796155.080356292426586, 9091063.130605695769191, 0.0 ], [ 796126.361399736953899, 9091055.575960326939821, 0.0 ], [ 796097.686768964864314, 9091054.661515034735203, 0.0 ], [ 796087.756232833955437, 9091053.621358022093773, 0.0 ], [ 796075.620316672604531, 9091052.595987634733319, 0.0 ], [ 795948.734617646317929, 9091040.165764378383756, 0.0 ], [ 795866.03390874620527, 9091039.613052992150187, 0.0 ], [ 795805.354931912617758, 9091034.486098194494843, 0.0 ], [ 795784.376410783617757, 9091030.19964561983943, 0.0 ], [ 795745.576514328364283, 9091020.832723706960678, 0.0 ], [ 795692.549200392095372, 9091016.447689549997449, 0.0 ], [ 795643.737498113419861, 9091014.6677639298141, 0.0 ], [ 795622.175109812757, 9091007.438546067103744, 0.0 ], [ 795556.561974280979484, 9091004.191031605005264, 0.0 ], [ 795498.323201751802117, 9091005.107453417032957, 0.0 ], [ 795433.787762071471661, 9091006.065932771191001, 0.0 ], [ 795356.127658182522282, 9091006.058940786868334, 0.0 ], [ 795319.962324621155858, 9091008.172703456133604, 0.0 ], [ 795322.099871081067249, 9091013.217229543253779, 0.0 ], [ 795353.988817901350558, 9091063.406786238774657, 0.0 ], [ 795441.308743908070028, 9091215.253588302060962, 0.0 ], [ 795532.077865399885923, 9091373.297909684479237, 0.0 ], [ 795634.567566269193776, 9091549.814016006886959, 0.0 ], [ 795680.902691826922819, 9091624.764687282964587, 0.0 ], [ 795651.561348288552836, 9091638.149830179288983, 0.0 ], [ 795619.606639887206256, 9091646.264060400426388, 0.0 ], [ 795620.430889851646498, 9091691.027380827814341, 0.0 ], [ 795551.189601895865053, 9091694.650802068412304, 0.0 ], [ 795505.553405998973176, 9091697.062734458595514, 0.0 ], [ 795490.269725482095964, 9091687.157855801284313, 0.0 ], [ 795455.656263825134374, 9091690.022831290960312, 0.0 ], [ 795435.202846400439739, 9091691.739698950201273, 0.0 ], [ 795440.04871813103091, 9091710.141263840720057, 0.0 ], [ 795443.429257956566289, 9091744.880455896258354, 0.0 ], [ 795442.252884248271585, 9091804.4046002458781, 0.0 ], [ 795440.25268773525022, 9091819.165256474167109, 0.0 ], [ 795349.536734662484378, 9091828.725448692217469, 0.0 ], [ 795355.956470109056681, 9091925.59382975474, 0.0 ], [ 795314.003613339504227, 9091929.560967162251472, 0.0 ], [ 795322.139696109108627, 9092018.275978490710258, 0.0 ], [ 795326.332189195323735, 9092056.762367479503155, 0.0 ], [ 795323.10122023744043, 9092064.025830702856183, 0.0 ], [ 795310.694178213132545, 9092072.338367890566587, 0.0 ], [ 795305.209044578485191, 9092085.871546730399132, 0.0 ], [ 795302.314668415347114, 9092094.44956305064261, 0.0 ], [ 795293.29283888975624, 9092108.71800173074007, 0.0 ], [ 795287.674396464135498, 9092107.067083431407809, 0.0 ], [ 795257.474638431100175, 9092110.639620430767536, 0.0 ], [ 795246.159624994266778, 9092120.799187455326319, 0.0 ], [ 795239.664563053520396, 9092130.389012986794114, 0.0 ], [ 795232.196307063335553, 9092141.631064990535378, 0.0 ], [ 795219.437023571692407, 9092146.324648715555668, 0.0 ], [ 795191.53074353991542, 9092141.902632009238005, 0.0 ], [ 795175.443421840434894, 9092139.376667300239205, 0.0 ], [ 795161.308637564536184, 9092134.533087803050876, 0.0 ], [ 795146.212208543205634, 9092132.988155802711844, 0.0 ], [ 795134.747108577867039, 9092135.039575900882483, 0.0 ], [ 795120.680460682953708, 9092140.400590552017093, 0.0 ], [ 795108.909421293879859, 9092145.745942832902074, 0.0 ], [ 795098.734221525257453, 9092144.497286479920149, 0.0 ], [ 795091.530235285870731, 9092146.19110313244164, 0.0 ], [ 795085.334491209825501, 9092151.499562561511993, 0.0 ], [ 795085.400407937122509, 9092161.374591736122966, 0.0 ], [ 795084.143352238694206, 9092169.612281931564212, 0.0 ], [ 795078.915963730541989, 9092172.610036194324493, 0.0 ], [ 795053.439335549715906, 9092188.251571625471115, 0.0 ], [ 795045.273350568953902, 9092193.243694096803665, 0.0 ], [ 795030.220853201113641, 9092198.281993713229895, 0.0 ], [ 795012.555255755782127, 9092204.983340088278055, 0.0 ], [ 794996.21064756764099, 9092212.9928865917027, 0.0 ], [ 794979.199005194357596, 9092219.360817953944206, 0.0 ], [ 794968.711261715507135, 9092220.418339319527149, 0.0 ], [ 794957.862662606639788, 9092216.540425157174468, 0.0 ], [ 794948.032943478785455, 9092217.922696571797132, 0.0 ], [ 794941.524303390178829, 9092225.53745093010366, 0.0 ], [ 794936.996867656707764, 9092235.113967571407557, 0.0 ], [ 794927.210951158776879, 9092243.079504879191518, 0.0 ], [ 794913.786913063144311, 9092246.460945397615433, 0.0 ], [ 794901.316206304705702, 9092245.227439587935805, 0.0 ], [ 794884.923313006293029, 9092243.091645907610655, 0.0 ], [ 794884.522393996128812, 9092243.059236297383904, 0.0 ], [ 794880.628453697776422, 9092247.020338147878647, 0.0 ], [ 794877.352724370080978, 9092257.108331406489015, 0.0 ], [ 794871.984684482915327, 9092273.639670919626951, 0.0 ], [ 794872.279916180996224, 9092317.907354800030589, 0.0 ], [ 794872.442287518410012, 9092342.254580643028021, 0.0 ], [ 794868.24590127938427, 9092374.378062101081014, 0.0 ], [ 794848.672075350768864, 9092415.458117479458451, 0.0 ], [ 794830.503573074704036, 9092436.581658819690347, 0.0 ], [ 794828.160210897680372, 9092448.819907451048493, 0.0 ], [ 794816.195225787349045, 9092464.436989990994334, 0.0 ], [ 794803.922169067896903, 9092473.209158346056938, 0.0 ], [ 794790.360158645664342, 9092485.413505049422383, 0.0 ], [ 794770.531437709229067, 9092502.136380713433027, 0.0 ], [ 794750.667380750994198, 9092513.592612009495497, 0.0 ], [ 794730.754286423558369, 9092517.675391625612974, 0.0 ], [ 794704.259306593914516, 9092518.378543436527252, 0.0 ], [ 794665.267396103241481, 9092526.247636824846268, 0.0 ], [ 794651.029264962067828, 9092540.73022354952991, 0.0 ], [ 794651.223951541353017, 9092541.567945575341582, 0.0 ], [ 794672.598255850723945, 9092633.552636098116636, 0.0 ], [ 794681.677181967766955, 9092672.228033866733313, 0.0 ], [ 794681.594422078691423, 9092672.401015246286988, 0.0 ], [ 794684.589074004907161, 9092677.043094141408801, 0.0 ], [ 794680.98963207565248, 9092688.127496957778931, 0.0 ], [ 794673.729673347435892, 9092701.079780368134379, 0.0 ], [ 794667.259929049527273, 9092714.553273033350706, 0.0 ], [ 794662.885934296296909, 9092727.486437778919935, 0.0 ], [ 794660.089420686243102, 9092740.935679946094751, 0.0 ], [ 794657.318993582041003, 9092758.334810759872198, 0.0 ], [ 794658.165895057143643, 9092767.282801225781441, 0.0 ], [ 794652.319406661204994, 9092775.880490330979228, 0.0 ], [ 794630.14590444159694, 9092795.120642013847828, 0.0 ], [ 794594.889123050845228, 9092819.714760161936283, 0.0 ], [ 794562.322054207557812, 9092854.166355999186635, 0.0 ], [ 794529.680098701268435, 9092877.426298016682267, 0.0 ], [ 794494.423317305045202, 9092902.020295441150665, 0.0 ], [ 794456.573390206205659, 9092931.240075394511223, 0.0 ], [ 794433.004607325186953, 9092937.980460172519088, 0.0 ], [ 794417.91864083497785, 9092938.080847831442952, 0.0 ], [ 794383.802613651612774, 9092936.991164695471525, 0.0 ], [ 794362.135966999456286, 9092933.843549961224198, 0.0 ], [ 794325.938370094867423, 9092915.650111362338066, 0.0 ], [ 794307.472532907500863, 9092900.63080245628953, 0.0 ], [ 794280.435762037406676, 9092879.084858970716596, 0.0 ], [ 794268.461355222389102, 9092851.273429274559021, 0.0 ], [ 794261.614550474565476, 9092845.461901869624853, 0.0 ], [ 794239.533010639017448, 9092841.181825445964932, 0.0 ], [ 794226.308938491623849, 9092842.376511121168733, 0.0 ], [ 794192.15757546259556, 9092847.030566327273846, 0.0 ], [ 794163.489608524017967, 9092847.221192825585604, 0.0 ], [ 794138.675283293006942, 9092847.504600321874022, 0.0 ], [ 794111.497025686898269, 9092844.130235213786364, 0.0 ], [ 794081.574742079712451, 9092842.354069566354156, 0.0 ], [ 794048.514689150033519, 9092842.178603256121278, 0.0 ], [ 794016.246829088777304, 9092842.788277031853795, 0.0 ], [ 793981.594115638523363, 9092839.858392622321844, 0.0 ], [ 793955.578536223154515, 9092833.710927106440067, 0.0 ], [ 793938.947210991405882, 9092818.415813915431499, 0.0 ], [ 793926.694273351226002, 9092806.847528528422117, 0.0 ], [ 793913.287454714532942, 9092806.60436131618917, 0.0 ], [ 793878.869343763682991, 9092799.459406839683652, 0.0 ], [ 793838.957161889295094, 9092794.720879545435309, 0.0 ], [ 793831.772525831125677, 9092793.797221643850207, 0.0 ], [ 793855.905927367741242, 9092855.905684368684888, 0.0 ], [ 793864.079919948708266, 9092924.468707922846079, 0.0 ], [ 793869.078367712441832, 9093012.9741251450032, 0.0 ], [ 793891.380506832385436, 9093050.455032825469971, 0.0 ], [ 793914.719136671163142, 9093077.968349123373628, 0.0 ], [ 794005.559912332799286, 9093141.555355446413159, 0.0 ], [ 794038.792802216834389, 9093164.576088627800345, 0.0 ], [ 794063.285674876300618, 9093199.828845851123333, 0.0 ], [ 794094.489890527445823, 9093249.424554677680135, 0.0 ], [ 794109.044552275212482, 9093282.529877820983529, 0.0 ], [ 794132.31713208660949, 9093300.082877334207296, 0.0 ], [ 794192.086795079056174, 9093333.99456424638629, 0.0 ], [ 794237.404653848148882, 9093350.294383926317096, 0.0 ], [ 794272.688590975245461, 9093350.059835195541382, 0.0 ], [ 794324.475096858805045, 9093344.181743390858173, 0.0 ], [ 794371.755438774125651, 9093323.946198834106326, 0.0 ], [ 794409.009088453836739, 9093288.282852929085493, 0.0 ], [ 794427.672699137357995, 9093275.984601551666856, 0.0 ], [ 794454.135643357993104, 9093275.808564491569996, 0.0 ], [ 794472.924408064223826, 9093282.323993043974042, 0.0 ], [ 794489.574200717848726, 9093298.814285144209862, 0.0 ], [ 794501.894502905430272, 9093327.50749534741044, 0.0 ], [ 794502.130115092149936, 9093362.921534137800336, 0.0 ], [ 794496.97774518514052, 9093417.185956235975027, 0.0 ], [ 794490.656458157580346, 9093461.497509786859155, 0.0 ], [ 794493.148812887375243, 9093504.643695119768381, 0.0 ], [ 794506.601205414743163, 9093537.756341140717268, 0.0 ], [ 794523.317223314777948, 9093564.206853555515409, 0.0 ], [ 794560.968750364612788, 9093588.304619651287794, 0.0 ], [ 794631.772826871252619, 9093623.249168103560805, 0.0 ], [ 794681.48705999343656, 9093637.305952312424779, 0.0 ], [ 794710.155536971287802, 9093637.115155797451735, 0.0 ], [ 794747.586159394588321, 9093628.012100363150239, 0.0 ], [ 794789.25785014173016, 9093593.425755374133587, 0.0 ], [ 794824.365156503627077, 9093566.630242003127933, 0.0 ], [ 794872.836905220989138, 9093559.667012996971607, 0.0 ], [ 794899.359073191648349, 9093568.344298409298062, 0.0 ], [ 794928.116010813508183, 9093581.433650035411119, 0.0 ], [ 794945.876109960488975, 9093599.023096580058336, 0.0 ], [ 794962.622054619714618, 9093629.900413675233722, 0.0 ], [ 794973.884322078432888, 9093665.241115773096681, 0.0 ], [ 794969.871847035596147, 9093725.031877381727099, 0.0 ], [ 794962.735681301914155, 9093812.51185816898942, 0.0 ], [ 794956.628376216860488, 9093888.917783299461007, 0.0 ], [ 794958.114124761428684, 9093946.458317831158638, 0.0 ], [ 794973.757594914641231, 9093977.343012530356646, 0.0 ], [ 794991.539933059364557, 9093998.252571733668447, 0.0 ], [ 795019.16502729174681, 9094006.922644108533859, 0.0 ], [ 795046.731058318167925, 9094006.739051006734371, 0.0 ], [ 795065.387688105925918, 9093993.33377144113183, 0.0 ], [ 795100.384816192323342, 9093949.937694363296032, 0.0 ], [ 795146.349315554602072, 9093897.614545682445168, 0.0 ], [ 795185.815856692614034, 9093863.04250898770988, 0.0 ], [ 795248.526369545375928, 9093841.596504488959908, 0.0 ], [ 795302.600172976031899, 9093847.876468107104301, 0.0 ], [ 795335.782806158065796, 9093863.14963430352509, 0.0 ], [ 795346.897697673644871, 9093876.356451060622931, 0.0 ], [ 795347.126461988547817, 9093910.664000784978271, 0.0 ], [ 795343.143860046751797, 9093974.881725704297423, 0.0 ], [ 795351.157651594607159, 9094019.098067685961723, 0.0 ], [ 795370.065013451036066, 9094043.320272186771035, 0.0 ], [ 795395.580916692269966, 9094066.391887651756406, 0.0 ], [ 795434.306405977113172, 9094086.054953871294856, 0.0 ], [ 795530.340528505970724, 9094100.908990075811744, 0.0 ], [ 795624.125057523371652, 9094109.137260982766747, 0.0 ], [ 795674.847103031701408, 9094108.798779763281345, 0.0 ], [ 795705.677080356050283, 9094101.952531790360808, 0.0 ], [ 795762.874694172292948, 9094080.542519047856331, 0.0 ], [ 795825.718559751519933, 9094079.016068365424871, 0.0 ], [ 795856.651996747939847, 9094087.663599392399192, 0.0 ], [ 795883.226570954662748, 9094104.087354293093085, 0.0 ], [ 795921.049478153465316, 9094153.638328561559319, 0.0 ], [ 795943.24306105542928, 9094174.518435340374708, 0.0 ], [ 795974.154429273214191, 9094179.845702452585101, 0.0 ], [ 795998.39071718044579, 9094176.363547585904598, 0.0 ], [ 796048.920713157509454, 9094147.250446934252977, 0.0 ], [ 796090.658983644098043, 9094122.622914426028728, 0.0 ], [ 796123.716509140096605, 9094119.081834116950631, 0.0 ], [ 796168.96985238045454, 9094125.419849691912532, 0.0 ], [ 796206.571096189552918, 9094141.769745286554098, 0.0 ], [ 796279.598305430728942, 9094178.911021996289492, 0.0 ], [ 796350.301800563465804, 9094198.359609965234995, 0.0 ], [ 796439.75805485015735, 9094218.789623709395528, 0.0 ], [ 796509.351694246288389, 9094237.138784749433398, 0.0 ], [ 796560.222353116841987, 9094258.933429390192032, 0.0 ], [ 796583.511635033646598, 9094278.699024112895131, 0.0 ], [ 796601.36157651967369, 9094309.568787172436714, 0.0 ], [ 796614.823313178378157, 9094343.788075659424067, 0.0 ], [ 796634.819474518066272, 9094365.789326818659902, 0.0 ], [ 796643.425979245104827, 9094333.635827951133251, 0.0 ], [ 796661.719366783625446, 9094266.001313177868724, 0.0 ], [ 796693.363200188381597, 9094215.985461110249162, 0.0 ], [ 796710.91689704998862, 9094202.586742118000984, 0.0 ], [ 796738.216674463357776, 9094162.560826562345028, 0.0 ], [ 796749.132121261674911, 9094145.886272305622697, 0.0 ], [ 796777.675336866523139, 9094126.880345029756427, 0.0 ], [ 796808.290397546021268, 9094087.938786398619413, 0.0 ], [ 796824.682029434712604, 9094065.693726789206266, 0.0 ], [ 796821.29989572102204, 9094054.648933243006468, 0.0 ], [ 796803.35331112309359, 9094009.392163587734103, 0.0 ], [ 796773.040233522304334, 9093928.80205493979156, 0.0 ], [ 796757.380586920771748, 9093895.704179637134075, 0.0 ], [ 796750.705329379416071, 9093886.894854433834553, 0.0 ], [ 796718.216717729810625, 9093810.746473543345928, 0.0 ], [ 796695.829996892949566, 9093761.092448722571135, 0.0 ], [ 796667.9003973423969, 9093707.048539655283093, 0.0 ], [ 796636.522037406684831, 9093631.999389257282019, 0.0 ], [ 796654.105111548444256, 9093623.027552891522646, 0.0 ], [ 796688.183425396680832, 9093607.304652290418744, 0.0 ], [ 796706.876549324020743, 9093599.432106085121632, 0.0 ], [ 796754.142120694974437, 9093576.980235340073705, 0.0 ], [ 796791.513493145117536, 9093559.021647568792105, 0.0 ], [ 796801.415075771859847, 9093555.635005258023739, 0.0 ], [ 796834.450023190816864, 9093548.773006431758404, 0.0 ], [ 796853.165373640833423, 9093544.220503661781549, 0.0 ], [ 796941.2362827276811, 9093522.601536834612489, 0.0 ], [ 796954.445802976726554, 9093519.192668076604605, 0.0 ], [ 796987.473311873385683, 9093511.223830230534077, 0.0 ], [ 797047.016375333885662, 9093510.82438144646585, 0.0 ], [ 797056.940221725031734, 9093510.757798841223121, 0.0 ], [ 797102.185996941057965, 9093515.987996144220233, 0.0 ], [ 797156.238147657830268, 9093518.945527588948607, 0.0 ], [ 797193.713417152059264, 9093516.480471309274435, 0.0 ], [ 797233.393995248014107, 9093514.000576926395297, 0.0 ], [ 797251.028984496369958, 9093512.775421956554055, 0.0 ], [ 797292.92230746964924, 9093511.387376824393868, 0.0 ], [ 797300.648300161818042, 9093512.442258520051837, 0.0 ], [ 797365.734495616517961, 9093516.432205159217119, 0.0 ], [ 797439.597348364302889, 9093513.722528079524636, 0.0 ], [ 797516.745882269693539, 9093507.670358477160335, 0.0 ], [ 797680.95946682523936, 9093494.39204765111208, 0.0 ], [ 797703.534724748809822, 9093407.912651816383004, 0.0 ], [ 797713.034237581421621, 9093344.763317044824362, 0.0 ], [ 797719.16641380591318, 9093272.782393030822277, 0.0 ], [ 797718.742092706845142, 9093209.69967826642096, 0.0 ], [ 797718.436861152295023, 9093164.324391359463334, 0.0 ], [ 797747.053550469689071, 9093156.384525377303362, 0.0 ], [ 797857.124573144363239, 9093126.867959128692746, 0.0 ], [ 797908.859570588218048, 9093113.238428710028529, 0.0 ], [ 797966.197207888122648, 9093112.852413393557072, 0.0 ], [ 797976.128484612330794, 9093113.892422564327717, 0.0 ], [ 798141.600112302112393, 9093123.845641488209367, 0.0 ], [ 798339.890626215492375, 9093094.839993879199028, 0.0 ], [ 798350.924585556844249, 9093095.872487053275108, 0.0 ], [ 798364.133999056415632, 9093092.463120700791478, 0.0 ], [ 798444.522857897449285, 9093076.42627090215683, 0.0 ] ] ] ] } },
{ "type": "Feature", "properties": { "OBJECTID": 15871.0, "NAMOBJ": "Tegalgede", "FCODE": "BA03070040", "REMARK": null, "METADATA": "TASWIL1000020221227_DATA_BATAS_DESAKELURAHAN", "SRS_ID": "SRGI 2013", "KDBBPS": null, "KDCBPS": null, "KDCPUM": "35.09.21", "KDEBPS": null, "KDEPUM": "35.09.21.1005", "KDPBPS": null, "KDPKAB": "35.09", "KDPPUM": "35", "LUASWH": 0.0, "TIPADM": 2, "WADMKC": "Sumbersari", "WADMKD": "Tegalgede", "WADMKK": "Jember", "WADMPR": "Jawa Timur", "WIADKC": null, "WIADKK": null, "WIADPR": null, "WIADKD": null, "UUPP": "Data RBI Skala 1:25.000", "luas": 2.8381011744971758, "SHAPE_Leng": 0.086309983949442004, "SHAPE_Area": 0.00023286315055500001, "area_kecam": null, "area_kec_1": null, "area_kec_2": null, "area_kec_3": null, "area_kec_4": null, "area_kec_5": null, "area_kec_6": null, "area_kec_7": null, "area_kec_8": null, "area_kec_9": null, "area_kec10": null, "area_kec11": null, "area_kec12": null, "area_kec13": null, "area_kec14": null, "area_kec15": null, "area_kec16": null, "area_kec17": null, "area_kec18": null, "area_kec19": null, "area_kec20": null, "area_kec21": null, "area_kec22": null, "area_kec23": null, "area_kec24": null, "area_kec25": null, "area_kec26": null, "area_kec27": null, "jml_pop": null, "luas_ha": 284, "kepadatan": 34, "Data_Penduduk_Jember_3Kecamatan_Kecamatan": "Sumbersari", "Data_Penduduk_Jember_3Kecamatan_Laki_Laki": "4797", "Data_Penduduk_Jember_3Kecamatan_Perempuan": "4936", "Data_Penduduk_Jember_3Kecamatan_Jumlah_Total": "9733" }, "geometry": { "type": "MultiPolygon", "coordinates": [ [ [ [ 801576.209168523550034, 9097128.203117622062564, 0.0 ], [ 801569.517541229724884, 9097117.180567419156432, 0.0 ], [ 801565.061389585956931, 9097110.570030136033893, 0.0 ], [ 801559.50985926843714, 9097105.07349655777216, 0.0 ], [ 801544.003433520905674, 9097095.217756932601333, 0.0 ], [ 801535.136186698684469, 9097088.637140721082687, 0.0 ], [ 801524.055996046867222, 9097080.964740017428994, 0.0 ], [ 801516.283912351587787, 9097073.269788660109043, 0.0 ], [ 801510.717602252261713, 9097065.560096807777882, 0.0 ], [ 801497.371600261656567, 9097049.048710320144892, 0.0 ], [ 801494.025745457969606, 9097043.537434684112668, 0.0 ], [ 801460.567234735237435, 9096988.42467886954546, 0.0 ], [ 801456.103601516457275, 9096980.707175923511386, 0.0 ], [ 801443.815486488630995, 9096957.548073563724756, 0.0 ], [ 801434.87333118414972, 9096939.899914357811213, 0.0 ], [ 801409.081675030523911, 9096876.987724965438247, 0.0 ], [ 801383.500333412317559, 9096845.063990706577897, 0.0 ], [ 801366.808712459169328, 9096823.041547648608685, 0.0 ], [ 801337.889110296266153, 9096786.713496677577496, 0.0 ], [ 801320.087256536120549, 9096763.591344028711319, 0.0 ], [ 801296.756590847624466, 9096738.293536774814129, 0.0 ], [ 801287.844424410257488, 9096725.072346741333604, 0.0 ], [ 801275.586342460243031, 9096706.340103190392256, 0.0 ], [ 801264.348706911318004, 9096675.425895217806101, 0.0 ], [ 801249.735260850284249, 9096634.573671, 0.0 ], [ 801224.994163481751457, 9096563.906958103179932, 0.0 ], [ 801208.197753897402436, 9096526.38991953805089, 0.0 ], [ 801199.285530944354832, 9096513.168844733387232, 0.0 ], [ 801191.588734012329951, 9096516.541292956098914, 0.0 ], [ 801132.077316434821114, 9096522.47879821062088, 0.0 ], [ 801074.711529601714574, 9096519.547241751104593, 0.0 ], [ 801054.854179172776639, 9096518.575024215504527, 0.0 ], [ 800986.483476470340975, 9096519.038303956389427, 0.0 ], [ 800910.415674713090993, 9096522.873983217403293, 0.0 ], [ 800903.799138742731884, 9096522.918799757957458, 0.0 ], [ 800864.115030498243868, 9096525.401153683662415, 0.0 ], [ 800832.179975370061584, 9096532.25815162062645, 0.0 ], [ 800809.052084871102124, 9096536.841913351789117, 0.0 ], [ 800795.841499532107264, 9096540.251726470887661, 0.0 ], [ 800715.490087145124562, 9096562.931336848065257, 0.0 ], [ 800671.454889916582033, 9096574.297363445162773, 0.0 ], [ 800663.743092651013285, 9096575.45634126290679, 0.0 ], [ 800642.828300460940227, 9096581.131812989711761, 0.0 ], [ 800591.073581909760833, 9096592.549873979762197, 0.0 ], [ 800566.850406157318503, 9096598.247466364875436, 0.0 ], [ 800553.639808194944635, 9096601.657416647300124, 0.0 ], [ 800541.53185196290724, 9096605.059571407735348, 0.0 ], [ 800532.739868389675394, 9096609.546299358829856, 0.0 ], [ 800512.912735927733593, 9096613.000770030543208, 0.0 ], [ 800493.130514854448847, 9096623.095641231164336, 0.0 ], [ 800417.160167029360309, 9096641.317950962111354, 0.0 ], [ 800394.047321467194706, 9096648.114931605756283, 0.0 ], [ 800354.437818726524711, 9096661.664125213399529, 0.0 ], [ 800320.357146801892668, 9096677.389253057539463, 0.0 ], [ 800227.7257562718587, 9096678.015257040038705, 0.0 ], [ 800199.099012550432235, 9096684.849376941099763, 0.0 ], [ 800177.081425899639726, 9096690.532264677807689, 0.0 ], [ 800150.742200638633221, 9096709.525504859164357, 0.0 ], [ 800147.493854512227699, 9096718.401709238067269, 0.0 ], [ 800130.006872911006212, 9096741.762262158095837, 0.0 ], [ 800077.537890636362135, 9096810.736891854554415, 0.0 ], [ 800062.226342448964715, 9096829.655796572566032, 0.0 ], [ 800028.167910481221043, 9096848.701037853956223, 0.0 ], [ 799962.181793252471834, 9096875.709220191463828, 0.0 ], [ 799935.797788363648579, 9096888.061880886554718, 0.0 ], [ 799877.538473258027807, 9096916.124533472582698, 0.0 ], [ 799828.026394531712867, 9096933.060277694836259, 0.0 ], [ 799770.772487922571599, 9096946.727610932663083, 0.0 ], [ 799746.549262642045505, 9096952.425099480897188, 0.0 ], [ 799730.037649797275662, 9096956.963568452745676, 0.0 ], [ 799720.135115164332092, 9096960.350683871656656, 0.0 ], [ 799676.12195287249051, 9096975.035583963617682, 0.0 ], [ 799588.095359599916264, 9097004.405226036906242, 0.0 ], [ 799518.778285946464166, 9097028.114479774609208, 0.0 ], [ 799480.263924117200077, 9097040.548755884170532, 0.0 ], [ 799452.77701104641892, 9097052.908482635393739, 0.0 ], [ 799380.211099836044014, 9097085.49367624334991, 0.0 ], [ 799329.618407564121298, 9097105.756454158574343, 0.0 ], [ 799264.652582429582253, 9097120.581712741404772, 0.0 ], [ 799175.515466894488782, 9097148.851273309439421, 0.0 ], [ 799123.804914758773521, 9097166.907404566183686, 0.0 ], [ 799113.902549242367968, 9097170.2945740763098, 0.0 ], [ 799065.500352376606315, 9097188.328583154827356, 0.0 ], [ 798972.019154088804498, 9097226.587601933628321, 0.0 ], [ 798932.43139293952845, 9097243.45538074709475, 0.0 ], [ 798923.653975294204429, 9097250.154807541519403, 0.0 ], [ 798887.382010906934738, 9097268.107122641056776, 0.0 ], [ 798868.694641882902943, 9097277.087027104571462, 0.0 ], [ 798854.403421408496797, 9097283.823718702420592, 0.0 ], [ 798860.051002325257286, 9097303.707647664472461, 0.0 ], [ 798872.374872800661251, 9097332.400876199826598, 0.0 ], [ 798905.725374461850151, 9097372.020487956702709, 0.0 ], [ 798951.161782694747671, 9097404.918211061507463, 0.0 ], [ 798978.783029420883395, 9097412.479918621480465, 0.0 ], [ 799003.02147769019939, 9097408.996629958972335, 0.0 ], [ 799038.168470668140799, 9097387.731380362063646, 0.0 ], [ 799059.016861041542143, 9097372.096568264067173, 0.0 ], [ 799086.585802405374125, 9097371.911145834252238, 0.0 ], [ 799120.85321569419466, 9097383.855158779770136, 0.0 ], [ 799141.947276812978089, 9097404.741964107379317, 0.0 ], [ 799146.663573273574002, 9097450.087969809770584, 0.0 ], [ 799168.986782034626231, 9097489.78166838362813, 0.0 ], [ 799195.50550295272842, 9097497.350688304752111, 0.0 ], [ 799220.846678420202807, 9097493.859872603788972, 0.0 ], [ 799251.627325595356524, 9097479.264581022784114, 0.0 ], [ 799270.292538987705484, 9097466.964565189555287, 0.0 ], [ 799293.480200103367679, 9097471.235618714243174, 0.0 ], [ 799317.823218741454184, 9097483.246313188225031, 0.0 ], [ 799343.410224946914241, 9097516.277361465618014, 0.0 ], [ 799370.256692381575704, 9097572.542220879346132, 0.0 ], [ 799399.263832808705047, 9097622.151885762810707, 0.0 ], [ 799421.483153864741325, 9097646.351281985640526, 0.0 ], [ 799464.662629709579051, 9097671.516567403450608, 0.0 ], [ 799527.662391860736534, 9097692.121152322739363, 0.0 ], [ 799587.279158489196561, 9097701.680676488205791, 0.0 ], [ 799642.604262544540688, 9097728.977264465764165, 0.0 ], [ 799701.222872921149246, 9097754.038504056632519, 0.0 ], [ 799726.616565399104729, 9097758.294534232467413, 0.0 ], [ 799760.795309187378734, 9097756.957461811602116, 0.0 ], [ 799789.370452786097303, 9097742.3767752610147, 0.0 ], [ 799795.845401386730373, 9097721.304112888872623, 0.0 ], [ 799785.719142808811739, 9097691.489429526031017, 0.0 ], [ 799760.213598153437488, 9097670.632623692974448, 0.0 ], [ 799724.693398296134546, 9097636.561839152127504, 0.0 ], [ 799715.71471045142971, 9097613.379989236593246, 0.0 ], [ 799719.916985431220382, 9097582.361869655549526, 0.0 ], [ 799741.830836255801842, 9097561.185394566506147, 0.0 ], [ 799790.255732026766054, 9097546.470663085579872, 0.0 ], [ 799842.145727722207084, 9097554.975102784112096, 0.0 ], [ 799876.47347043978516, 9097575.772704817354679, 0.0 ], [ 799918.707347120856866, 9097624.186267077922821, 0.0 ], [ 799960.941090443520807, 9097672.599820073693991, 0.0 ], [ 799992.050221604295075, 9097706.700234595686197, 0.0 ], [ 799998.816162957111374, 9097728.79011357575655, 0.0 ], [ 799990.12816592049785, 9097748.770869540050626, 0.0 ], [ 799960.465294293710031, 9097765.572379404678941, 0.0 ], [ 799937.359059040667489, 9097773.475856551900506, 0.0 ], [ 799888.918852781062014, 9097785.977001007646322, 0.0 ], [ 799851.491506722988561, 9097796.190298691391945, 0.0 ], [ 799825.19636319950223, 9097821.823448520153761, 0.0 ], [ 799811.08397194207646, 9097855.121711177751422, 0.0 ], [ 799812.574443635181524, 9097912.664411867037416, 0.0 ], [ 799821.762221975950524, 9097966.834688574075699, 0.0 ], [ 799840.778004804509692, 9098006.550615480169654, 0.0 ], [ 799865.173499015741982, 9098026.308260601013899, 0.0 ], [ 799890.552468018140644, 9098028.350794062018394, 0.0 ], [ 799918.04004565672949, 9098015.990961110219359, 0.0 ], [ 799943.217601121985354, 9097988.151530966162682, 0.0 ], [ 799983.580413135583512, 9097922.579601865261793, 0.0 ], [ 800017.498150378814898, 9097882.506797730922699, 0.0 ], [ 800054.925474461633712, 9097872.293373119086027, 0.0 ], [ 800099.06675172096584, 9097876.42278759740293, 0.0 ], [ 800181.909791416255757, 9097895.785796001553535, 0.0 ], [ 800256.988756737438962, 9097908.560703456401825, 0.0 ], [ 800309.989789408165962, 9097918.164166843518615, 0.0 ], [ 800342.13481854274869, 9097942.296215288341045, 0.0 ], [ 800356.58310680591967, 9097958.800666280090809, 0.0 ], [ 800352.284014970529824, 9097975.431442147120833, 0.0 ], [ 800341.353250144748017, 9097989.893299719318748, 0.0 ], [ 800312.755574331036769, 9098001.154257539659739, 0.0 ], [ 800269.799132778891362, 9098009.19162461347878, 0.0 ], [ 800181.598545650951564, 9098013.107045894488692, 0.0 ], [ 800149.692374966922216, 9098024.39008792117238, 0.0 ], [ 800137.628788039903156, 9098034.432382060214877, 0.0 ], [ 800131.23599266691599, 9098067.679065652191639, 0.0 ], [ 800132.726901970105246, 9098125.221556482836604, 0.0 ], [ 800137.488957374822348, 9098177.208300042897463, 0.0 ], [ 800147.585622576996684, 9098202.595974305644631, 0.0 ], [ 800170.803957152413204, 9098211.293760389089584, 0.0 ], [ 800207.173699776409194, 9098207.728228902444243, 0.0 ], [ 800240.205204753787257, 9098199.757721798494458, 0.0 ], [ 800270.986435180297121, 9098185.16211261972785, 0.0 ], [ 800292.97496277501341, 9098175.052712867036462, 0.0 ], [ 800299.554377682041377, 9098169.474404439330101, 0.0 ], [ 800311.617989212274551, 9098159.431956421583891, 0.0 ], [ 800329.120649276999757, 9098138.284965610131621, 0.0 ], [ 800347.718723773024976, 9098116.02378579415381, 0.0 ], [ 800389.475381966447458, 9098093.606280397623777, 0.0 ], [ 800424.727223720867187, 9098087.834399634972215, 0.0 ], [ 800452.297108804574236, 9098087.648275023326278, 0.0 ], [ 800469.979129250627011, 9098093.062817960977554, 0.0 ], [ 800485.560297865536995, 9098113.986306319013238, 0.0 ], [ 800491.216128264553845, 9098134.977252040058374, 0.0 ], [ 800487.088901764480397, 9098177.062940526753664, 0.0 ], [ 800474.15423994557932, 9098221.421652659773827, 0.0 ], [ 800444.983877351973206, 9098311.268101405352354, 0.0 ], [ 800437.608006704249419, 9098362.22996099293232, 0.0 ], [ 800441.200117744505405, 9098404.263520976528525, 0.0 ], [ 800454.642841913038865, 9098435.16276110522449, 0.0 ], [ 800473.502480599214323, 9098451.637246241793036, 0.0 ], [ 800500.059330302057788, 9098464.739422081038356, 0.0 ], [ 800551.958110178355128, 9098474.350165858864784, 0.0 ], [ 800577.374959726817906, 9098481.926076676696539, 0.0 ], [ 800607.285115677397698, 9098501.646058958023787, 0.0 ], [ 800631.741069703595713, 9098530.257586570456624, 0.0 ], [ 800650.757758131367154, 9098569.973476471379399, 0.0 ], [ 800666.54825441678986, 9098621.885799443349242, 0.0 ], [ 800674.379990630317479, 9098638.434709958732128, 0.0 ], [ 800695.400576900225133, 9098648.253847923129797, 0.0 ], [ 800710.712932765716687, 9098629.335079304873943, 0.0 ], [ 800754.399011792847887, 9098565.953197821974754, 0.0 ], [ 800802.451412745052949, 9098495.900785936042666, 0.0 ], [ 800839.640145996818319, 9098450.27122944034636, 0.0 ], [ 800881.389715864672326, 9098426.746771533042192, 0.0 ], [ 800906.626909911632538, 9098407.760802958160639, 0.0 ], [ 800947.221130660967901, 9098376.496215086430311, 0.0 ], [ 801018.446785191306844, 9098308.500628087669611, 0.0 ], [ 801100.6927378422115, 9098239.323182003572583, 0.0 ], [ 801278.200220233295113, 9098068.783169748261571, 0.0 ], [ 801356.05677301727701, 9098002.955275131389499, 0.0 ], [ 801409.756347665330395, 9097952.785906767472625, 0.0 ], [ 801423.920252542826347, 9097927.233726413920522, 0.0 ], [ 801430.327196039957926, 9097896.200012331828475, 0.0 ], [ 801411.497111254138872, 9097884.15296777151525, 0.0 ], [ 801392.577181454747915, 9097858.824905768036842, 0.0 ], [ 801371.384103153366596, 9097823.551109116524458, 0.0 ], [ 801323.589248094242066, 9097768.535242227837443, 0.0 ], [ 801300.258469672175124, 9097743.237049847841263, 0.0 ], [ 801281.368522795615718, 9097722.335833756253123, 0.0 ], [ 801270.220818994799629, 9097704.702777165919542, 0.0 ], [ 801262.298812625114806, 9097674.872835224494338, 0.0 ], [ 801261.076207334292121, 9097657.172671692445874, 0.0 ], [ 801282.532113203429617, 9097568.484008712694049, 0.0 ], [ 801285.750503282994032, 9097555.180705519393086, 0.0 ], [ 801312.547799306106754, 9097440.999584682285786, 0.0 ], [ 801375.90911857271567, 9097352.026817347854376, 0.0 ], [ 801405.429125603288412, 9097314.195770554244518, 0.0 ], [ 801441.498221679474227, 9097266.359146453440189, 0.0 ], [ 801464.461469988338649, 9097237.4266024120152, 0.0 ], [ 801519.120018342975527, 9097166.221361801028252, 0.0 ], [ 801576.209168523550034, 9097128.203117622062564, 0.0 ] ] ] ] } },
{ "type": "Feature", "properties": { "OBJECTID": 16339.0, "NAMOBJ": "Wirolegi", "FCODE": "BA03070040", "REMARK": null, "METADATA": "TASWIL1000020221227_DATA_BATAS_DESAKELURAHAN", "SRS_ID": "SRGI 2013", "KDBBPS": null, "KDCBPS": null, "KDCPUM": "35.09.21", "KDEBPS": null, "KDEPUM": "35.09.21.1006", "KDPBPS": null, "KDPKAB": "35.09", "KDPPUM": "35", "LUASWH": 0.0, "TIPADM": 2, "WADMKC": "Sumbersari", "WADMKD": "Wirolegi", "WADMKK": "Jember", "WADMPR": "Jawa Timur", "WIADKC": null, "WIADKK": null, "WIADPR": null, "WIADKD": null, "UUPP": "Data RBI Skala 1:25.000", "luas": 6.8629522697108722, "SHAPE_Leng": 0.13344299275468999, "SHAPE_Area": 0.00056314321083199997, "area_kecam": null, "area_kec_1": null, "area_kec_2": null, "area_kec_3": null, "area_kec_4": null, "area_kec_5": null, "area_kec_6": null, "area_kec_7": null, "area_kec_8": null, "area_kec_9": null, "area_kec10": null, "area_kec11": null, "area_kec12": null, "area_kec13": null, "area_kec14": null, "area_kec15": null, "area_kec16": null, "area_kec17": null, "area_kec18": null, "area_kec19": null, "area_kec20": null, "area_kec21": null, "area_kec22": null, "area_kec23": null, "area_kec24": null, "area_kec25": null, "area_kec26": null, "area_kec27": null, "jml_pop": null, "luas_ha": 686, "kepadatan": 21, "Data_Penduduk_Jember_3Kecamatan_Kecamatan": "Sumbersari", "Data_Penduduk_Jember_3Kecamatan_Laki_Laki": "7292", "Data_Penduduk_Jember_3Kecamatan_Perempuan": "7302", "Data_Penduduk_Jember_3Kecamatan_Jumlah_Total": "14594" }, "geometry": { "type": "MultiPolygon", "coordinates": [ [ [ [ 803182.312804416986182, 9096050.985192196443677, 0.0 ], [ 803187.5040292465128, 9096004.900635935366154, 0.0 ], [ 803194.7924411627464, 9095941.762762371450663, 0.0 ], [ 803194.452305014478043, 9095891.958576146513224, 0.0 ], [ 803194.066794977989048, 9095835.51384549960494, 0.0 ], [ 803177.351574896369129, 9095810.171517813578248, 0.0 ], [ 803167.328498042887077, 9095795.851571016013622, 0.0 ], [ 803144.857756228419021, 9095735.130677822977304, 0.0 ], [ 803121.23067197855562, 9095664.740864221006632, 0.0 ], [ 803114.463470707414672, 9095644.579861106351018, 0.0 ], [ 803081.810951395425946, 9095546.296938799321651, 0.0 ], [ 803069.438826420344412, 9095510.963579522445798, 0.0 ], [ 803069.667409932473674, 9095503.871142074465752, 0.0 ], [ 803071.258804601849988, 9095454.503717580810189, 0.0 ], [ 803072.763364985119551, 9095430.367902521044016, 0.0 ], [ 803076.228230991633609, 9095374.779700351879001, 0.0 ], [ 803077.996075094677508, 9095339.482358243316412, 0.0 ], [ 803080.109968656674027, 9095297.276720518246293, 0.0 ], [ 803088.485789416008629, 9095231.917587194591761, 0.0 ], [ 803095.611204341985285, 9095198.369022864848375, 0.0 ], [ 803102.375367716420442, 9095166.521208604797721, 0.0 ], [ 803104.563810862135142, 9095160.349300255998969, 0.0 ], [ 803111.030795894097537, 9095142.112275561317801, 0.0 ], [ 803139.854358928278089, 9095083.250447105616331, 0.0 ], [ 803142.571646539610811, 9095077.701815539970994, 0.0 ], [ 803181.891846793121658, 9095022.092483550310135, 0.0 ], [ 803245.336026835255325, 9094946.39577604457736, 0.0 ], [ 803298.938632184755988, 9094882.940798899158835, 0.0 ], [ 803342.654331818572246, 9094825.087838839739561, 0.0 ], [ 803379.836809723055921, 9094779.45419935695827, 0.0 ], [ 803409.330376082798466, 9094738.300365749746561, 0.0 ], [ 803420.175914193503559, 9094711.662449348717928, 0.0 ], [ 803421.853097749873996, 9094705.614089380949736, 0.0 ], [ 803424.48079823050648, 9094696.137848248705268, 0.0 ], [ 803430.93053807830438, 9094671.743852017447352, 0.0 ], [ 803414.215359140071087, 9094646.401590559631586, 0.0 ], [ 803388.375379658071324, 9094576.849328918382525, 0.0 ], [ 803384.908125209854916, 9094553.630023546516895, 0.0 ], [ 803370.095456462586299, 9094484.002301776781678, 0.0 ], [ 803384.226349328877404, 9094454.021678160876036, 0.0 ], [ 803403.772343284683302, 9094409.615203527733684, 0.0 ], [ 803404.579683407442644, 9094366.444029126316309, 0.0 ], [ 803396.907859474886209, 9094299.283986657857895, 0.0 ], [ 803396.368005421245471, 9094294.557723954319954, 0.0 ], [ 803387.121901386417449, 9094232.639366257935762, 0.0 ], [ 803383.480323349009268, 9094183.964929506182671, 0.0 ], [ 803383.35907383961603, 9094166.256666401401162, 0.0 ], [ 803380.744409348350018, 9094106.506752964109182, 0.0 ], [ 803386.212518490036018, 9094099.828440751880407, 0.0 ], [ 803387.163767422083765, 9094077.685697004199028, 0.0 ], [ 803388.982655066647567, 9094021.225632002577186, 0.0 ], [ 803389.751752803102136, 9093972.520877389237285, 0.0 ], [ 803390.627172655542381, 9093939.310423277318478, 0.0 ], [ 803404.522632964537479, 9093875.020280426368117, 0.0 ], [ 803403.336529690073803, 9093862.853475749492645, 0.0 ], [ 803393.730543493758887, 9093743.36468394100666, 0.0 ], [ 803392.487192010041326, 9093727.896653160452843, 0.0 ], [ 803393.400455502793193, 9093700.220324201509356, 0.0 ], [ 803393.833930969703943, 9093694.004377320408821, 0.0 ], [ 803395.408720792271197, 9093671.429127218201756, 0.0 ], [ 803405.912426411989145, 9093594.987363118678331, 0.0 ], [ 803418.591225533746183, 9093514.103206062689424, 0.0 ], [ 803422.058494278462604, 9093490.399310555309057, 0.0 ], [ 803427.018420803477056, 9093456.491221863776445, 0.0 ], [ 803431.186486276215874, 9093421.044553749263287, 0.0 ], [ 803432.069308752194047, 9093388.941058343276381, 0.0 ], [ 803444.039353316882625, 9093365.616062853485346, 0.0 ], [ 803429.755224120337516, 9093363.510420409962535, 0.0 ], [ 803429.689324012026191, 9093363.500800117850304, 0.0 ], [ 803415.26321838865988, 9093350.317822597920895, 0.0 ], [ 803387.422706836368889, 9093310.663406454026699, 0.0 ], [ 803378.472183635574766, 9093291.90883818641305, 0.0 ], [ 803362.677934605162591, 9093239.996932841837406, 0.0 ], [ 803355.985914915218018, 9093228.974791465327144, 0.0 ], [ 803286.402441996498965, 9093212.849473355337977, 0.0 ], [ 803215.625376055715606, 9093183.450513932853937, 0.0 ], [ 803180.233098630560562, 9093168.197513563558459, 0.0 ], [ 803151.472159435157664, 9093155.112801967188716, 0.0 ], [ 803122.688502074568532, 9093138.707914378494024, 0.0 ], [ 803076.651717534405179, 9093085.54183934442699, 0.0 ], [ 803055.996589171001688, 9093061.688109066337347, 0.0 ], [ 803035.905686893267557, 9093026.407578647136688, 0.0 ], [ 803017.466077137505636, 9092994.529029732570052, 0.0 ], [ 803013.586704043904319, 9092987.822101395577192, 0.0 ], [ 803008.020226819207892, 9092980.11266765743494, 0.0 ], [ 802994.606120446580462, 9092953.641111066564918, 0.0 ], [ 802969.968152074143291, 9092898.469386130571365, 0.0 ], [ 802894.394738058326766, 9092812.655787071213126, 0.0 ], [ 802869.870588131947443, 9092774.085409903898835, 0.0 ], [ 802864.29657826339826, 9092765.26910799369216, 0.0 ], [ 802858.752877943683416, 9092760.879829604178667, 0.0 ], [ 802811.163470194907859, 9092735.749034309759736, 0.0 ], [ 802743.657784999348223, 9092700.793252935633063, 0.0 ], [ 802713.781774740316905, 9092676.150014931336045, 0.0 ], [ 802710.388164429808967, 9092673.35077135823667, 0.0 ], [ 802703.673654779559001, 9092659.008236335590482, 0.0 ], [ 802703.529748522792943, 9092637.979786943644285, 0.0 ], [ 802701.18994318600744, 9092618.089663196355104, 0.0 ], [ 802701.188067561131902, 9092618.073405971750617, 0.0 ], [ 802698.763067268999293, 9092585.992613526061177, 0.0 ], [ 802675.417593151330948, 9092558.482110265642405, 0.0 ], [ 802617.654589966638014, 9092496.896354904398322, 0.0 ], [ 802567.617989201331511, 9092436.364297822117805, 0.0 ], [ 802558.728497251169756, 9092426.463980585336685, 0.0 ], [ 802515.383756864117458, 9092376.954289784654975, 0.0 ], [ 802495.452377733774483, 9092364.915786670520902, 0.0 ], [ 802474.47156172664836, 9092360.632089955732226, 0.0 ], [ 802440.319222102174535, 9092365.292911320924759, 0.0 ], [ 802427.972155177383684, 9092371.298208678141236, 0.0 ], [ 802417.238947795820422, 9092376.518697433173656, 0.0 ], [ 802383.162285871803761, 9092392.246990418061614, 0.0 ], [ 802364.424435264663771, 9092393.482032775878906, 0.0 ], [ 802352.249825005885214, 9092386.924455374479294, 0.0 ], [ 802340.007004284649156, 9092370.406109990552068, 0.0 ], [ 802315.42301698634401, 9092322.981646195054054, 0.0 ], [ 802313.073916519875638, 9092301.968332225456834, 0.0 ], [ 802321.630353818647563, 9092263.171707393601537, 0.0 ], [ 802347.549291186034679, 9092183.304715553298593, 0.0 ], [ 802357.926212179241702, 9092161.646091843023896, 0.0 ], [ 802372.554685277747922, 9092131.113801071420312, 0.0 ], [ 802391.065194251947105, 9092096.676369324326515, 0.0 ], [ 802443.530869251466356, 9092028.802250357344747, 0.0 ], [ 802513.563107722904533, 9091949.739952675998211, 0.0 ], [ 802520.027532186242752, 9091927.559599917382002, 0.0 ], [ 802513.305547400610521, 9091912.110225049778819, 0.0 ], [ 802498.872565124533139, 9091897.820656009018421, 0.0 ], [ 802480.089576223050244, 9091892.415187440812588, 0.0 ], [ 802433.70239552622661, 9091881.664596937596798, 0.0 ], [ 802410.508709199959412, 9091876.289286991581321, 0.0 ], [ 802367.467402380192652, 9091871.049763854593039, 0.0 ], [ 802323.316007210407406, 9091864.710992570966482, 0.0 ], [ 802289.027826879872009, 9091849.450290022417903, 0.0 ], [ 802223.729230892611668, 9091814.479090515524149, 0.0 ], [ 802200.528182170586661, 9091807.997049422934651, 0.0 ], [ 802164.110492912353948, 9091803.818865902721882, 0.0 ], [ 802115.601520666154101, 9091805.257329845800996, 0.0 ], [ 802038.453973952215165, 9091811.318693622946739, 0.0 ], [ 802015.381570231169462, 9091823.651194971054792, 0.0 ], [ 801983.77506387559697, 9091840.942247439175844, 0.0 ], [ 801939.578654715092853, 9091865.120797574520111, 0.0 ], [ 801919.715861558681354, 9091863.042897749692202, 0.0 ], [ 801900.825738910119981, 9091856.16711787879467, 0.0 ], [ 801889.868648618808948, 9091852.178794257342815, 0.0 ], [ 801799.194583412725478, 9091815.166818318888545, 0.0 ], [ 801688.605232279049233, 9091768.329711755737662, 0.0 ], [ 801660.872916506952606, 9091744.169476959854364, 0.0 ], [ 801577.593063256237656, 9091659.514410289004445, 0.0 ], [ 801537.603437132551335, 9091616.622250776737928, 0.0 ], [ 801516.246301972074434, 9091596.197408862411976, 0.0 ], [ 801501.443228154908866, 9091562.456897635012865, 0.0 ], [ 801499.790704157203436, 9091551.012162884697318, 0.0 ], [ 801499.655909630004317, 9091531.261073742061853, 0.0 ], [ 801496.38095620716922, 9091512.716905755922198, 0.0 ], [ 801480.361170936841518, 9091472.137395475059748, 0.0 ], [ 801468.072216439875774, 9091459.185078935697675, 0.0 ], [ 801445.901224703644402, 9091439.979616055265069, 0.0 ], [ 801424.083348546293564, 9091414.846061620861292, 0.0 ], [ 801403.324787632329389, 9091371.928689859807491, 0.0 ], [ 801396.852891201851889, 9091346.295401996001601, 0.0 ], [ 801401.378790877992287, 9091317.426941843703389, 0.0 ], [ 801404.481356334872544, 9091253.014685487374663, 0.0 ], [ 801383.755189886433072, 9091214.837630584836006, 0.0 ], [ 801353.662235969211906, 9091188.180500356480479, 0.0 ], [ 801328.790515902685001, 9091176.8941088039428, 0.0 ], [ 801298.891570227220654, 9091178.678288143128157, 0.0 ], [ 801262.798376397695392, 9091195.516056373715401, 0.0 ], [ 801192.245197437820025, 9091237.871109951287508, 0.0 ], [ 801162.098168546683155, 9091260.988783212378621, 0.0 ], [ 801143.05135148903355, 9091295.881847441196442, 0.0 ], [ 801121.316908246371895, 9091340.669138099998236, 0.0 ], [ 801103.552920434623957, 9091390.564748398959637, 0.0 ], [ 801083.39925206056796, 9091409.383142909035087, 0.0 ], [ 801010.416476731654257, 9091439.810002565383911, 0.0 ], [ 800980.705791829735972, 9091448.866793369874358, 0.0 ], [ 800946.524259910336696, 9091449.099680561572313, 0.0 ], [ 800917.818187264958397, 9091443.76117043569684, 0.0 ], [ 800938.326179332565516, 9091458.846826676279306, 0.0 ], [ 800959.246092309011146, 9091467.790072595700622, 0.0 ], [ 800966.307658791658469, 9091466.364779636263847, 0.0 ], [ 800973.308348243823275, 9091470.13330290466547, 0.0 ], [ 800988.672557615209371, 9091491.62380462884903, 0.0 ], [ 801006.829602192854509, 9091537.850911071524024, 0.0 ], [ 801014.401867536827922, 9091570.982405174523592, 0.0 ], [ 801028.13816905207932, 9091584.583271192386746, 0.0 ], [ 801035.592239604098722, 9091600.33372213318944, 0.0 ], [ 801038.851843976648524, 9091616.639918932691216, 0.0 ], [ 801044.919085303321481, 9091642.134840168058872, 0.0 ], [ 801045.118313098559156, 9091642.972321171313524, 0.0 ], [ 801046.211212087888271, 9091648.413838235661387, 0.0 ], [ 801066.059384129475802, 9091676.284560278058052, 0.0 ], [ 801082.719708816730417, 9091693.879840912297368, 0.0 ], [ 801089.358155134599656, 9091697.154764410108328, 0.0 ], [ 801103.843167826300487, 9091719.19203944504261, 0.0 ], [ 801115.957101836102083, 9091716.895901819691062, 0.0 ], [ 801138.055120006087236, 9091723.386179497465491, 0.0 ], [ 801150.244485016562976, 9091732.157457292079926, 0.0 ], [ 801158.053360839257948, 9091745.385764267295599, 0.0 ], [ 801197.997426032088697, 9091781.637723442167044, 0.0 ], [ 801217.905304327607155, 9091790.3562714420259, 0.0 ], [ 801224.543780248379335, 9091793.631293259561062, 0.0 ], [ 801225.601266160374507, 9091786.983317840844393, 0.0 ], [ 801276.594268885441124, 9091826.480528328567743, 0.0 ], [ 801319.838790498208255, 9091861.60302777774632, 0.0 ], [ 801329.815404459252022, 9091869.28268258087337, 0.0 ], [ 801368.724903788650408, 9091915.502563919872046, 0.0 ], [ 801392.371119062998332, 9091987.283267214894295, 0.0 ], [ 801414.801301558036357, 9092042.469891035929322, 0.0 ], [ 801453.997911034151912, 9092130.746295997872949, 0.0 ], [ 801460.80238588526845, 9092158.36991273984313, 0.0 ], [ 801476.722526012570597, 9092229.096318509429693, 0.0 ], [ 801472.598678215639666, 9092271.182699030265212, 0.0 ], [ 801469.434090995229781, 9092292.233406081795692, 0.0 ], [ 801455.3034143979894, 9092322.213246608152986, 0.0 ], [ 801467.575888398103416, 9092343.158814009279013, 0.0 ], [ 801482.061340611195192, 9092365.195868672803044, 0.0 ], [ 801471.064950993284583, 9092369.698025584220886, 0.0 ], [ 801457.893425727961585, 9092378.642192335799336, 0.0 ], [ 801441.398833631305024, 9092385.395303815603256, 0.0 ], [ 801446.42055518203415, 9092475.011769156903028, 0.0 ], [ 801434.608233710518107, 9092521.577489841729403, 0.0 ], [ 801408.461051035556011, 9092568.241221254691482, 0.0 ], [ 801378.877613927004859, 9092596.112810676917434, 0.0 ], [ 801331.523471464519389, 9092605.289811396971345, 0.0 ], [ 801316.108932513045147, 9092608.714987402781844, 0.0 ], [ 801278.656236736802384, 9092614.504197042435408, 0.0 ], [ 801255.507768980693072, 9092615.76855037920177, 0.0 ], [ 801204.792772519169375, 9092617.220844022929668, 0.0 ], [ 801133.150062592001632, 9092622.135832380503416, 0.0 ], [ 801117.71281308028847, 9092622.240928897634149, 0.0 ], [ 801031.720376550219953, 9092625.039850013330579, 0.0 ], [ 800952.351471820496954, 9092628.900326428934932, 0.0 ], [ 800854.267512625083327, 9092637.315119594335556, 0.0 ], [ 800773.841173701919615, 9092647.823308711871505, 0.0 ], [ 800695.695395147893578, 9092669.383510375395417, 0.0 ], [ 800623.062984818709083, 9092690.906079521402717, 0.0 ], [ 800559.093670680886135, 9092689.127310184761882, 0.0 ], [ 800578.102171775652096, 9092727.735748700797558, 0.0 ], [ 800592.609594775363803, 9092753.093310099095106, 0.0 ], [ 800611.460097789647989, 9092768.460260964930058, 0.0 ], [ 800630.212952244328335, 9092769.439615266397595, 0.0 ], [ 800662.197626149049029, 9092770.329035168513656, 0.0 ], [ 800671.033955108607188, 9092772.482557665556669, 0.0 ], [ 800673.284407418686897, 9092779.107776772230864, 0.0 ], [ 800681.258675661403686, 9092816.684638310223818, 0.0 ], [ 800682.571948565309867, 9092847.665814874693751, 0.0 ], [ 800685.28873183298856, 9092922.9090271666646, 0.0 ], [ 800692.047622369835153, 9092943.892093224450946, 0.0 ], [ 800709.825652546714991, 9092963.693485988304019, 0.0 ], [ 800743.063594945007935, 9092986.710173908621073, 0.0 ], [ 800764.066918790107593, 9092994.314726496115327, 0.0 ], [ 800785.01007177028805, 9092993.065802194178104, 0.0 ], [ 800830.166762350592762, 9092985.011293809860945, 0.0 ], [ 800842.356408012565225, 9092993.782523699104786, 0.0 ], [ 800856.818899818812497, 9093012.499858051538467, 0.0 ], [ 800877.920097972964868, 9093034.491983629763126, 0.0 ], [ 800894.490344847552478, 9093038.806479213759303, 0.0 ], [ 800936.399197554099374, 9093039.628508545458317, 0.0 ], [ 800973.935241359984502, 9093046.013977343216538, 0.0 ], [ 800991.660657154978253, 9093058.068127457052469, 0.0 ], [ 801003.910478960373439, 9093075.693477753549814, 0.0 ], [ 801029.527876360574737, 9093113.150158790871501, 0.0 ], [ 801081.925577825983055, 9093196.909947482869029, 0.0 ], [ 801126.499515081057325, 9093265.22786339186132, 0.0 ], [ 801213.592760632745922, 9093424.013542989268899, 0.0 ], [ 801262.878901049029082, 9093536.571155389770865, 0.0 ], [ 801308.93998462613672, 9093661.325471568852663, 0.0 ], [ 801345.938712749863043, 9093750.72406011633575, 0.0 ], [ 801360.514680665102787, 9093786.042303027585149, 0.0 ], [ 801400.957294252235442, 9093895.339785801246762, 0.0 ], [ 801410.336126227397472, 9093977.178787358105183, 0.0 ], [ 801411.514016539556906, 9093988.238721480593085, 0.0 ], [ 801416.301314838463441, 9094043.545781750231981, 0.0 ], [ 801415.341794892796315, 9094064.581522967666388, 0.0 ], [ 801414.479933112161234, 9094100.004821302369237, 0.0 ], [ 801413.482754695229232, 9094115.506732683628798, 0.0 ], [ 801411.586045825504698, 9094160.898222021758556, 0.0 ], [ 801409.711900908616371, 9094209.609718266874552, 0.0 ], [ 801428.040123285027221, 9094310.203592645004392, 0.0 ], [ 801451.663801897317171, 9094378.664188968017697, 0.0 ], [ 801472.720417701057158, 9094394.016089541837573, 0.0 ], [ 801491.609607742750086, 9094414.916705721989274, 0.0 ], [ 801502.847500687930733, 9094445.830528177320957, 0.0 ], [ 801515.173054551007226, 9094474.523252019658685, 0.0 ], [ 801525.172736374544911, 9094485.523292422294617, 0.0 ], [ 801532.921826050267555, 9094489.897758515551686, 0.0 ], [ 801582.709477235097438, 9094513.908539550378919, 0.0 ], [ 801603.736305551370606, 9094524.833432015031576, 0.0 ], [ 801620.397592548164539, 9094542.428801760077477, 0.0 ], [ 801720.342326548881829, 9094644.680744888260961, 0.0 ], [ 801744.790295068174601, 9094672.184277646243572, 0.0 ], [ 801764.026242521125823, 9094743.995180107653141, 0.0 ], [ 801767.477411221596412, 9094765.000841813161969, 0.0 ], [ 801767.530138985603116, 9094772.747954254969954, 0.0 ], [ 801786.886523069348186, 9094862.266922185197473, 0.0 ], [ 801800.541002303361893, 9094924.154657578095794, 0.0 ], [ 801808.433418881846592, 9094949.557179600000381, 0.0 ], [ 801821.801584521541372, 9094969.388669095933437, 0.0 ], [ 801830.706239716848359, 9094981.502619743347168, 0.0 ], [ 801929.105116265709512, 9095018.464191433042288, 0.0 ], [ 801967.813487661536783, 9095034.802527504041791, 0.0 ], [ 801991.053667808882892, 9095046.819189760833979, 0.0 ], [ 802006.54461731412448, 9095054.461303684860468, 0.0 ], [ 802032.035500066936947, 9095073.103201448917389, 0.0 ], [ 802053.168247677618638, 9095099.522590154781938, 0.0 ], [ 802071.045585342450067, 9095133.711635049432516, 0.0 ], [ 802085.486613711924292, 9095149.10848549567163, 0.0 ], [ 802112.065241939621046, 9095165.529358120635152, 0.0 ], [ 802170.751204570755363, 9095200.547347793355584, 0.0 ], [ 802195.139737892663106, 9095219.196822172030807, 0.0 ], [ 802217.412970633246005, 9095251.142201717942953, 0.0 ], [ 802230.924772145226598, 9095292.001788822934031, 0.0 ], [ 802231.08310671010986, 9095315.243642784655094, 0.0 ], [ 802231.135883749229833, 9095322.990890502929688, 0.0 ], [ 802227.772828458808362, 9095476.859134605154395, 0.0 ], [ 802224.720895271631889, 9095514.511151576414704, 0.0 ], [ 802231.782178400550038, 9095579.764312647283077, 0.0 ], [ 802233.058169799624011, 9095605.212043395265937, 0.0 ], [ 802227.680115211289376, 9095625.171084010973573, 0.0 ], [ 802208.019122132100165, 9095652.974986612796783, 0.0 ], [ 802204.748677577357739, 9095658.531259048730135, 0.0 ], [ 802194.94443112926092, 9095676.306604083627462, 0.0 ], [ 802182.957402179017663, 9095697.417649479582906, 0.0 ], [ 802171.015565996989608, 9095725.168960381299257, 0.0 ], [ 802163.424424630356953, 9095744.036243552342057, 0.0 ], [ 802159.164118721033446, 9095766.201249569654465, 0.0 ], [ 802164.888807171490043, 9095797.152464248239994, 0.0 ], [ 802183.861557714175433, 9095830.227540794759989, 0.0 ], [ 802198.347986112581566, 9095852.26493302360177, 0.0 ], [ 802201.776894524227828, 9095869.950398264452815, 0.0 ], [ 802204.057737396331504, 9095881.002876400947571, 0.0 ], [ 802203.082955240388401, 9095899.825120437890291, 0.0 ], [ 802192.394450964638963, 9095949.70389592833817, 0.0 ], [ 802192.567714058794081, 9095975.159124800935388, 0.0 ], [ 802197.054057346191257, 9095986.196592193096876, 0.0 ], [ 802203.806174274999648, 9096006.073041182011366, 0.0 ], [ 802228.345501088071615, 9096046.857630478218198, 0.0 ], [ 802248.353412442374974, 9096069.964253522455692, 0.0 ], [ 802283.80724939214997, 9096094.072527829557657, 0.0 ], [ 802310.348649841849692, 9096104.959627237170935, 0.0 ], [ 802330.206037601456046, 9096105.931453628465533, 0.0 ], [ 802337.917691859416664, 9096104.771924646571279, 0.0 ], [ 802359.965306624770164, 9096103.515221787616611, 0.0 ], [ 802387.556856712792069, 9096106.647519271820784, 0.0 ], [ 802438.457101898733526, 9096131.757541490718722, 0.0 ], [ 802459.276298410492018, 9096145.846122058108449, 0.0 ], [ 802515.026653165463358, 9096129.975989412516356, 0.0 ], [ 802549.080898982705548, 9096121.316447677090764, 0.0 ], [ 802556.589522649534047, 9096144.9677027259022, 0.0 ], [ 802595.377782789408229, 9096137.8559445515275, 0.0 ], [ 802605.88070365448948, 9096138.83782903291285, 0.0 ], [ 802609.658416320569813, 9096154.086973812431097, 0.0 ], [ 802706.616261966759339, 9096134.464040204882622, 0.0 ], [ 802858.577187996357679, 9096099.718011546880007, 0.0 ], [ 802937.152788363164291, 9096078.113178059458733, 0.0 ], [ 802980.437649428844452, 9096114.688243985176086, 0.0 ], [ 803018.148928241687827, 9096158.742057230323553, 0.0 ], [ 803047.821597207104787, 9096157.671945041045547, 0.0 ], [ 803073.091768351616338, 9096135.344405582174659, 0.0 ], [ 803094.846521272440441, 9096127.06453713029623, 0.0 ], [ 803076.126241792924702, 9096075.507819784805179, 0.0 ], [ 803135.385945430258289, 9096059.30161745660007, 0.0 ], [ 803161.364548013778403, 9096056.950148791074753, 0.0 ], [ 803182.312804416986182, 9096050.985192196443677, 0.0 ] ] ] ] } }
]
}
